#
# There is insufficient memory for the Java Runtime Environment to continue.
# Native memory allocation (mmap) failed to map 156237824 bytes. Error detail: G1 virtual space
# Possible reasons:
#   The system is out of physical RAM or swap space
#   This process is running with CompressedOops enabled, and the Java Heap may be blocking the growth of the native heap
# Possible solutions:
#   Reduce memory load on the system
#   Increase physical memory or swap space
#   Check if swap backing store is full
#   Decrease Java heap size (-Xmx/-Xms)
#   Decrease number of Java threads
#   Decrease Java thread stack sizes (-Xss)
#   Set larger code cache with -XX:ReservedCodeCacheSize=
#   JVM is running with Unscaled Compressed Oops mode in which the Java heap is
#     placed in the first 4GB address space. The Java Heap base address is the
#     maximum limit for the native heap growth. Please use -XX:HeapBaseMinAddress
#     to set the Java Heap base and to place the Java Heap above 4GB virtual address.
# This output file may be truncated or incomplete.
#
#  Out of Memory Error (os_windows.cpp:3925), pid=5508, tid=23984
#
# JRE version: OpenJDK Runtime Environment (21.0.8) (build 21.0.8+-14196175-b1038.72)
# Java VM: OpenJDK 64-Bit Server VM (21.0.8+-14196175-b1038.72, mixed mode, tiered, compressed oops, compressed class ptrs, g1 gc, windows-amd64)
# No core dump will be written. Minidumps are not enabled by default on client versions of Windows
#

---------------  S U M M A R Y ------------

Command Line: --add-opens=java.base/java.util=ALL-UNNAMED --add-opens=java.base/java.lang=ALL-UNNAMED --add-opens=java.base/java.lang.invoke=ALL-UNNAMED --add-opens=java.prefs/java.util.prefs=ALL-UNNAMED --add-opens=java.base/java.nio.charset=ALL-UNNAMED --add-opens=java.base/java.net=ALL-UNNAMED --add-opens=java.base/java.util.concurrent.atomic=ALL-UNNAMED -Xmx2048m -Dfile.encoding=UTF-8 -Duser.country=US -Duser.language=en -Duser.variant -javaagent:D:\gradle\wrapper\dists\gradle-8.7-bin\bhs2wmbdwecv87pi65oeuq5iu\gradle-8.7\lib\agents\gradle-instrumentation-agent-8.7.jar org.gradle.launcher.daemon.bootstrap.GradleDaemon 8.7

Host: 12th Gen Intel(R) Core(TM) i5-1235U, 12 cores, 7G,  Windows 11 , 64 bit Build 26100 (10.0.26100.8246)
Time: Fri Apr 24 04:15:39 2026 India Standard Time elapsed time: 96.364774 seconds (0d 0h 1m 36s)

---------------  T H R E A D  ---------------

Current thread (0x0000020d54a1c820):  VMThread "VM Thread"          [id=23984, stack(0x00000093f5700000,0x00000093f5800000) (1024K)]

Stack: [0x00000093f5700000,0x00000093f5800000]
Native frames: (J=compiled Java code, j=interpreted, Vv=VM code, C=native code)
V  [jvm.dll+0x6d68d9]
V  [jvm.dll+0x866693]
V  [jvm.dll+0x868c4e]
V  [jvm.dll+0x869333]
V  [jvm.dll+0x280566]
V  [jvm.dll+0x6d3195]
V  [jvm.dll+0x6c69ea]
V  [jvm.dll+0x3586db]
V  [jvm.dll+0x360336]
V  [jvm.dll+0x3b23f6]
V  [jvm.dll+0x3b26c8]
V  [jvm.dll+0x32ae6c]
V  [jvm.dll+0x32aef7]
V  [jvm.dll+0x370d3c]
V  [jvm.dll+0x36f4ee]
V  [jvm.dll+0x32a5c1]
V  [jvm.dll+0x36ebf0]
V  [jvm.dll+0x86f0b8]
V  [jvm.dll+0x870434]
V  [jvm.dll+0x870970]
V  [jvm.dll+0x870c03]
V  [jvm.dll+0x80eac8]
V  [jvm.dll+0x6d512d]
C  [ucrtbase.dll+0x37b0]
C  [KERNEL32.DLL+0x2e8d7]
C  [ntdll.dll+0x8c3fc]

VM_Operation (0x00000093fbdfa060): G1CollectForAllocation, mode: safepoint, requested by thread 0x0000020d5bc14b60


---------------  P R O C E S S  ---------------

Threads class SMR info:
_java_thread_list=0x0000020d6677cc00, length=180, elements={
0x0000020d3a973f00, 0x0000020d54a640b0, 0x0000020d54a7de80, 0x0000020d54a7e4f0,
0x0000020d54a92000, 0x0000020d54a93a70, 0x0000020d54a944d0, 0x0000020d54a94f30,
0x0000020d54aa5cd0, 0x0000020d54ad6b90, 0x0000020d59128f00, 0x0000020d5aeddd10,
0x0000020d5aedd440, 0x0000020d5ad155a0, 0x0000020d5acea630, 0x0000020d5acbd6c0,
0x0000020d5abd8250, 0x0000020d5abd88e0, 0x0000020d5abdb040, 0x0000020d5abd8f70,
0x0000020d5abda320, 0x0000020d5abda9b0, 0x0000020d5abd9600, 0x0000020d5e56e990,
0x0000020d5e56cf50, 0x0000020d5e56c230, 0x0000020d5e56d5e0, 0x0000020d5e56e300,
0x0000020d5e56c8c0, 0x0000020d5e56bba0, 0x0000020d5e56dc70, 0x0000020d5e572b30,
0x0000020d5e5724a0, 0x0000020d5e570a60, 0x0000020d5e5710f0, 0x0000020d5e571e10,
0x0000020d5e56f6b0, 0x0000020d5e5731c0, 0x0000020d5e56fd40, 0x0000020d5e64d550,
0x0000020d5e64c830, 0x0000020d5e64e900, 0x0000020d5e64cec0, 0x0000020d5e64dbe0,
0x0000020d5e64e270, 0x0000020d5e64ef90, 0x0000020d5e64bb10, 0x0000020d5e64c1a0,
0x0000020d5e652aa0, 0x0000020d5e650340, 0x0000020d5e651060, 0x0000020d5e6516f0,
0x0000020d5e653130, 0x0000020d5e651d80, 0x0000020d5e652410, 0x0000020d5ae3f2a0,
0x0000020d5ae3ec10, 0x0000020d5ae3c4b0, 0x0000020d5ae3e580, 0x0000020d5ae3d860,
0x0000020d5ae3be20, 0x0000020d5ae3def0, 0x0000020d5ae3f930, 0x0000020d5ae3d1d0,
0x0000020d5ae3cb40, 0x0000020d5ae3ffc0, 0x0000020d5ae43440, 0x0000020d5ae40ce0,
0x0000020d5ae41a00, 0x0000020d5ae40650, 0x0000020d5ae42090, 0x0000020d5ae42db0,
0x0000020d5d607c90, 0x0000020d5d606f70, 0x0000020d5d605530, 0x0000020d5d608320,
0x0000020d5d609040, 0x0000020d5d607600, 0x0000020d5d605bc0, 0x0000020d5d60cb50,
0x0000020d5d60aa80, 0x0000020d5d6096d0, 0x0000020d5e6509d0, 0x0000020d605d0d20,
0x0000020d605d1a40, 0x0000020d5bc144d0, 0x0000020d5bc13120, 0x0000020d5bc11d70,
0x0000020d5bc14b60, 0x0000020d5bc13e40, 0x0000020d5bc15880, 0x0000020d5bc151f0,
0x0000020d5bc12400, 0x0000020d5bc15f10, 0x0000020d5bc137b0, 0x0000020d5bc12a90,
0x0000020d5bc19390, 0x0000020d5bc16c30, 0x0000020d5bc172c0, 0x0000020d5bc165a0,
0x0000020d5bc17fe0, 0x0000020d5bc17950, 0x0000020d5bc18670, 0x0000020d5bc18d00,
0x0000020d605d4830, 0x0000020d605d13b0, 0x0000020d605d2df0, 0x0000020d5908e1c0,
0x0000020d5908f570, 0x0000020d59091cd0, 0x0000020d59090290, 0x0000020d5908e850,
0x0000020d59093080, 0x0000020d590929f0, 0x0000020d59092360, 0x0000020d59094ac0,
0x0000020d59093da0, 0x0000020d59093710, 0x0000020d59095150, 0x0000020d5fd92f20,
0x0000020d5fd942d0, 0x0000020d5fd94960, 0x0000020d5fd94ff0, 0x0000020d5fd95680,
0x0000020d5fd95d10, 0x0000020d5fd963a0, 0x0000020d5fd93c40, 0x0000020d5fd96a30,
0x0000020d5fd935b0, 0x0000020d5fd99820, 0x0000020d5fd9a540, 0x0000020d5fd99eb0,
0x0000020d5fd99190, 0x0000020d5fd97750, 0x0000020d5fd970c0, 0x0000020d5fd98470,
0x0000020d5fd97de0, 0x0000020d5fd98b00, 0x0000020d605d3b10, 0x0000020d605d4ec0,
0x0000020d605d3480, 0x0000020d605d5550, 0x0000020d605d20d0, 0x0000020d605d5be0,
0x0000020d605d6900, 0x0000020d605d7620, 0x0000020d605d41a0, 0x0000020d605d8340,
0x0000020d605d7cb0, 0x0000020d605d6270, 0x0000020d59090920, 0x0000020d5908fc00,
0x0000020d59090fb0, 0x0000020d5908eee0, 0x0000020d5908db30, 0x0000020d59091640,
0x0000020d5d6089b0, 0x0000020d5dc40600, 0x0000020d5dc3f250, 0x0000020d5dc3f8e0,
0x0000020d5dc40c90, 0x0000020d5dc3d810, 0x0000020d5dc41320, 0x0000020d5dc3e530,
0x0000020d5dc3ff70, 0x0000020d5dc3dea0, 0x0000020d5dc42040, 0x0000020d5dc419b0,
0x0000020d5dc3ebc0, 0x0000020d5dc426d0, 0x0000020d5dc454c0, 0x0000020d5dc45b50,
0x0000020d5dc433f0, 0x0000020d5dc447a0, 0x0000020d5dc461e0, 0x0000020d5dc42d60,
0x0000020d5d1f3cb0, 0x0000020d5d87bd60, 0x0000020d5d879600, 0x0000020d5d87a320
}

Java Threads: ( => current thread )
  0x0000020d3a973f00 JavaThread "main"                              [_thread_blocked, id=12844, stack(0x00000093f5000000,0x00000093f5100000) (1024K)]
  0x0000020d54a640b0 JavaThread "Common-Cleaner"             daemon [_thread_blocked, id=6180, stack(0x00000093f5800000,0x00000093f5900000) (1024K)]
  0x0000020d54a7de80 JavaThread "Reference Handler"          daemon [_thread_blocked, id=21940, stack(0x00000093f5900000,0x00000093f5a00000) (1024K)]
  0x0000020d54a7e4f0 JavaThread "Finalizer"                  daemon [_thread_blocked, id=22400, stack(0x00000093f5a00000,0x00000093f5b00000) (1024K)]
  0x0000020d54a92000 JavaThread "Signal Dispatcher"          daemon [_thread_blocked, id=23888, stack(0x00000093f5b00000,0x00000093f5c00000) (1024K)]
  0x0000020d54a93a70 JavaThread "Attach Listener"            daemon [_thread_blocked, id=22296, stack(0x00000093f5c00000,0x00000093f5d00000) (1024K)]
  0x0000020d54a944d0 JavaThread "Service Thread"             daemon [_thread_blocked, id=15336, stack(0x00000093f5d00000,0x00000093f5e00000) (1024K)]
  0x0000020d54a94f30 JavaThread "Monitor Deflation Thread"   daemon [_thread_blocked, id=19048, stack(0x00000093f5e00000,0x00000093f5f00000) (1024K)]
  0x0000020d54aa5cd0 JavaThread "C2 CompilerThread0"         daemon [_thread_blocked, id=4444, stack(0x00000093f5f00000,0x00000093f6000000) (1024K)]
  0x0000020d54ad6b90 JavaThread "C1 CompilerThread0"         daemon [_thread_blocked, id=5336, stack(0x00000093f6000000,0x00000093f6100000) (1024K)]
  0x0000020d59128f00 JavaThread "Notification Thread"        daemon [_thread_blocked, id=19404, stack(0x00000093f6100000,0x00000093f6200000) (1024K)]
  0x0000020d5aeddd10 JavaThread "Daemon health stats"               [_thread_blocked, id=9956, stack(0x00000093f6700000,0x00000093f6800000) (1024K)]
  0x0000020d5aedd440 JavaThread "Incoming local TCP Connector on port 53946"        [_thread_in_native, id=20732, stack(0x00000093f6200000,0x00000093f6300000) (1024K)]
  0x0000020d5ad155a0 JavaThread "Daemon periodic checks"            [_thread_blocked, id=18348, stack(0x00000093f6800000,0x00000093f6900000) (1024K)]
  0x0000020d5acea630 JavaThread "Daemon"                            [_thread_blocked, id=20640, stack(0x00000093f6900000,0x00000093f6a00000) (1024K)]
  0x0000020d5acbd6c0 JavaThread "Handler for socket connection from /127.0.0.1:53946 to /127.0.0.1:53947"        [_thread_in_native, id=21348, stack(0x00000093f6a00000,0x00000093f6b00000) (1024K)]
  0x0000020d5abd8250 JavaThread "Cancel handler"                    [_thread_blocked, id=4020, stack(0x00000093f6b00000,0x00000093f6c00000) (1024K)]
  0x0000020d5abd88e0 JavaThread "Daemon worker"                     [_thread_blocked, id=5984, stack(0x00000093f6c00000,0x00000093f6d00000) (1024K)]
  0x0000020d5abdb040 JavaThread "Asynchronous log dispatcher for DefaultDaemonConnection: socket connection from /127.0.0.1:53946 to /127.0.0.1:53947"        [_thread_blocked, id=16612, stack(0x00000093f6d00000,0x00000093f6e00000) (1024K)]
  0x0000020d5abd8f70 JavaThread "Daemon client event forwarder"        [_thread_blocked, id=16052, stack(0x00000093f6f00000,0x00000093f7000000) (1024K)]
  0x0000020d5abda320 JavaThread "Cache worker for journal cache (D:\gradle\caches\journal-1)"        [_thread_blocked, id=15316, stack(0x00000093f7700000,0x00000093f7800000) (1024K)]
  0x0000020d5abda9b0 JavaThread "File lock request listener"        [_thread_in_native, id=2560, stack(0x00000093f7800000,0x00000093f7900000) (1024K)]
  0x0000020d5abd9600 JavaThread "Cache worker for file hash cache (D:\gradle\caches\8.7\fileHashes)"        [_thread_blocked, id=712, stack(0x00000093f7900000,0x00000093f7a00000) (1024K)]
  0x0000020d5e56e990 JavaThread "Cache worker for file hash cache (D:\Academic portal\sp\.gradle\8.7\fileHashes)"        [_thread_blocked, id=10232, stack(0x00000093f7b00000,0x00000093f7c00000) (1024K)]
  0x0000020d5e56cf50 JavaThread "File watcher server"        daemon [_thread_blocked, id=18864, stack(0x00000093f7a00000,0x00000093f7b00000) (1024K)]
  0x0000020d5e56c230 JavaThread "File watcher consumer"      daemon [_thread_blocked, id=21516, stack(0x00000093f7c00000,0x00000093f7d00000) (1024K)]
  0x0000020d5e56d5e0 JavaThread "Cache worker for checksums cache (D:\Academic portal\sp\.gradle\8.7\checksums)"        [_thread_blocked, id=24092, stack(0x00000093f7d00000,0x00000093f7e00000) (1024K)]
  0x0000020d5e56e300 JavaThread "Cache worker for cache directory md-supplier (D:\gradle\caches\8.7\md-supplier)"        [_thread_blocked, id=6392, stack(0x00000093f7f00000,0x00000093f8000000) (1024K)]
  0x0000020d5e56c8c0 JavaThread "Cache worker for cache directory md-rule (D:\gradle\caches\8.7\md-rule)"        [_thread_blocked, id=14984, stack(0x00000093f8000000,0x00000093f8100000) (1024K)]
  0x0000020d5e56bba0 JavaThread "Cache worker for file content cache (D:\gradle\caches\8.7\fileContent)"        [_thread_blocked, id=9796, stack(0x00000093f7e00000,0x00000093f7f00000) (1024K)]
  0x0000020d5e56dc70 JavaThread "jar transforms"                    [_thread_blocked, id=15168, stack(0x00000093f8200000,0x00000093f8300000) (1024K)]
  0x0000020d5e572b30 JavaThread "jar transforms Thread 2"           [_thread_blocked, id=21524, stack(0x00000093f8300000,0x00000093f8400000) (1024K)]
  0x0000020d5e5724a0 JavaThread "jar transforms Thread 3"           [_thread_blocked, id=7904, stack(0x00000093f8400000,0x00000093f8500000) (1024K)]
  0x0000020d5e570a60 JavaThread "jar transforms Thread 4"           [_thread_blocked, id=20804, stack(0x00000093f8500000,0x00000093f8600000) (1024K)]
  0x0000020d5e5710f0 JavaThread "jar transforms Thread 5"           [_thread_blocked, id=5792, stack(0x00000093f8600000,0x00000093f8700000) (1024K)]
  0x0000020d5e571e10 JavaThread "Unconstrained build operations"        [_thread_blocked, id=19264, stack(0x00000093f8100000,0x00000093f8200000) (1024K)]
  0x0000020d5e56f6b0 JavaThread "Unconstrained build operations Thread 2"        [_thread_blocked, id=13908, stack(0x00000093f8700000,0x00000093f8800000) (1024K)]
  0x0000020d5e5731c0 JavaThread "Unconstrained build operations Thread 3"        [_thread_blocked, id=19400, stack(0x00000093f8800000,0x00000093f8900000) (1024K)]
  0x0000020d5e56fd40 JavaThread "Unconstrained build operations Thread 4"        [_thread_blocked, id=4116, stack(0x00000093f8900000,0x00000093f8a00000) (1024K)]
  0x0000020d5e64d550 JavaThread "Unconstrained build operations Thread 5"        [_thread_blocked, id=18824, stack(0x00000093f8a00000,0x00000093f8b00000) (1024K)]
  0x0000020d5e64c830 JavaThread "jar transforms Thread 6"           [_thread_blocked, id=12752, stack(0x00000093f8c00000,0x00000093f8d00000) (1024K)]
  0x0000020d5e64e900 JavaThread "jar transforms Thread 7"           [_thread_blocked, id=24280, stack(0x00000093f8d00000,0x00000093f8e00000) (1024K)]
  0x0000020d5e64cec0 JavaThread "jar transforms Thread 8"           [_thread_blocked, id=11928, stack(0x00000093f8e00000,0x00000093f8f00000) (1024K)]
  0x0000020d5e64dbe0 JavaThread "jar transforms Thread 9"           [_thread_blocked, id=24104, stack(0x00000093f8f00000,0x00000093f9000000) (1024K)]
  0x0000020d5e64e270 JavaThread "jar transforms Thread 10"          [_thread_blocked, id=20492, stack(0x00000093f9000000,0x00000093f9100000) (1024K)]
  0x0000020d5e64ef90 JavaThread "jar transforms Thread 11"          [_thread_blocked, id=20600, stack(0x00000093f9100000,0x00000093f9200000) (1024K)]
  0x0000020d5e64bb10 JavaThread "jar transforms Thread 12"          [_thread_blocked, id=7020, stack(0x00000093f9200000,0x00000093f9300000) (1024K)]
  0x0000020d5e64c1a0 JavaThread "Cache worker for Build Output Cleanup Cache (D:\Academic portal\sp\.gradle\buildOutputCleanup)"        [_thread_blocked, id=23696, stack(0x00000093f9300000,0x00000093f9400000) (1024K)]
  0x0000020d5e652aa0 JavaThread "Unconstrained build operations Thread 6"        [_thread_blocked, id=21356, stack(0x00000093f9400000,0x00000093f9500000) (1024K)]
  0x0000020d5e650340 JavaThread "Unconstrained build operations Thread 7"        [_thread_blocked, id=20848, stack(0x00000093f9500000,0x00000093f9600000) (1024K)]
  0x0000020d5e651060 JavaThread "Unconstrained build operations Thread 8"        [_thread_blocked, id=3024, stack(0x00000093f9600000,0x00000093f9700000) (1024K)]
  0x0000020d5e6516f0 JavaThread "Unconstrained build operations Thread 9"        [_thread_blocked, id=22552, stack(0x00000093f9700000,0x00000093f9800000) (1024K)]
  0x0000020d5e653130 JavaThread "Unconstrained build operations Thread 10"        [_thread_blocked, id=9940, stack(0x00000093f9800000,0x00000093f9900000) (1024K)]
  0x0000020d5e651d80 JavaThread "Unconstrained build operations Thread 11"        [_thread_blocked, id=8156, stack(0x00000093f9900000,0x00000093f9a00000) (1024K)]
  0x0000020d5e652410 JavaThread "Unconstrained build operations Thread 12"        [_thread_blocked, id=18396, stack(0x00000093f9a00000,0x00000093f9b00000) (1024K)]
  0x0000020d5ae3f2a0 JavaThread "Unconstrained build operations Thread 13"        [_thread_blocked, id=17832, stack(0x00000093f9b00000,0x00000093f9c00000) (1024K)]
  0x0000020d5ae3ec10 JavaThread "Unconstrained build operations Thread 14"        [_thread_blocked, id=9756, stack(0x00000093f9c00000,0x00000093f9d00000) (1024K)]
  0x0000020d5ae3c4b0 JavaThread "Unconstrained build operations Thread 15"        [_thread_blocked, id=21560, stack(0x00000093f9d00000,0x00000093f9e00000) (1024K)]
  0x0000020d5ae3e580 JavaThread "Unconstrained build operations Thread 16"        [_thread_blocked, id=6680, stack(0x00000093f9e00000,0x00000093f9f00000) (1024K)]
  0x0000020d5ae3d860 JavaThread "Unconstrained build operations Thread 17"        [_thread_blocked, id=23024, stack(0x00000093f9f00000,0x00000093fa000000) (1024K)]
  0x0000020d5ae3be20 JavaThread "Unconstrained build operations Thread 18"        [_thread_blocked, id=19292, stack(0x00000093fa000000,0x00000093fa100000) (1024K)]
  0x0000020d5ae3def0 JavaThread "Unconstrained build operations Thread 19"        [_thread_blocked, id=11496, stack(0x00000093fa100000,0x00000093fa200000) (1024K)]
  0x0000020d5ae3f930 JavaThread "Unconstrained build operations Thread 20"        [_thread_blocked, id=18340, stack(0x00000093fa200000,0x00000093fa300000) (1024K)]
  0x0000020d5ae3d1d0 JavaThread "Unconstrained build operations Thread 21"        [_thread_blocked, id=7680, stack(0x00000093fa300000,0x00000093fa400000) (1024K)]
  0x0000020d5ae3cb40 JavaThread "Unconstrained build operations Thread 22"        [_thread_blocked, id=3060, stack(0x00000093fa400000,0x00000093fa500000) (1024K)]
  0x0000020d5ae3ffc0 JavaThread "Unconstrained build operations Thread 23"        [_thread_blocked, id=11936, stack(0x00000093fa500000,0x00000093fa600000) (1024K)]
  0x0000020d5ae43440 JavaThread "Unconstrained build operations Thread 24"        [_thread_blocked, id=8912, stack(0x00000093fa600000,0x00000093fa700000) (1024K)]
  0x0000020d5ae40ce0 JavaThread "Unconstrained build operations Thread 25"        [_thread_blocked, id=18796, stack(0x00000093fa700000,0x00000093fa800000) (1024K)]
  0x0000020d5ae41a00 JavaThread "Unconstrained build operations Thread 26"        [_thread_blocked, id=18272, stack(0x00000093fa800000,0x00000093fa900000) (1024K)]
  0x0000020d5ae40650 JavaThread "Unconstrained build operations Thread 27"        [_thread_blocked, id=22608, stack(0x00000093fa900000,0x00000093faa00000) (1024K)]
  0x0000020d5ae42090 JavaThread "build event listener"              [_thread_blocked, id=21012, stack(0x00000093faa00000,0x00000093fab00000) (1024K)]
  0x0000020d5ae42db0 JavaThread "Memory manager"                    [_thread_blocked, id=9512, stack(0x00000093fab00000,0x00000093fac00000) (1024K)]
  0x0000020d5d607c90 JavaThread "included builds"                   [_thread_blocked, id=3152, stack(0x00000093fad00000,0x00000093fae00000) (1024K)]
  0x0000020d5d606f70 JavaThread "Execution worker"                  [_thread_blocked, id=23028, stack(0x00000093fae00000,0x00000093faf00000) (1024K)]
  0x0000020d5d605530 JavaThread "Execution worker Thread 2"         [_thread_blocked, id=7400, stack(0x00000093faf00000,0x00000093fb000000) (1024K)]
  0x0000020d5d608320 JavaThread "Execution worker Thread 3"         [_thread_blocked, id=17224, stack(0x00000093fb000000,0x00000093fb100000) (1024K)]
  0x0000020d5d609040 JavaThread "Execution worker Thread 4"         [_thread_blocked, id=24492, stack(0x00000093fb100000,0x00000093fb200000) (1024K)]
  0x0000020d5d607600 JavaThread "Execution worker Thread 5"         [_thread_blocked, id=9908, stack(0x00000093fb200000,0x00000093fb300000) (1024K)]
  0x0000020d5d605bc0 JavaThread "Execution worker Thread 6"         [_thread_blocked, id=13080, stack(0x00000093fb300000,0x00000093fb400000) (1024K)]
  0x0000020d5d60cb50 JavaThread "Execution worker Thread 7"         [_thread_blocked, id=12776, stack(0x00000093fb400000,0x00000093fb500000) (1024K)]
  0x0000020d5d60aa80 JavaThread "Execution worker Thread 8"         [_thread_blocked, id=9896, stack(0x00000093fb500000,0x00000093fb600000) (1024K)]
  0x0000020d5d6096d0 JavaThread "Execution worker Thread 9"         [_thread_blocked, id=20760, stack(0x00000093fb600000,0x00000093fb700000) (1024K)]
  0x0000020d5e6509d0 JavaThread "Execution worker Thread 10"        [_thread_blocked, id=8244, stack(0x00000093fb700000,0x00000093fb800000) (1024K)]
  0x0000020d605d0d20 JavaThread "Execution worker Thread 11"        [_thread_blocked, id=23420, stack(0x00000093fb800000,0x00000093fb900000) (1024K)]
  0x0000020d605d1a40 JavaThread "Cache worker for execution history cache (D:\Academic portal\sp\.gradle\8.7\executionHistory)"        [_thread_blocked, id=8080, stack(0x00000093fb900000,0x00000093fba00000) (1024K)]
  0x0000020d5bc144d0 JavaThread "Unconstrained build operations Thread 28"        [_thread_blocked, id=3120, stack(0x00000093fba00000,0x00000093fbb00000) (1024K)]
  0x0000020d5bc13120 JavaThread "Unconstrained build operations Thread 29"        [_thread_blocked, id=20668, stack(0x00000093fbb00000,0x00000093fbc00000) (1024K)]
  0x0000020d5bc11d70 JavaThread "Unconstrained build operations Thread 30"        [_thread_blocked, id=21140, stack(0x00000093fbc00000,0x00000093fbd00000) (1024K)]
  0x0000020d5bc14b60 JavaThread "Unconstrained build operations Thread 31"        [_thread_blocked, id=18876, stack(0x00000093fbd00000,0x00000093fbe00000) (1024K)]
  0x0000020d5bc13e40 JavaThread "Unconstrained build operations Thread 32"        [_thread_blocked, id=23520, stack(0x00000093fbe00000,0x00000093fbf00000) (1024K)]
  0x0000020d5bc15880 JavaThread "Unconstrained build operations Thread 33"        [_thread_blocked, id=23376, stack(0x00000093fbf00000,0x00000093fc000000) (1024K)]
  0x0000020d5bc151f0 JavaThread "Unconstrained build operations Thread 34"        [_thread_blocked, id=2164, stack(0x00000093fc000000,0x00000093fc100000) (1024K)]
  0x0000020d5bc12400 JavaThread "Unconstrained build operations Thread 35"        [_thread_blocked, id=11004, stack(0x00000093fc100000,0x00000093fc200000) (1024K)]
  0x0000020d5bc15f10 JavaThread "Unconstrained build operations Thread 36"        [_thread_blocked, id=5404, stack(0x00000093fc200000,0x00000093fc300000) (1024K)]
  0x0000020d5bc137b0 JavaThread "Unconstrained build operations Thread 37"        [_thread_blocked, id=17436, stack(0x00000093fc300000,0x00000093fc400000) (1024K)]
  0x0000020d5bc12a90 JavaThread "Unconstrained build operations Thread 38"        [_thread_blocked, id=18464, stack(0x00000093fc400000,0x00000093fc500000) (1024K)]
  0x0000020d5bc19390 JavaThread "Unconstrained build operations Thread 39"        [_thread_blocked, id=21364, stack(0x00000093fac00000,0x00000093fad00000) (1024K)]
  0x0000020d5bc16c30 JavaThread "Unconstrained build operations Thread 40"        [_thread_blocked, id=21620, stack(0x00000093fc500000,0x00000093fc600000) (1024K)]
  0x0000020d5bc172c0 JavaThread "Unconstrained build operations Thread 41"        [_thread_blocked, id=21964, stack(0x00000093fc600000,0x00000093fc700000) (1024K)]
  0x0000020d5bc165a0 JavaThread "Unconstrained build operations Thread 42"        [_thread_blocked, id=21624, stack(0x00000093fc700000,0x00000093fc800000) (1024K)]
  0x0000020d5bc17fe0 JavaThread "Unconstrained build operations Thread 43"        [_thread_blocked, id=20472, stack(0x00000093fc800000,0x00000093fc900000) (1024K)]
  0x0000020d5bc17950 JavaThread "Unconstrained build operations Thread 44"        [_thread_blocked, id=21276, stack(0x00000093fc900000,0x00000093fca00000) (1024K)]
  0x0000020d5bc18670 JavaThread "Unconstrained build operations Thread 45"        [_thread_blocked, id=21320, stack(0x00000093fca00000,0x00000093fcb00000) (1024K)]
  0x0000020d5bc18d00 JavaThread "Unconstrained build operations Thread 46"        [_thread_blocked, id=21440, stack(0x00000093fcb00000,0x00000093fcc00000) (1024K)]
  0x0000020d605d4830 JavaThread "Unconstrained build operations Thread 47"        [_thread_blocked, id=17748, stack(0x00000093fcc00000,0x00000093fcd00000) (1024K)]
  0x0000020d605d13b0 JavaThread "Unconstrained build operations Thread 48"        [_thread_blocked, id=18192, stack(0x00000093fcd00000,0x00000093fce00000) (1024K)]
  0x0000020d605d2df0 JavaThread "Unconstrained build operations Thread 49"        [_thread_blocked, id=22544, stack(0x00000093fce00000,0x00000093fcf00000) (1024K)]
  0x0000020d5908e1c0 JavaThread "Unconstrained build operations Thread 50"        [_thread_blocked, id=23688, stack(0x00000093f8b00000,0x00000093f8c00000) (1024K)]
  0x0000020d5908f570 JavaThread "Unconstrained build operations Thread 51"        [_thread_blocked, id=7236, stack(0x00000093fcf00000,0x00000093fd000000) (1024K)]
  0x0000020d59091cd0 JavaThread "Unconstrained build operations Thread 52"        [_thread_blocked, id=10244, stack(0x00000093fd000000,0x00000093fd100000) (1024K)]
  0x0000020d59090290 JavaThread "Unconstrained build operations Thread 53"        [_thread_blocked, id=7440, stack(0x00000093fd100000,0x00000093fd200000) (1024K)]
  0x0000020d5908e850 JavaThread "Unconstrained build operations Thread 54"        [_thread_blocked, id=14348, stack(0x00000093fd200000,0x00000093fd300000) (1024K)]
  0x0000020d59093080 JavaThread "Unconstrained build operations Thread 55"        [_thread_blocked, id=7908, stack(0x00000093fd300000,0x00000093fd400000) (1024K)]
  0x0000020d590929f0 JavaThread "Unconstrained build operations Thread 56"        [_thread_blocked, id=12148, stack(0x00000093fd400000,0x00000093fd500000) (1024K)]
  0x0000020d59092360 JavaThread "Unconstrained build operations Thread 57"        [_thread_blocked, id=18820, stack(0x00000093fd500000,0x00000093fd600000) (1024K)]
  0x0000020d59094ac0 JavaThread "Unconstrained build operations Thread 58"        [_thread_blocked, id=15224, stack(0x00000093fd600000,0x00000093fd700000) (1024K)]
  0x0000020d59093da0 JavaThread "Unconstrained build operations Thread 59"        [_thread_blocked, id=12668, stack(0x00000093fd700000,0x00000093fd800000) (1024K)]
  0x0000020d59093710 JavaThread "Unconstrained build operations Thread 60"        [_thread_blocked, id=5952, stack(0x00000093fd800000,0x00000093fd900000) (1024K)]
  0x0000020d59095150 JavaThread "Unconstrained build operations Thread 61"        [_thread_blocked, id=14412, stack(0x00000093fda00000,0x00000093fdb00000) (1024K)]
  0x0000020d5fd92f20 JavaThread "Unconstrained build operations Thread 62"        [_thread_blocked, id=17688, stack(0x00000093fdb00000,0x00000093fdc00000) (1024K)]
  0x0000020d5fd942d0 JavaThread "Unconstrained build operations Thread 63"        [_thread_blocked, id=12116, stack(0x00000093fdc00000,0x00000093fdd00000) (1024K)]
  0x0000020d5fd94960 JavaThread "Unconstrained build operations Thread 64"        [_thread_blocked, id=24468, stack(0x00000093fdd00000,0x00000093fde00000) (1024K)]
  0x0000020d5fd94ff0 JavaThread "Unconstrained build operations Thread 65"        [_thread_blocked, id=7364, stack(0x00000093fde00000,0x00000093fdf00000) (1024K)]
  0x0000020d5fd95680 JavaThread "Unconstrained build operations Thread 66"        [_thread_blocked, id=24284, stack(0x00000093fdf00000,0x00000093fe000000) (1024K)]
  0x0000020d5fd95d10 JavaThread "Unconstrained build operations Thread 67"        [_thread_blocked, id=9016, stack(0x00000093fe000000,0x00000093fe100000) (1024K)]
  0x0000020d5fd963a0 JavaThread "Unconstrained build operations Thread 68"        [_thread_blocked, id=6624, stack(0x00000093fe100000,0x00000093fe200000) (1024K)]
  0x0000020d5fd93c40 JavaThread "Unconstrained build operations Thread 69"        [_thread_blocked, id=3924, stack(0x00000093fe200000,0x00000093fe300000) (1024K)]
  0x0000020d5fd96a30 JavaThread "Unconstrained build operations Thread 70"        [_thread_blocked, id=23496, stack(0x00000093fe300000,0x00000093fe400000) (1024K)]
  0x0000020d5fd935b0 JavaThread "Unconstrained build operations Thread 71"        [_thread_blocked, id=24112, stack(0x00000093fe400000,0x00000093fe500000) (1024K)]
  0x0000020d5fd99820 JavaThread "Unconstrained build operations Thread 72"        [_thread_blocked, id=21120, stack(0x00000093fe500000,0x00000093fe600000) (1024K)]
  0x0000020d5fd9a540 JavaThread "Unconstrained build operations Thread 73"        [_thread_blocked, id=18384, stack(0x00000093fe600000,0x00000093fe700000) (1024K)]
  0x0000020d5fd99eb0 JavaThread "Unconstrained build operations Thread 74"        [_thread_blocked, id=22792, stack(0x00000093fe700000,0x00000093fe800000) (1024K)]
  0x0000020d5fd99190 JavaThread "Unconstrained build operations Thread 75"        [_thread_blocked, id=18892, stack(0x00000093fe800000,0x00000093fe900000) (1024K)]
  0x0000020d5fd97750 JavaThread "Unconstrained build operations Thread 76"        [_thread_blocked, id=10984, stack(0x00000093fe900000,0x00000093fea00000) (1024K)]
  0x0000020d5fd970c0 JavaThread "Unconstrained build operations Thread 77"        [_thread_blocked, id=20484, stack(0x00000093fea00000,0x00000093feb00000) (1024K)]
  0x0000020d5fd98470 JavaThread "Unconstrained build operations Thread 78"        [_thread_blocked, id=7312, stack(0x00000093feb00000,0x00000093fec00000) (1024K)]
  0x0000020d5fd97de0 JavaThread "Unconstrained build operations Thread 79"        [_thread_blocked, id=5272, stack(0x00000093fec00000,0x00000093fed00000) (1024K)]
  0x0000020d5fd98b00 JavaThread "Unconstrained build operations Thread 80"        [_thread_blocked, id=1916, stack(0x00000093fed00000,0x00000093fee00000) (1024K)]
  0x0000020d605d3b10 JavaThread "Unconstrained build operations Thread 81"        [_thread_blocked, id=7012, stack(0x00000093fee00000,0x00000093fef00000) (1024K)]
  0x0000020d605d4ec0 JavaThread "Unconstrained build operations Thread 82"        [_thread_blocked, id=8544, stack(0x00000093fef00000,0x00000093ff000000) (1024K)]
  0x0000020d605d3480 JavaThread "Unconstrained build operations Thread 83"        [_thread_blocked, id=18420, stack(0x00000093ff000000,0x00000093ff100000) (1024K)]
  0x0000020d605d5550 JavaThread "Unconstrained build operations Thread 84"        [_thread_blocked, id=5616, stack(0x00000093ff100000,0x00000093ff200000) (1024K)]
  0x0000020d605d20d0 JavaThread "Unconstrained build operations Thread 85"        [_thread_blocked, id=7832, stack(0x00000093ff200000,0x00000093ff300000) (1024K)]
  0x0000020d605d5be0 JavaThread "Unconstrained build operations Thread 86"        [_thread_blocked, id=3636, stack(0x00000093ff300000,0x00000093ff400000) (1024K)]
  0x0000020d605d6900 JavaThread "Unconstrained build operations Thread 87"        [_thread_blocked, id=9692, stack(0x00000093ff400000,0x00000093ff500000) (1024K)]
  0x0000020d605d7620 JavaThread "Unconstrained build operations Thread 88"        [_thread_blocked, id=23932, stack(0x00000093ff500000,0x00000093ff600000) (1024K)]
  0x0000020d605d41a0 JavaThread "Unconstrained build operations Thread 89"        [_thread_blocked, id=17028, stack(0x00000093ff600000,0x00000093ff700000) (1024K)]
  0x0000020d605d8340 JavaThread "Unconstrained build operations Thread 90"        [_thread_blocked, id=15836, stack(0x00000093ff700000,0x00000093ff800000) (1024K)]
  0x0000020d605d7cb0 JavaThread "Unconstrained build operations Thread 91"        [_thread_blocked, id=15240, stack(0x00000093ff800000,0x00000093ff900000) (1024K)]
  0x0000020d605d6270 JavaThread "Unconstrained build operations Thread 92"        [_thread_blocked, id=1932, stack(0x00000093ff900000,0x00000093ffa00000) (1024K)]
  0x0000020d59090920 JavaThread "Unconstrained build operations Thread 93"        [_thread_blocked, id=4728, stack(0x00000093ffa00000,0x00000093ffb00000) (1024K)]
  0x0000020d5908fc00 JavaThread "Unconstrained build operations Thread 94"        [_thread_blocked, id=5168, stack(0x00000093ffb00000,0x00000093ffc00000) (1024K)]
  0x0000020d59090fb0 JavaThread "Unconstrained build operations Thread 95"        [_thread_blocked, id=22252, stack(0x00000093ffc00000,0x00000093ffd00000) (1024K)]
  0x0000020d5908eee0 JavaThread "Unconstrained build operations Thread 96"        [_thread_blocked, id=14936, stack(0x00000093ffd00000,0x00000093ffe00000) (1024K)]
  0x0000020d5908db30 JavaThread "Unconstrained build operations Thread 97"        [_thread_blocked, id=15380, stack(0x00000093ffe00000,0x00000093fff00000) (1024K)]
  0x0000020d59091640 JavaThread "Unconstrained build operations Thread 98"        [_thread_blocked, id=14168, stack(0x00000093fff00000,0x0000009400000000) (1024K)]
  0x0000020d5d6089b0 JavaThread "Unconstrained build operations Thread 99"        [_thread_blocked, id=22148, stack(0x0000009380000000,0x0000009380100000) (1024K)]
  0x0000020d5dc40600 JavaThread "Unconstrained build operations Thread 100"        [_thread_blocked, id=4968, stack(0x0000009380100000,0x0000009380200000) (1024K)]
  0x0000020d5dc3f250 JavaThread "Unconstrained build operations Thread 101"        [_thread_blocked, id=17276, stack(0x0000009380200000,0x0000009380300000) (1024K)]
  0x0000020d5dc3f8e0 JavaThread "Unconstrained build operations Thread 102"        [_thread_blocked, id=4060, stack(0x0000009380300000,0x0000009380400000) (1024K)]
  0x0000020d5dc40c90 JavaThread "Unconstrained build operations Thread 103"        [_thread_blocked, id=8844, stack(0x0000009380400000,0x0000009380500000) (1024K)]
  0x0000020d5dc3d810 JavaThread "Unconstrained build operations Thread 104"        [_thread_blocked, id=18388, stack(0x0000009380500000,0x0000009380600000) (1024K)]
  0x0000020d5dc41320 JavaThread "Unconstrained build operations Thread 105"        [_thread_blocked, id=20776, stack(0x0000009380600000,0x0000009380700000) (1024K)]
  0x0000020d5dc3e530 JavaThread "Unconstrained build operations Thread 106"        [_thread_blocked, id=7484, stack(0x0000009380700000,0x0000009380800000) (1024K)]
  0x0000020d5dc3ff70 JavaThread "Unconstrained build operations Thread 107"        [_thread_blocked, id=23408, stack(0x0000009380800000,0x0000009380900000) (1024K)]
  0x0000020d5dc3dea0 JavaThread "Unconstrained build operations Thread 108"        [_thread_blocked, id=11116, stack(0x0000009380900000,0x0000009380a00000) (1024K)]
  0x0000020d5dc42040 JavaThread "Unconstrained build operations Thread 109"        [_thread_blocked, id=20956, stack(0x0000009380a00000,0x0000009380b00000) (1024K)]
  0x0000020d5dc419b0 JavaThread "Unconstrained build operations Thread 110"        [_thread_blocked, id=9200, stack(0x0000009380b00000,0x0000009380c00000) (1024K)]
  0x0000020d5dc3ebc0 JavaThread "Unconstrained build operations Thread 111"        [_thread_blocked, id=17444, stack(0x0000009380c00000,0x0000009380d00000) (1024K)]
  0x0000020d5dc426d0 JavaThread "Unconstrained build operations Thread 112"        [_thread_blocked, id=17516, stack(0x0000009380d00000,0x0000009380e00000) (1024K)]
  0x0000020d5dc454c0 JavaThread "Unconstrained build operations Thread 113"        [_thread_blocked, id=3796, stack(0x0000009380e00000,0x0000009380f00000) (1024K)]
  0x0000020d5dc45b50 JavaThread "Unconstrained build operations Thread 114"        [_thread_blocked, id=21408, stack(0x0000009380f00000,0x0000009381000000) (1024K)]
  0x0000020d5dc433f0 JavaThread "Unconstrained build operations Thread 115"        [_thread_blocked, id=19916, stack(0x0000009381000000,0x0000009381100000) (1024K)]
  0x0000020d5dc447a0 JavaThread "Unconstrained build operations Thread 116"        [_thread_blocked, id=13292, stack(0x0000009381100000,0x0000009381200000) (1024K)]
  0x0000020d5dc461e0 JavaThread "Unconstrained build operations Thread 117"        [_thread_blocked, id=4052, stack(0x0000009381200000,0x0000009381300000) (1024K)]
  0x0000020d5dc42d60 JavaThread "Unconstrained build operations Thread 118"        [_thread_blocked, id=23640, stack(0x0000009381300000,0x0000009381400000) (1024K)]
  0x0000020d5d1f3cb0 JavaThread "C2 CompilerThread1"         daemon [_thread_blocked, id=8664, stack(0x0000009381400000,0x0000009381500000) (1024K)]
  0x0000020d5d87bd60 JavaThread "WorkerExecutor Queue"              [_thread_blocked, id=19096, stack(0x0000009381500000,0x0000009381600000) (1024K)]
  0x0000020d5d879600 JavaThread "Unconstrained build operations Thread 119"        [_thread_blocked, id=7740, stack(0x0000009381600000,0x0000009381700000) (1024K)]
  0x0000020d5d87a320 JavaThread "Unconstrained build operations Thread 120"        [_thread_blocked, id=9944, stack(0x0000009381700000,0x0000009381800000) (1024K)]
Total: 180

Other Threads:
=>0x0000020d54a1c820 VMThread "VM Thread"                           [id=23984, stack(0x00000093f5700000,0x00000093f5800000) (1024K)]
  0x0000020d54862d20 WatcherThread "VM Periodic Task Thread"        [id=19036, stack(0x00000093f5600000,0x00000093f5700000) (1024K)]
  0x0000020d3cdc23a0 WorkerThread "GC Thread#0"                     [id=21684, stack(0x00000093f5100000,0x00000093f5200000) (1024K)]
  0x0000020d59a3fb80 WorkerThread "GC Thread#1"                     [id=23240, stack(0x00000093f6300000,0x00000093f6400000) (1024K)]
  0x0000020d59c08b80 WorkerThread "GC Thread#2"                     [id=16712, stack(0x00000093f6400000,0x00000093f6500000) (1024K)]
  0x0000020d59c0d060 WorkerThread "GC Thread#3"                     [id=1468, stack(0x00000093f6500000,0x00000093f6600000) (1024K)]
  0x0000020d59c0d400 WorkerThread "GC Thread#4"                     [id=17480, stack(0x00000093f6600000,0x00000093f6700000) (1024K)]
  0x0000020d5ad59c60 WorkerThread "GC Thread#5"                     [id=7848, stack(0x00000093f7000000,0x00000093f7100000) (1024K)]
  0x0000020d5ad598c0 WorkerThread "GC Thread#6"                     [id=19376, stack(0x00000093f7100000,0x00000093f7200000) (1024K)]
  0x0000020d5ad58300 WorkerThread "GC Thread#7"                     [id=14612, stack(0x00000093f7200000,0x00000093f7300000) (1024K)]
  0x0000020d5ad586a0 WorkerThread "GC Thread#8"                     [id=16332, stack(0x00000093f7300000,0x00000093f7400000) (1024K)]
  0x0000020d5ad58a40 WorkerThread "GC Thread#9"                     [id=13780, stack(0x00000093f7400000,0x00000093f7500000) (1024K)]
  0x0000020d3ce12010 ConcurrentGCThread "G1 Main Marker"            [id=1900, stack(0x00000093f5200000,0x00000093f5300000) (1024K)]
  0x0000020d3ce131c0 WorkerThread "G1 Conc#0"                       [id=4416, stack(0x00000093f5300000,0x00000093f5400000) (1024K)]
  0x0000020d5ad59180 WorkerThread "G1 Conc#1"                       [id=19408, stack(0x00000093f7500000,0x00000093f7600000) (1024K)]
  0x0000020d5ad58de0 WorkerThread "G1 Conc#2"                       [id=9892, stack(0x00000093f7600000,0x00000093f7700000) (1024K)]
  0x0000020d54716a30 ConcurrentGCThread "G1 Refine#0"               [id=11732, stack(0x00000093f5400000,0x00000093f5500000) (1024K)]
  0x0000020d54718260 ConcurrentGCThread "G1 Service"                [id=18248, stack(0x00000093f5500000,0x00000093f5600000) (1024K)]
Total: 18

Threads with active compile tasks:
C2 CompilerThread0  96504 25430       4       com.android.tools.r8.ir.optimize.F::a (321 bytes)
C2 CompilerThread1  96504 25427       4       com.android.tools.r8.ir.optimize.d0::a (1596 bytes)
Total: 2

VM state: at safepoint (normal execution)

VM Mutex/Monitor currently owned by a thread:  ([mutex/lock_event])
[0x00007ff826e885b8] Threads_lock - owner thread: 0x0000020d54a1c820
[0x00007ff826e886b8] Heap_lock - owner thread: 0x0000020d5bc14b60

Heap address: 0x0000000080000000, size: 2048 MB, Compressed Oops mode: 32-bit

CDS archive(s) not mapped
Compressed class space mapped at: 0x0000000100000000-0x0000000140000000, reserved size: 1073741824
Narrow klass base: 0x0000000000000000, Narrow klass shift: 3, Narrow klass range: 0x140000000

GC Precious Log:
 CardTable entry size: 512
 Card Set container configuration: InlinePtr #cards 5 size 8 Array Of Cards #cards 12 size 40 Howl #buckets 4 coarsen threshold 1843 Howl Bitmap #cards 512 size 80 coarsen threshold 460 Card regions per heap region 1 cards per card region 2048
 CPUs: 12 total, 12 available
 Memory: 7863M
 Large Page Support: Disabled
 NUMA Support: Disabled
 Compressed Oops: Enabled (32-bit)
 Heap Region Size: 1M
 Heap Min Capacity: 8M
 Heap Initial Capacity: 124M
 Heap Max Capacity: 2G
 Pre-touch: Disabled
 Parallel Workers: 10
 Concurrent Workers: 3
 Concurrent Refinement Workers: 10
 Periodic GC: Disabled

Heap:
 garbage-first heap   total 774144K, used 310272K [0x0000000080000000, 0x0000000100000000)
  region size 1024K, 26 young (26624K), 26 survivors (26624K)
 Metaspace       used 128863K, committed 130944K, reserved 1179648K
  class space    used 18190K, committed 19200K, reserved 1048576K

Heap Regions: E=young(eden), S=young(survivor), O=old, HS=humongous(starts), HC=humongous(continues), CS=collection set, F=free, TAMS=top-at-mark-start, PB=parsable bottom
|   0|0x0000000080000000, 0x0000000080100000, 0x0000000080100000|100%|HS|  |TAMS 0x0000000080000000| PB 0x0000000080000000| Complete 
|   1|0x0000000080100000, 0x0000000080200000, 0x0000000080200000|100%|HC|  |TAMS 0x0000000080100000| PB 0x0000000080100000| Complete 
|   2|0x0000000080200000, 0x0000000080300000, 0x0000000080300000|100%|HC|  |TAMS 0x0000000080200000| PB 0x0000000080200000| Complete 
|   3|0x0000000080300000, 0x0000000080400000, 0x0000000080400000|100%|HC|  |TAMS 0x0000000080300000| PB 0x0000000080300000| Complete 
|   4|0x0000000080400000, 0x0000000080500000, 0x0000000080500000|100%| O|  |TAMS 0x0000000080400000| PB 0x0000000080400000| Untracked 
|   5|0x0000000080500000, 0x0000000080600000, 0x0000000080600000|100%| O|  |TAMS 0x0000000080500000| PB 0x0000000080500000| Untracked 
|   6|0x0000000080600000, 0x0000000080700000, 0x0000000080700000|100%| O|  |TAMS 0x0000000080600000| PB 0x0000000080600000| Untracked 
|   7|0x0000000080700000, 0x0000000080800000, 0x0000000080800000|100%| O|  |TAMS 0x0000000080700000| PB 0x0000000080700000| Untracked 
|   8|0x0000000080800000, 0x0000000080900000, 0x0000000080900000|100%| O|  |TAMS 0x0000000080800000| PB 0x0000000080800000| Untracked 
|   9|0x0000000080900000, 0x0000000080a00000, 0x0000000080a00000|100%| O|  |TAMS 0x0000000080900000| PB 0x0000000080900000| Untracked 
|  10|0x0000000080a00000, 0x0000000080b00000, 0x0000000080b00000|100%| O|  |TAMS 0x0000000080a00000| PB 0x0000000080a00000| Untracked 
|  11|0x0000000080b00000, 0x0000000080c00000, 0x0000000080c00000|100%| O|  |TAMS 0x0000000080b00000| PB 0x0000000080b00000| Untracked 
|  12|0x0000000080c00000, 0x0000000080d00000, 0x0000000080d00000|100%| O|  |TAMS 0x0000000080c00000| PB 0x0000000080c00000| Untracked 
|  13|0x0000000080d00000, 0x0000000080e00000, 0x0000000080e00000|100%| O|  |TAMS 0x0000000080d00000| PB 0x0000000080d00000| Untracked 
|  14|0x0000000080e00000, 0x0000000080f00000, 0x0000000080f00000|100%| O|  |TAMS 0x0000000080e00000| PB 0x0000000080e00000| Untracked 
|  15|0x0000000080f00000, 0x0000000081000000, 0x0000000081000000|100%| O|  |TAMS 0x0000000080f00000| PB 0x0000000080f00000| Untracked 
|  16|0x0000000081000000, 0x0000000081100000, 0x0000000081100000|100%| O|  |TAMS 0x0000000081000000| PB 0x0000000081000000| Untracked 
|  17|0x0000000081100000, 0x0000000081200000, 0x0000000081200000|100%| O|  |TAMS 0x0000000081100000| PB 0x0000000081100000| Untracked 
|  18|0x0000000081200000, 0x0000000081300000, 0x0000000081300000|100%| O|  |TAMS 0x0000000081200000| PB 0x0000000081200000| Untracked 
|  19|0x0000000081300000, 0x0000000081400000, 0x0000000081400000|100%| O|  |TAMS 0x0000000081300000| PB 0x0000000081300000| Untracked 
|  20|0x0000000081400000, 0x0000000081500000, 0x0000000081500000|100%| O|  |TAMS 0x0000000081400000| PB 0x0000000081400000| Untracked 
|  21|0x0000000081500000, 0x0000000081600000, 0x0000000081600000|100%| O|  |TAMS 0x0000000081500000| PB 0x0000000081500000| Untracked 
|  22|0x0000000081600000, 0x0000000081700000, 0x0000000081700000|100%| O|  |TAMS 0x0000000081600000| PB 0x0000000081600000| Untracked 
|  23|0x0000000081700000, 0x0000000081800000, 0x0000000081800000|100%| O|  |TAMS 0x0000000081700000| PB 0x0000000081700000| Untracked 
|  24|0x0000000081800000, 0x0000000081900000, 0x0000000081900000|100%| O|  |TAMS 0x0000000081800000| PB 0x0000000081800000| Untracked 
|  25|0x0000000081900000, 0x0000000081a00000, 0x0000000081a00000|100%| O|  |TAMS 0x0000000081900000| PB 0x0000000081900000| Untracked 
|  26|0x0000000081a00000, 0x0000000081b00000, 0x0000000081b00000|100%| O|  |TAMS 0x0000000081a00000| PB 0x0000000081a00000| Untracked 
|  27|0x0000000081b00000, 0x0000000081c00000, 0x0000000081c00000|100%| O|  |TAMS 0x0000000081b00000| PB 0x0000000081b00000| Untracked 
|  28|0x0000000081c00000, 0x0000000081d00000, 0x0000000081d00000|100%| O|  |TAMS 0x0000000081c00000| PB 0x0000000081c00000| Untracked 
|  29|0x0000000081d00000, 0x0000000081e00000, 0x0000000081e00000|100%| O|  |TAMS 0x0000000081d00000| PB 0x0000000081d00000| Untracked 
|  30|0x0000000081e00000, 0x0000000081f00000, 0x0000000081f00000|100%| O|  |TAMS 0x0000000081e00000| PB 0x0000000081e00000| Untracked 
|  31|0x0000000081f00000, 0x0000000082000000, 0x0000000082000000|100%|HS|  |TAMS 0x0000000081f00000| PB 0x0000000081f00000| Complete 
|  32|0x0000000082000000, 0x0000000082100000, 0x0000000082100000|100%|HC|  |TAMS 0x0000000082000000| PB 0x0000000082000000| Complete 
|  33|0x0000000082100000, 0x0000000082200000, 0x0000000082200000|100%| O|  |TAMS 0x0000000082100000| PB 0x0000000082100000| Untracked 
|  34|0x0000000082200000, 0x0000000082300000, 0x0000000082300000|100%| O|  |TAMS 0x0000000082200000| PB 0x0000000082200000| Untracked 
|  35|0x0000000082300000, 0x0000000082400000, 0x0000000082400000|100%| O|  |TAMS 0x0000000082300000| PB 0x0000000082300000| Untracked 
|  36|0x0000000082400000, 0x0000000082500000, 0x0000000082500000|100%| O|  |TAMS 0x0000000082400000| PB 0x0000000082400000| Untracked 
|  37|0x0000000082500000, 0x0000000082600000, 0x0000000082600000|100%| O|  |TAMS 0x0000000082500000| PB 0x0000000082500000| Untracked 
|  38|0x0000000082600000, 0x0000000082700000, 0x0000000082700000|100%| O|  |TAMS 0x0000000082600000| PB 0x0000000082600000| Untracked 
|  39|0x0000000082700000, 0x0000000082800000, 0x0000000082800000|100%|HS|  |TAMS 0x0000000082700000| PB 0x0000000082700000| Complete 
|  40|0x0000000082800000, 0x0000000082900000, 0x0000000082900000|100%|HS|  |TAMS 0x0000000082800000| PB 0x0000000082800000| Complete 
|  41|0x0000000082900000, 0x0000000082a00000, 0x0000000082a00000|100%|HS|  |TAMS 0x0000000082900000| PB 0x0000000082900000| Complete 
|  42|0x0000000082a00000, 0x0000000082b00000, 0x0000000082b00000|100%|HS|  |TAMS 0x0000000082a00000| PB 0x0000000082a00000| Complete 
|  43|0x0000000082b00000, 0x0000000082c00000, 0x0000000082c00000|100%| O|  |TAMS 0x0000000082b00000| PB 0x0000000082b00000| Untracked 
|  44|0x0000000082c00000, 0x0000000082d00000, 0x0000000082d00000|100%| O|  |TAMS 0x0000000082c00000| PB 0x0000000082c00000| Untracked 
|  45|0x0000000082d00000, 0x0000000082e00000, 0x0000000082e00000|100%| O|  |TAMS 0x0000000082d00000| PB 0x0000000082d00000| Untracked 
|  46|0x0000000082e00000, 0x0000000082f00000, 0x0000000082f00000|100%| O|  |TAMS 0x0000000082e00000| PB 0x0000000082e00000| Untracked 
|  47|0x0000000082f00000, 0x0000000083000000, 0x0000000083000000|100%|HS|  |TAMS 0x0000000082f00000| PB 0x0000000082f00000| Complete 
|  48|0x0000000083000000, 0x0000000083100000, 0x0000000083100000|100%| O|  |TAMS 0x0000000083000000| PB 0x0000000083000000| Untracked 
|  49|0x0000000083100000, 0x0000000083200000, 0x0000000083200000|100%|HS|  |TAMS 0x0000000083100000| PB 0x0000000083100000| Complete 
|  50|0x0000000083200000, 0x0000000083300000, 0x0000000083300000|100%| O|  |TAMS 0x0000000083200000| PB 0x0000000083200000| Untracked 
|  51|0x0000000083300000, 0x0000000083400000, 0x0000000083400000|100%| O|  |TAMS 0x0000000083300000| PB 0x0000000083300000| Untracked 
|  52|0x0000000083400000, 0x0000000083500000, 0x0000000083500000|100%|HS|  |TAMS 0x0000000083400000| PB 0x0000000083400000| Complete 
|  53|0x0000000083500000, 0x0000000083600000, 0x0000000083600000|100%| O|  |TAMS 0x0000000083500000| PB 0x0000000083500000| Untracked 
|  54|0x0000000083600000, 0x0000000083700000, 0x0000000083700000|100%| O|  |TAMS 0x0000000083600000| PB 0x0000000083600000| Untracked 
|  55|0x0000000083700000, 0x0000000083800000, 0x0000000083800000|100%| O|  |TAMS 0x0000000083700000| PB 0x0000000083700000| Untracked 
|  56|0x0000000083800000, 0x0000000083900000, 0x0000000083900000|100%| O|  |TAMS 0x0000000083800000| PB 0x0000000083800000| Untracked 
|  57|0x0000000083900000, 0x0000000083a00000, 0x0000000083a00000|100%| O|  |TAMS 0x0000000083900000| PB 0x0000000083900000| Untracked 
|  58|0x0000000083a00000, 0x0000000083b00000, 0x0000000083b00000|100%| O|  |TAMS 0x0000000083a00000| PB 0x0000000083a00000| Untracked 
|  59|0x0000000083b00000, 0x0000000083c00000, 0x0000000083c00000|100%| O|  |TAMS 0x0000000083b00000| PB 0x0000000083b00000| Untracked 
|  60|0x0000000083c00000, 0x0000000083d00000, 0x0000000083d00000|100%| O|  |TAMS 0x0000000083c00000| PB 0x0000000083c00000| Untracked 
|  61|0x0000000083d00000, 0x0000000083e00000, 0x0000000083e00000|100%| O|  |TAMS 0x0000000083d00000| PB 0x0000000083d00000| Untracked 
|  62|0x0000000083e00000, 0x0000000083f00000, 0x0000000083f00000|100%| O|  |TAMS 0x0000000083e00000| PB 0x0000000083e00000| Untracked 
|  63|0x0000000083f00000, 0x0000000084000000, 0x0000000084000000|100%| O|  |TAMS 0x0000000083f00000| PB 0x0000000083f00000| Untracked 
|  64|0x0000000084000000, 0x0000000084100000, 0x0000000084100000|100%| O|  |TAMS 0x0000000084000000| PB 0x0000000084000000| Untracked 
|  65|0x0000000084100000, 0x0000000084200000, 0x0000000084200000|100%| O|  |TAMS 0x0000000084100000| PB 0x0000000084100000| Untracked 
|  66|0x0000000084200000, 0x0000000084300000, 0x0000000084300000|100%| O|  |TAMS 0x0000000084200000| PB 0x0000000084200000| Untracked 
|  67|0x0000000084300000, 0x0000000084400000, 0x0000000084400000|100%| O|  |TAMS 0x0000000084300000| PB 0x0000000084300000| Untracked 
|  68|0x0000000084400000, 0x0000000084500000, 0x0000000084500000|100%| O|  |TAMS 0x0000000084400000| PB 0x0000000084400000| Untracked 
|  69|0x0000000084500000, 0x0000000084600000, 0x0000000084600000|100%| O|  |TAMS 0x0000000084500000| PB 0x0000000084500000| Untracked 
|  70|0x0000000084600000, 0x0000000084700000, 0x0000000084700000|100%| O|  |TAMS 0x0000000084600000| PB 0x0000000084600000| Untracked 
|  71|0x0000000084700000, 0x0000000084800000, 0x0000000084800000|100%| O|  |TAMS 0x0000000084700000| PB 0x0000000084700000| Untracked 
|  72|0x0000000084800000, 0x0000000084900000, 0x0000000084900000|100%| O|  |TAMS 0x0000000084800000| PB 0x0000000084800000| Untracked 
|  73|0x0000000084900000, 0x0000000084a00000, 0x0000000084a00000|100%| O|  |TAMS 0x0000000084900000| PB 0x0000000084900000| Untracked 
|  74|0x0000000084a00000, 0x0000000084b00000, 0x0000000084b00000|100%| O|  |TAMS 0x0000000084a00000| PB 0x0000000084a00000| Untracked 
|  75|0x0000000084b00000, 0x0000000084c00000, 0x0000000084c00000|100%| O|  |TAMS 0x0000000084b00000| PB 0x0000000084b00000| Untracked 
|  76|0x0000000084c00000, 0x0000000084d00000, 0x0000000084d00000|100%| O|  |TAMS 0x0000000084c00000| PB 0x0000000084c00000| Untracked 
|  77|0x0000000084d00000, 0x0000000084e00000, 0x0000000084e00000|100%| O|  |TAMS 0x0000000084d00000| PB 0x0000000084d00000| Untracked 
|  78|0x0000000084e00000, 0x0000000084f00000, 0x0000000084f00000|100%| O|  |TAMS 0x0000000084e00000| PB 0x0000000084e00000| Untracked 
|  79|0x0000000084f00000, 0x0000000085000000, 0x0000000085000000|100%| O|  |TAMS 0x0000000084f00000| PB 0x0000000084f00000| Untracked 
|  80|0x0000000085000000, 0x0000000085100000, 0x0000000085100000|100%| O|  |TAMS 0x0000000085000000| PB 0x0000000085000000| Untracked 
|  81|0x0000000085100000, 0x0000000085200000, 0x0000000085200000|100%| O|  |TAMS 0x0000000085100000| PB 0x0000000085100000| Untracked 
|  82|0x0000000085200000, 0x0000000085300000, 0x0000000085300000|100%| O|  |TAMS 0x0000000085200000| PB 0x0000000085200000| Untracked 
|  83|0x0000000085300000, 0x0000000085400000, 0x0000000085400000|100%| O|  |TAMS 0x0000000085300000| PB 0x0000000085300000| Untracked 
|  84|0x0000000085400000, 0x0000000085500000, 0x0000000085500000|100%| O|  |TAMS 0x0000000085400000| PB 0x0000000085400000| Untracked 
|  85|0x0000000085500000, 0x0000000085600000, 0x0000000085600000|100%| O|  |TAMS 0x0000000085500000| PB 0x0000000085500000| Untracked 
|  86|0x0000000085600000, 0x0000000085700000, 0x0000000085700000|100%| O|  |TAMS 0x0000000085600000| PB 0x0000000085600000| Untracked 
|  87|0x0000000085700000, 0x0000000085800000, 0x0000000085800000|100%| O|  |TAMS 0x0000000085700000| PB 0x0000000085700000| Untracked 
|  88|0x0000000085800000, 0x0000000085900000, 0x0000000085900000|100%| O|  |TAMS 0x0000000085800000| PB 0x0000000085800000| Untracked 
|  89|0x0000000085900000, 0x0000000085a00000, 0x0000000085a00000|100%| O|  |TAMS 0x0000000085900000| PB 0x0000000085900000| Untracked 
|  90|0x0000000085a00000, 0x0000000085b00000, 0x0000000085b00000|100%| O|  |TAMS 0x0000000085a00000| PB 0x0000000085a00000| Untracked 
|  91|0x0000000085b00000, 0x0000000085c00000, 0x0000000085c00000|100%| O|  |TAMS 0x0000000085b00000| PB 0x0000000085b00000| Untracked 
|  92|0x0000000085c00000, 0x0000000085d00000, 0x0000000085d00000|100%| O|  |TAMS 0x0000000085c00000| PB 0x0000000085c00000| Untracked 
|  93|0x0000000085d00000, 0x0000000085e00000, 0x0000000085e00000|100%| O|  |TAMS 0x0000000085d00000| PB 0x0000000085d00000| Untracked 
|  94|0x0000000085e00000, 0x0000000085f00000, 0x0000000085f00000|100%| O|  |TAMS 0x0000000085e00000| PB 0x0000000085e00000| Untracked 
|  95|0x0000000085f00000, 0x0000000086000000, 0x0000000086000000|100%| O|  |TAMS 0x0000000085f00000| PB 0x0000000085f00000| Untracked 
|  96|0x0000000086000000, 0x0000000086100000, 0x0000000086100000|100%| O|  |TAMS 0x0000000086000000| PB 0x0000000086000000| Untracked 
|  97|0x0000000086100000, 0x0000000086200000, 0x0000000086200000|100%| O|  |TAMS 0x0000000086100000| PB 0x0000000086100000| Untracked 
|  98|0x0000000086200000, 0x0000000086300000, 0x0000000086300000|100%| O|  |TAMS 0x0000000086200000| PB 0x0000000086200000| Untracked 
|  99|0x0000000086300000, 0x0000000086400000, 0x0000000086400000|100%| O|  |TAMS 0x0000000086300000| PB 0x0000000086300000| Untracked 
| 100|0x0000000086400000, 0x0000000086500000, 0x0000000086500000|100%| O|  |TAMS 0x0000000086400000| PB 0x0000000086400000| Untracked 
| 101|0x0000000086500000, 0x0000000086600000, 0x0000000086600000|100%| O|  |TAMS 0x0000000086500000| PB 0x0000000086500000| Untracked 
| 102|0x0000000086600000, 0x0000000086700000, 0x0000000086700000|100%| O|  |TAMS 0x0000000086600000| PB 0x0000000086600000| Untracked 
| 103|0x0000000086700000, 0x0000000086800000, 0x0000000086800000|100%| O|  |TAMS 0x0000000086700000| PB 0x0000000086700000| Untracked 
| 104|0x0000000086800000, 0x0000000086900000, 0x0000000086900000|100%| O|  |TAMS 0x0000000086800000| PB 0x0000000086800000| Untracked 
| 105|0x0000000086900000, 0x0000000086a00000, 0x0000000086a00000|100%| O|  |TAMS 0x0000000086900000| PB 0x0000000086900000| Untracked 
| 106|0x0000000086a00000, 0x0000000086b00000, 0x0000000086b00000|100%| O|  |TAMS 0x0000000086a00000| PB 0x0000000086a00000| Untracked 
| 107|0x0000000086b00000, 0x0000000086c00000, 0x0000000086c00000|100%| O|  |TAMS 0x0000000086b00000| PB 0x0000000086b00000| Untracked 
| 108|0x0000000086c00000, 0x0000000086d00000, 0x0000000086d00000|100%| O|  |TAMS 0x0000000086c00000| PB 0x0000000086c00000| Untracked 
| 109|0x0000000086d00000, 0x0000000086e00000, 0x0000000086e00000|100%| O|  |TAMS 0x0000000086d00000| PB 0x0000000086d00000| Untracked 
| 110|0x0000000086e00000, 0x0000000086f00000, 0x0000000086f00000|100%| O|  |TAMS 0x0000000086e00000| PB 0x0000000086e00000| Untracked 
| 111|0x0000000086f00000, 0x0000000087000000, 0x0000000087000000|100%| O|  |TAMS 0x0000000086f00000| PB 0x0000000086f00000| Untracked 
| 112|0x0000000087000000, 0x0000000087100000, 0x0000000087100000|100%|HS|  |TAMS 0x0000000087000000| PB 0x0000000087000000| Complete 
| 113|0x0000000087100000, 0x0000000087200000, 0x0000000087200000|100%|HC|  |TAMS 0x0000000087100000| PB 0x0000000087100000| Complete 
| 114|0x0000000087200000, 0x0000000087300000, 0x0000000087300000|100%| O|  |TAMS 0x0000000087200000| PB 0x0000000087200000| Untracked 
| 115|0x0000000087300000, 0x0000000087400000, 0x0000000087400000|100%| O|  |TAMS 0x0000000087300000| PB 0x0000000087300000| Untracked 
| 116|0x0000000087400000, 0x0000000087500000, 0x0000000087500000|100%| O|  |TAMS 0x0000000087400000| PB 0x0000000087400000| Untracked 
| 117|0x0000000087500000, 0x0000000087600000, 0x0000000087600000|100%| O|  |TAMS 0x0000000087500000| PB 0x0000000087500000| Untracked 
| 118|0x0000000087600000, 0x0000000087700000, 0x0000000087700000|100%| O|  |TAMS 0x0000000087600000| PB 0x0000000087600000| Untracked 
| 119|0x0000000087700000, 0x0000000087800000, 0x0000000087800000|100%| O|  |TAMS 0x0000000087700000| PB 0x0000000087700000| Untracked 
| 120|0x0000000087800000, 0x0000000087900000, 0x0000000087900000|100%| O|  |TAMS 0x0000000087800000| PB 0x0000000087800000| Untracked 
| 121|0x0000000087900000, 0x0000000087a00000, 0x0000000087a00000|100%| O|  |TAMS 0x0000000087900000| PB 0x0000000087900000| Untracked 
| 122|0x0000000087a00000, 0x0000000087b00000, 0x0000000087b00000|100%| O|  |TAMS 0x0000000087a00000| PB 0x0000000087a00000| Untracked 
| 123|0x0000000087b00000, 0x0000000087c00000, 0x0000000087c00000|100%| O|  |TAMS 0x0000000087b00000| PB 0x0000000087b00000| Untracked 
| 124|0x0000000087c00000, 0x0000000087d00000, 0x0000000087d00000|100%| O|  |TAMS 0x0000000087c00000| PB 0x0000000087c00000| Untracked 
| 125|0x0000000087d00000, 0x0000000087e00000, 0x0000000087e00000|100%| O|  |TAMS 0x0000000087d00000| PB 0x0000000087d00000| Untracked 
| 126|0x0000000087e00000, 0x0000000087f00000, 0x0000000087f00000|100%| O|  |TAMS 0x0000000087e00000| PB 0x0000000087e00000| Untracked 
| 127|0x0000000087f00000, 0x0000000088000000, 0x0000000088000000|100%| O|  |TAMS 0x0000000087f00000| PB 0x0000000087f00000| Untracked 
| 128|0x0000000088000000, 0x0000000088100000, 0x0000000088100000|100%| O|  |TAMS 0x0000000088000000| PB 0x0000000088000000| Untracked 
| 129|0x0000000088100000, 0x0000000088200000, 0x0000000088200000|100%| O|  |TAMS 0x0000000088100000| PB 0x0000000088100000| Untracked 
| 130|0x0000000088200000, 0x0000000088300000, 0x0000000088300000|100%| O|  |TAMS 0x0000000088200000| PB 0x0000000088200000| Untracked 
| 131|0x0000000088300000, 0x0000000088400000, 0x0000000088400000|100%| O|  |TAMS 0x0000000088300000| PB 0x0000000088300000| Untracked 
| 132|0x0000000088400000, 0x0000000088500000, 0x0000000088500000|100%| O|  |TAMS 0x0000000088400000| PB 0x0000000088400000| Untracked 
| 133|0x0000000088500000, 0x0000000088600000, 0x0000000088600000|100%| O|  |TAMS 0x0000000088500000| PB 0x0000000088500000| Untracked 
| 134|0x0000000088600000, 0x0000000088700000, 0x0000000088700000|100%| O|  |TAMS 0x0000000088600000| PB 0x0000000088600000| Untracked 
| 135|0x0000000088700000, 0x0000000088800000, 0x0000000088800000|100%| O|  |TAMS 0x0000000088700000| PB 0x0000000088700000| Untracked 
| 136|0x0000000088800000, 0x0000000088900000, 0x0000000088900000|100%| O|  |TAMS 0x0000000088800000| PB 0x0000000088800000| Untracked 
| 137|0x0000000088900000, 0x0000000088a00000, 0x0000000088a00000|100%| O|  |TAMS 0x0000000088900000| PB 0x0000000088900000| Untracked 
| 138|0x0000000088a00000, 0x0000000088b00000, 0x0000000088b00000|100%| O|  |TAMS 0x0000000088a00000| PB 0x0000000088a00000| Untracked 
| 139|0x0000000088b00000, 0x0000000088c00000, 0x0000000088c00000|100%| O|  |TAMS 0x0000000088b00000| PB 0x0000000088b00000| Untracked 
| 140|0x0000000088c00000, 0x0000000088d00000, 0x0000000088d00000|100%| O|  |TAMS 0x0000000088c00000| PB 0x0000000088c00000| Untracked 
| 141|0x0000000088d00000, 0x0000000088e00000, 0x0000000088e00000|100%| O|  |TAMS 0x0000000088d00000| PB 0x0000000088d00000| Untracked 
| 142|0x0000000088e00000, 0x0000000088f00000, 0x0000000088f00000|100%| O|  |TAMS 0x0000000088e00000| PB 0x0000000088e00000| Untracked 
| 143|0x0000000088f00000, 0x0000000089000000, 0x0000000089000000|100%| O|  |TAMS 0x0000000088f00000| PB 0x0000000088f00000| Untracked 
| 144|0x0000000089000000, 0x0000000089100000, 0x0000000089100000|100%| O|  |TAMS 0x0000000089000000| PB 0x0000000089000000| Untracked 
| 145|0x0000000089100000, 0x0000000089200000, 0x0000000089200000|100%| O|  |TAMS 0x0000000089100000| PB 0x0000000089100000| Untracked 
| 146|0x0000000089200000, 0x0000000089300000, 0x0000000089300000|100%| O|  |TAMS 0x0000000089200000| PB 0x0000000089200000| Untracked 
| 147|0x0000000089300000, 0x0000000089400000, 0x0000000089400000|100%| O|  |TAMS 0x0000000089300000| PB 0x0000000089300000| Untracked 
| 148|0x0000000089400000, 0x0000000089500000, 0x0000000089500000|100%| O|  |TAMS 0x0000000089400000| PB 0x0000000089400000| Untracked 
| 149|0x0000000089500000, 0x0000000089600000, 0x0000000089600000|100%| O|  |TAMS 0x0000000089500000| PB 0x0000000089500000| Untracked 
| 150|0x0000000089600000, 0x0000000089700000, 0x0000000089700000|100%| O|  |TAMS 0x0000000089600000| PB 0x0000000089600000| Untracked 
| 151|0x0000000089700000, 0x0000000089800000, 0x0000000089800000|100%| O|  |TAMS 0x0000000089700000| PB 0x0000000089700000| Untracked 
| 152|0x0000000089800000, 0x0000000089900000, 0x0000000089900000|100%| O|  |TAMS 0x0000000089800000| PB 0x0000000089800000| Untracked 
| 153|0x0000000089900000, 0x0000000089a00000, 0x0000000089a00000|100%| O|  |TAMS 0x0000000089900000| PB 0x0000000089900000| Untracked 
| 154|0x0000000089a00000, 0x0000000089b00000, 0x0000000089b00000|100%| O|  |TAMS 0x0000000089a00000| PB 0x0000000089a00000| Untracked 
| 155|0x0000000089b00000, 0x0000000089c00000, 0x0000000089c00000|100%| O|  |TAMS 0x0000000089b00000| PB 0x0000000089b00000| Untracked 
| 156|0x0000000089c00000, 0x0000000089d00000, 0x0000000089d00000|100%| O|  |TAMS 0x0000000089c00000| PB 0x0000000089c00000| Untracked 
| 157|0x0000000089d00000, 0x0000000089e00000, 0x0000000089e00000|100%| O|  |TAMS 0x0000000089d00000| PB 0x0000000089d00000| Untracked 
| 158|0x0000000089e00000, 0x0000000089e00000, 0x0000000089f00000|  0%| F|  |TAMS 0x0000000089e00000| PB 0x0000000089e00000| Untracked 
| 159|0x0000000089f00000, 0x000000008a000000, 0x000000008a000000|100%| O|  |TAMS 0x0000000089f00000| PB 0x0000000089f00000| Untracked 
| 160|0x000000008a000000, 0x000000008a100000, 0x000000008a100000|100%| O|  |TAMS 0x000000008a000000| PB 0x000000008a000000| Untracked 
| 161|0x000000008a100000, 0x000000008a200000, 0x000000008a200000|100%| O|  |TAMS 0x000000008a100000| PB 0x000000008a100000| Untracked 
| 162|0x000000008a200000, 0x000000008a200000, 0x000000008a300000|  0%| F|  |TAMS 0x000000008a200000| PB 0x000000008a200000| Untracked 
| 163|0x000000008a300000, 0x000000008a300000, 0x000000008a400000|  0%| F|  |TAMS 0x000000008a300000| PB 0x000000008a300000| Untracked 
| 164|0x000000008a400000, 0x000000008a500000, 0x000000008a500000|100%| O|  |TAMS 0x000000008a400000| PB 0x000000008a400000| Untracked 
| 165|0x000000008a500000, 0x000000008a600000, 0x000000008a600000|100%| O|  |TAMS 0x000000008a500000| PB 0x000000008a500000| Untracked 
| 166|0x000000008a600000, 0x000000008a700000, 0x000000008a700000|100%| O|  |TAMS 0x000000008a600000| PB 0x000000008a600000| Untracked 
| 167|0x000000008a700000, 0x000000008a800000, 0x000000008a800000|100%| O|  |TAMS 0x000000008a700000| PB 0x000000008a700000| Untracked 
| 168|0x000000008a800000, 0x000000008a800000, 0x000000008a900000|  0%| F|  |TAMS 0x000000008a800000| PB 0x000000008a800000| Untracked 
| 169|0x000000008a900000, 0x000000008aa00000, 0x000000008aa00000|100%| O|  |TAMS 0x000000008a900000| PB 0x000000008a900000| Untracked 
| 170|0x000000008aa00000, 0x000000008aa00000, 0x000000008ab00000|  0%| F|  |TAMS 0x000000008aa00000| PB 0x000000008aa00000| Untracked 
| 171|0x000000008ab00000, 0x000000008ab00000, 0x000000008ac00000|  0%| F|  |TAMS 0x000000008ab00000| PB 0x000000008ab00000| Untracked 
| 172|0x000000008ac00000, 0x000000008ad00000, 0x000000008ad00000|100%| O|  |TAMS 0x000000008ac00000| PB 0x000000008ac00000| Untracked 
| 173|0x000000008ad00000, 0x000000008ad00000, 0x000000008ae00000|  0%| F|  |TAMS 0x000000008ad00000| PB 0x000000008ad00000| Untracked 
| 174|0x000000008ae00000, 0x000000008af00000, 0x000000008af00000|100%| O|  |TAMS 0x000000008ae00000| PB 0x000000008ae00000| Untracked 
| 175|0x000000008af00000, 0x000000008b000000, 0x000000008b000000|100%| O|  |TAMS 0x000000008af00000| PB 0x000000008af00000| Untracked 
| 176|0x000000008b000000, 0x000000008b100000, 0x000000008b100000|100%| O|  |TAMS 0x000000008b000000| PB 0x000000008b000000| Untracked 
| 177|0x000000008b100000, 0x000000008b100000, 0x000000008b200000|  0%| F|  |TAMS 0x000000008b100000| PB 0x000000008b100000| Untracked 
| 178|0x000000008b200000, 0x000000008b300000, 0x000000008b300000|100%| O|  |TAMS 0x000000008b200000| PB 0x000000008b200000| Untracked 
| 179|0x000000008b300000, 0x000000008b400000, 0x000000008b400000|100%| O|  |TAMS 0x000000008b300000| PB 0x000000008b300000| Untracked 
| 180|0x000000008b400000, 0x000000008b500000, 0x000000008b500000|100%| O|  |TAMS 0x000000008b400000| PB 0x000000008b400000| Untracked 
| 181|0x000000008b500000, 0x000000008b600000, 0x000000008b600000|100%| O|  |TAMS 0x000000008b500000| PB 0x000000008b500000| Untracked 
| 182|0x000000008b600000, 0x000000008b600000, 0x000000008b700000|  0%| F|  |TAMS 0x000000008b600000| PB 0x000000008b600000| Untracked 
| 183|0x000000008b700000, 0x000000008b800000, 0x000000008b800000|100%| O|  |TAMS 0x000000008b700000| PB 0x000000008b700000| Untracked 
| 184|0x000000008b800000, 0x000000008b800000, 0x000000008b900000|  0%| F|  |TAMS 0x000000008b800000| PB 0x000000008b800000| Untracked 
| 185|0x000000008b900000, 0x000000008ba00000, 0x000000008ba00000|100%| O|  |TAMS 0x000000008b900000| PB 0x000000008b900000| Untracked 
| 186|0x000000008ba00000, 0x000000008bb00000, 0x000000008bb00000|100%| O|  |TAMS 0x000000008ba00000| PB 0x000000008ba00000| Untracked 
| 187|0x000000008bb00000, 0x000000008bb00000, 0x000000008bc00000|  0%| F|  |TAMS 0x000000008bb00000| PB 0x000000008bb00000| Untracked 
| 188|0x000000008bc00000, 0x000000008bc00000, 0x000000008bd00000|  0%| F|  |TAMS 0x000000008bc00000| PB 0x000000008bc00000| Untracked 
| 189|0x000000008bd00000, 0x000000008bd00000, 0x000000008be00000|  0%| F|  |TAMS 0x000000008bd00000| PB 0x000000008bd00000| Untracked 
| 190|0x000000008be00000, 0x000000008bf00000, 0x000000008bf00000|100%| O|  |TAMS 0x000000008be00000| PB 0x000000008be00000| Untracked 
| 191|0x000000008bf00000, 0x000000008bf00000, 0x000000008c000000|  0%| F|  |TAMS 0x000000008bf00000| PB 0x000000008bf00000| Untracked 
| 192|0x000000008c000000, 0x000000008c000000, 0x000000008c100000|  0%| F|  |TAMS 0x000000008c000000| PB 0x000000008c000000| Untracked 
| 193|0x000000008c100000, 0x000000008c200000, 0x000000008c200000|100%| O|  |TAMS 0x000000008c100000| PB 0x000000008c100000| Untracked 
| 194|0x000000008c200000, 0x000000008c200000, 0x000000008c300000|  0%| F|  |TAMS 0x000000008c200000| PB 0x000000008c200000| Untracked 
| 195|0x000000008c300000, 0x000000008c400000, 0x000000008c400000|100%| O|  |TAMS 0x000000008c300000| PB 0x000000008c300000| Untracked 
| 196|0x000000008c400000, 0x000000008c500000, 0x000000008c500000|100%|HS|  |TAMS 0x000000008c400000| PB 0x000000008c400000| Complete 
| 197|0x000000008c500000, 0x000000008c600000, 0x000000008c600000|100%|HC|  |TAMS 0x000000008c500000| PB 0x000000008c500000| Complete 
| 198|0x000000008c600000, 0x000000008c700000, 0x000000008c700000|100%|HC|  |TAMS 0x000000008c600000| PB 0x000000008c600000| Complete 
| 199|0x000000008c700000, 0x000000008c800000, 0x000000008c800000|100%|HC|  |TAMS 0x000000008c700000| PB 0x000000008c700000| Complete 
| 200|0x000000008c800000, 0x000000008c900000, 0x000000008c900000|100%|HC|  |TAMS 0x000000008c800000| PB 0x000000008c800000| Complete 
| 201|0x000000008c900000, 0x000000008ca00000, 0x000000008ca00000|100%|HC|  |TAMS 0x000000008c900000| PB 0x000000008c900000| Complete 
| 202|0x000000008ca00000, 0x000000008cb00000, 0x000000008cb00000|100%|HC|  |TAMS 0x000000008ca00000| PB 0x000000008ca00000| Complete 
| 203|0x000000008cb00000, 0x000000008cc00000, 0x000000008cc00000|100%| O|  |TAMS 0x000000008cb00000| PB 0x000000008cb00000| Untracked 
| 204|0x000000008cc00000, 0x000000008cc00000, 0x000000008cd00000|  0%| F|  |TAMS 0x000000008cc00000| PB 0x000000008cc00000| Untracked 
| 205|0x000000008cd00000, 0x000000008ce00000, 0x000000008ce00000|100%| O|  |TAMS 0x000000008cd00000| PB 0x000000008cd00000| Untracked 
| 206|0x000000008ce00000, 0x000000008cf00000, 0x000000008cf00000|100%| O|  |TAMS 0x000000008ce00000| PB 0x000000008ce00000| Untracked 
| 207|0x000000008cf00000, 0x000000008cf00000, 0x000000008d000000|  0%| F|  |TAMS 0x000000008cf00000| PB 0x000000008cf00000| Untracked 
| 208|0x000000008d000000, 0x000000008d000000, 0x000000008d100000|  0%| F|  |TAMS 0x000000008d000000| PB 0x000000008d000000| Untracked 
| 209|0x000000008d100000, 0x000000008d200000, 0x000000008d200000|100%| O|  |TAMS 0x000000008d100000| PB 0x000000008d100000| Untracked 
| 210|0x000000008d200000, 0x000000008d300000, 0x000000008d300000|100%| O|  |TAMS 0x000000008d200000| PB 0x000000008d200000| Untracked 
| 211|0x000000008d300000, 0x000000008d300000, 0x000000008d400000|  0%| F|  |TAMS 0x000000008d300000| PB 0x000000008d300000| Untracked 
| 212|0x000000008d400000, 0x000000008d500000, 0x000000008d500000|100%| O|  |TAMS 0x000000008d400000| PB 0x000000008d400000| Untracked 
| 213|0x000000008d500000, 0x000000008d500000, 0x000000008d600000|  0%| F|  |TAMS 0x000000008d500000| PB 0x000000008d500000| Untracked 
| 214|0x000000008d600000, 0x000000008d700000, 0x000000008d700000|100%| O|  |TAMS 0x000000008d600000| PB 0x000000008d600000| Untracked 
| 215|0x000000008d700000, 0x000000008d800000, 0x000000008d800000|100%| O|  |TAMS 0x000000008d700000| PB 0x000000008d700000| Untracked 
| 216|0x000000008d800000, 0x000000008d900000, 0x000000008d900000|100%| O|  |TAMS 0x000000008d800000| PB 0x000000008d800000| Untracked 
| 217|0x000000008d900000, 0x000000008da00000, 0x000000008da00000|100%| O|  |TAMS 0x000000008d900000| PB 0x000000008d900000| Untracked 
| 218|0x000000008da00000, 0x000000008da00000, 0x000000008db00000|  0%| F|  |TAMS 0x000000008da00000| PB 0x000000008da00000| Untracked 
| 219|0x000000008db00000, 0x000000008dc00000, 0x000000008dc00000|100%| O|  |TAMS 0x000000008db00000| PB 0x000000008db00000| Untracked 
| 220|0x000000008dc00000, 0x000000008dd00000, 0x000000008dd00000|100%| O|  |TAMS 0x000000008dc00000| PB 0x000000008dc00000| Untracked 
| 221|0x000000008dd00000, 0x000000008de00000, 0x000000008de00000|100%| O|  |TAMS 0x000000008dd00000| PB 0x000000008dd00000| Untracked 
| 222|0x000000008de00000, 0x000000008de00000, 0x000000008df00000|  0%| F|  |TAMS 0x000000008de00000| PB 0x000000008de00000| Untracked 
| 223|0x000000008df00000, 0x000000008e000000, 0x000000008e000000|100%| O|  |TAMS 0x000000008df00000| PB 0x000000008df00000| Untracked 
| 224|0x000000008e000000, 0x000000008e100000, 0x000000008e100000|100%| O|  |TAMS 0x000000008e000000| PB 0x000000008e000000| Untracked 
| 225|0x000000008e100000, 0x000000008e200000, 0x000000008e200000|100%| O|  |TAMS 0x000000008e100000| PB 0x000000008e100000| Untracked 
| 226|0x000000008e200000, 0x000000008e300000, 0x000000008e300000|100%| O|  |TAMS 0x000000008e200000| PB 0x000000008e200000| Untracked 
| 227|0x000000008e300000, 0x000000008e400000, 0x000000008e400000|100%| O|  |TAMS 0x000000008e300000| PB 0x000000008e300000| Untracked 
| 228|0x000000008e400000, 0x000000008e500000, 0x000000008e500000|100%| O|  |TAMS 0x000000008e400000| PB 0x000000008e400000| Untracked 
| 229|0x000000008e500000, 0x000000008e600000, 0x000000008e600000|100%| O|  |TAMS 0x000000008e500000| PB 0x000000008e500000| Untracked 
| 230|0x000000008e600000, 0x000000008e700000, 0x000000008e700000|100%| O|  |TAMS 0x000000008e600000| PB 0x000000008e600000| Untracked 
| 231|0x000000008e700000, 0x000000008e700000, 0x000000008e800000|  0%| F|  |TAMS 0x000000008e700000| PB 0x000000008e700000| Untracked 
| 232|0x000000008e800000, 0x000000008e800000, 0x000000008e900000|  0%| F|  |TAMS 0x000000008e800000| PB 0x000000008e800000| Untracked 
| 233|0x000000008e900000, 0x000000008e900000, 0x000000008ea00000|  0%| F|  |TAMS 0x000000008e900000| PB 0x000000008e900000| Untracked 
| 234|0x000000008ea00000, 0x000000008ea00000, 0x000000008eb00000|  0%| F|  |TAMS 0x000000008ea00000| PB 0x000000008ea00000| Untracked 
| 235|0x000000008eb00000, 0x000000008eb00000, 0x000000008ec00000|  0%| F|  |TAMS 0x000000008eb00000| PB 0x000000008eb00000| Untracked 
| 236|0x000000008ec00000, 0x000000008ec00000, 0x000000008ed00000|  0%| F|  |TAMS 0x000000008ec00000| PB 0x000000008ec00000| Untracked 
| 237|0x000000008ed00000, 0x000000008ee00000, 0x000000008ee00000|100%| O|  |TAMS 0x000000008ed00000| PB 0x000000008ed00000| Untracked 
| 238|0x000000008ee00000, 0x000000008ee00000, 0x000000008ef00000|  0%| F|  |TAMS 0x000000008ee00000| PB 0x000000008ee00000| Untracked 
| 239|0x000000008ef00000, 0x000000008ef00000, 0x000000008f000000|  0%| F|  |TAMS 0x000000008ef00000| PB 0x000000008ef00000| Untracked 
| 240|0x000000008f000000, 0x000000008f100000, 0x000000008f100000|100%| O|  |TAMS 0x000000008f000000| PB 0x000000008f000000| Untracked 
| 241|0x000000008f100000, 0x000000008f200000, 0x000000008f200000|100%| O|  |TAMS 0x000000008f100000| PB 0x000000008f100000| Untracked 
| 242|0x000000008f200000, 0x000000008f300000, 0x000000008f300000|100%| O|  |TAMS 0x000000008f200000| PB 0x000000008f200000| Untracked 
| 243|0x000000008f300000, 0x000000008f400000, 0x000000008f400000|100%| O|  |TAMS 0x000000008f300000| PB 0x000000008f300000| Untracked 
| 244|0x000000008f400000, 0x000000008f500000, 0x000000008f500000|100%| O|  |TAMS 0x000000008f400000| PB 0x000000008f400000| Untracked 
| 245|0x000000008f500000, 0x000000008f600000, 0x000000008f600000|100%| O|  |TAMS 0x000000008f500000| PB 0x000000008f500000| Untracked 
| 246|0x000000008f600000, 0x000000008f700000, 0x000000008f700000|100%| O|  |TAMS 0x000000008f600000| PB 0x000000008f600000| Untracked 
| 247|0x000000008f700000, 0x000000008f800000, 0x000000008f800000|100%| O|  |TAMS 0x000000008f700000| PB 0x000000008f700000| Untracked 
| 248|0x000000008f800000, 0x000000008f800000, 0x000000008f900000|  0%| F|  |TAMS 0x000000008f800000| PB 0x000000008f800000| Untracked 
| 249|0x000000008f900000, 0x000000008f900000, 0x000000008fa00000|  0%| F|  |TAMS 0x000000008f900000| PB 0x000000008f900000| Untracked 
| 250|0x000000008fa00000, 0x000000008fb00000, 0x000000008fb00000|100%| O|  |TAMS 0x000000008fa00000| PB 0x000000008fa00000| Untracked 
| 251|0x000000008fb00000, 0x000000008fc00000, 0x000000008fc00000|100%| O|  |TAMS 0x000000008fb00000| PB 0x000000008fb00000| Untracked 
| 252|0x000000008fc00000, 0x000000008fc00000, 0x000000008fd00000|  0%| F|  |TAMS 0x000000008fc00000| PB 0x000000008fc00000| Untracked 
| 253|0x000000008fd00000, 0x000000008fe00000, 0x000000008fe00000|100%| O|  |TAMS 0x000000008fd00000| PB 0x000000008fd00000| Untracked 
| 254|0x000000008fe00000, 0x000000008fe00000, 0x000000008ff00000|  0%| F|  |TAMS 0x000000008fe00000| PB 0x000000008fe00000| Untracked 
| 255|0x000000008ff00000, 0x0000000090000000, 0x0000000090000000|100%| O|  |TAMS 0x000000008ff00000| PB 0x000000008ff00000| Untracked 
| 256|0x0000000090000000, 0x0000000090000000, 0x0000000090100000|  0%| F|  |TAMS 0x0000000090000000| PB 0x0000000090000000| Untracked 
| 257|0x0000000090100000, 0x0000000090200000, 0x0000000090200000|100%| O|  |TAMS 0x0000000090100000| PB 0x0000000090100000| Untracked 
| 258|0x0000000090200000, 0x0000000090300000, 0x0000000090300000|100%| O|  |TAMS 0x0000000090200000| PB 0x0000000090200000| Untracked 
| 259|0x0000000090300000, 0x0000000090400000, 0x0000000090400000|100%| O|  |TAMS 0x0000000090300000| PB 0x0000000090300000| Untracked 
| 260|0x0000000090400000, 0x0000000090500000, 0x0000000090500000|100%| O|  |TAMS 0x0000000090400000| PB 0x0000000090400000| Untracked 
| 261|0x0000000090500000, 0x0000000090600000, 0x0000000090600000|100%| O|  |TAMS 0x0000000090500000| PB 0x0000000090500000| Untracked 
| 262|0x0000000090600000, 0x0000000090600000, 0x0000000090700000|  0%| F|  |TAMS 0x0000000090600000| PB 0x0000000090600000| Untracked 
| 263|0x0000000090700000, 0x0000000090700000, 0x0000000090800000|  0%| F|  |TAMS 0x0000000090700000| PB 0x0000000090700000| Untracked 
| 264|0x0000000090800000, 0x0000000090900000, 0x0000000090900000|100%| O|  |TAMS 0x0000000090800000| PB 0x0000000090800000| Untracked 
| 265|0x0000000090900000, 0x0000000090900000, 0x0000000090a00000|  0%| F|  |TAMS 0x0000000090900000| PB 0x0000000090900000| Untracked 
| 266|0x0000000090a00000, 0x0000000090b00000, 0x0000000090b00000|100%| O|  |TAMS 0x0000000090a00000| PB 0x0000000090a00000| Untracked 
| 267|0x0000000090b00000, 0x0000000090c00000, 0x0000000090c00000|100%| O|  |TAMS 0x0000000090b00000| PB 0x0000000090b00000| Untracked 
| 268|0x0000000090c00000, 0x0000000090d00000, 0x0000000090d00000|100%| O|  |TAMS 0x0000000090c00000| PB 0x0000000090c00000| Untracked 
| 269|0x0000000090d00000, 0x0000000090d00000, 0x0000000090e00000|  0%| F|  |TAMS 0x0000000090d00000| PB 0x0000000090d00000| Untracked 
| 270|0x0000000090e00000, 0x0000000090f00000, 0x0000000090f00000|100%| O|  |TAMS 0x0000000090e00000| PB 0x0000000090e00000| Untracked 
| 271|0x0000000090f00000, 0x0000000090f00000, 0x0000000091000000|  0%| F|  |TAMS 0x0000000090f00000| PB 0x0000000090f00000| Untracked 
| 272|0x0000000091000000, 0x0000000091100000, 0x0000000091100000|100%| O|  |TAMS 0x0000000091000000| PB 0x0000000091000000| Untracked 
| 273|0x0000000091100000, 0x0000000091100000, 0x0000000091200000|  0%| F|  |TAMS 0x0000000091100000| PB 0x0000000091100000| Untracked 
| 274|0x0000000091200000, 0x0000000091300000, 0x0000000091300000|100%| S|CS|TAMS 0x0000000091200000| PB 0x0000000091200000| Complete 
| 275|0x0000000091300000, 0x0000000091400000, 0x0000000091400000|100%| O|  |TAMS 0x0000000091300000| PB 0x0000000091300000| Untracked 
| 276|0x0000000091400000, 0x0000000091500000, 0x0000000091500000|100%| S|CS|TAMS 0x0000000091400000| PB 0x0000000091400000| Complete 
| 277|0x0000000091500000, 0x0000000091600000, 0x0000000091600000|100%| O|  |TAMS 0x0000000091500000| PB 0x0000000091500000| Untracked 
| 278|0x0000000091600000, 0x0000000091700000, 0x0000000091700000|100%| S|CS|TAMS 0x0000000091600000| PB 0x0000000091600000| Complete 
| 279|0x0000000091700000, 0x0000000091800000, 0x0000000091800000|100%| S|CS|TAMS 0x0000000091700000| PB 0x0000000091700000| Complete 
| 280|0x0000000091800000, 0x0000000091900000, 0x0000000091900000|100%| S|CS|TAMS 0x0000000091800000| PB 0x0000000091800000| Complete 
| 281|0x0000000091900000, 0x0000000091a00000, 0x0000000091a00000|100%| S|CS|TAMS 0x0000000091900000| PB 0x0000000091900000| Complete 
| 282|0x0000000091a00000, 0x0000000091b00000, 0x0000000091b00000|100%| S|CS|TAMS 0x0000000091a00000| PB 0x0000000091a00000| Complete 
| 283|0x0000000091b00000, 0x0000000091c00000, 0x0000000091c00000|100%| O|  |TAMS 0x0000000091b00000| PB 0x0000000091b00000| Untracked 
| 284|0x0000000091c00000, 0x0000000091d00000, 0x0000000091d00000|100%| O|  |TAMS 0x0000000091c00000| PB 0x0000000091c00000| Untracked 
| 285|0x0000000091d00000, 0x0000000091e00000, 0x0000000091e00000|100%| O|  |TAMS 0x0000000091d00000| PB 0x0000000091d00000| Untracked 
| 286|0x0000000091e00000, 0x0000000091f00000, 0x0000000091f00000|100%| O|  |TAMS 0x0000000091e00000| PB 0x0000000091e00000| Untracked 
| 287|0x0000000091f00000, 0x0000000092000000, 0x0000000092000000|100%| S|CS|TAMS 0x0000000091f00000| PB 0x0000000091f00000| Complete 
| 288|0x0000000092000000, 0x0000000092100000, 0x0000000092100000|100%| O|  |TAMS 0x0000000092000000| PB 0x0000000092000000| Untracked 
| 289|0x0000000092100000, 0x0000000092200000, 0x0000000092200000|100%| O|  |TAMS 0x0000000092100000| PB 0x0000000092100000| Untracked 
| 290|0x0000000092200000, 0x0000000092300000, 0x0000000092300000|100%| O|  |TAMS 0x0000000092200000| PB 0x0000000092200000| Untracked 
| 291|0x0000000092300000, 0x0000000092400000, 0x0000000092400000|100%| O|  |TAMS 0x0000000092300000| PB 0x0000000092300000| Untracked 
| 292|0x0000000092400000, 0x0000000092500000, 0x0000000092500000|100%| O|  |TAMS 0x0000000092400000| PB 0x0000000092400000| Untracked 
| 293|0x0000000092500000, 0x0000000092600000, 0x0000000092600000|100%| O|  |TAMS 0x0000000092500000| PB 0x0000000092500000| Untracked 
| 294|0x0000000092600000, 0x0000000092700000, 0x0000000092700000|100%| O|  |TAMS 0x0000000092600000| PB 0x0000000092600000| Untracked 
| 295|0x0000000092700000, 0x0000000092800000, 0x0000000092800000|100%| S|CS|TAMS 0x0000000092700000| PB 0x0000000092700000| Complete 
| 296|0x0000000092800000, 0x0000000092900000, 0x0000000092900000|100%| O|  |TAMS 0x0000000092800000| PB 0x0000000092800000| Untracked 
| 297|0x0000000092900000, 0x0000000092a00000, 0x0000000092a00000|100%| O|  |TAMS 0x0000000092900000| PB 0x0000000092900000| Untracked 
| 298|0x0000000092a00000, 0x0000000092b00000, 0x0000000092b00000|100%| O|  |TAMS 0x0000000092a00000| PB 0x0000000092a00000| Untracked 
| 299|0x0000000092b00000, 0x0000000092c00000, 0x0000000092c00000|100%| O|  |TAMS 0x0000000092b00000| PB 0x0000000092b00000| Untracked 
| 300|0x0000000092c00000, 0x0000000092d00000, 0x0000000092d00000|100%| S|CS|TAMS 0x0000000092c00000| PB 0x0000000092c00000| Complete 
| 301|0x0000000092d00000, 0x0000000092e00000, 0x0000000092e00000|100%| S|CS|TAMS 0x0000000092d00000| PB 0x0000000092d00000| Complete 
| 302|0x0000000092e00000, 0x0000000092f00000, 0x0000000092f00000|100%| O|  |TAMS 0x0000000092e00000| PB 0x0000000092e00000| Untracked 
| 303|0x0000000092f00000, 0x0000000093000000, 0x0000000093000000|100%| O|  |TAMS 0x0000000092f00000| PB 0x0000000092f00000| Untracked 
| 304|0x0000000093000000, 0x0000000093100000, 0x0000000093100000|100%| O|  |TAMS 0x0000000093000000| PB 0x0000000093000000| Untracked 
| 305|0x0000000093100000, 0x0000000093200000, 0x0000000093200000|100%| O|  |TAMS 0x0000000093100000| PB 0x0000000093100000| Untracked 
| 306|0x0000000093200000, 0x0000000093300000, 0x0000000093300000|100%| O|  |TAMS 0x0000000093200000| PB 0x0000000093200000| Untracked 
| 307|0x0000000093300000, 0x0000000093400000, 0x0000000093400000|100%| S|CS|TAMS 0x0000000093300000| PB 0x0000000093300000| Complete 
| 308|0x0000000093400000, 0x0000000093500000, 0x0000000093500000|100%| S|CS|TAMS 0x0000000093400000| PB 0x0000000093400000| Complete 
| 309|0x0000000093500000, 0x0000000093600000, 0x0000000093600000|100%| S|CS|TAMS 0x0000000093500000| PB 0x0000000093500000| Complete 
| 310|0x0000000093600000, 0x0000000093700000, 0x0000000093700000|100%| S|CS|TAMS 0x0000000093600000| PB 0x0000000093600000| Complete 
| 311|0x0000000093700000, 0x0000000093800000, 0x0000000093800000|100%| O|  |TAMS 0x0000000093700000| PB 0x0000000093700000| Untracked 
| 312|0x0000000093800000, 0x0000000093900000, 0x0000000093900000|100%| O|  |TAMS 0x0000000093800000| PB 0x0000000093800000| Untracked 
| 313|0x0000000093900000, 0x0000000093a00000, 0x0000000093a00000|100%| O|  |TAMS 0x0000000093900000| PB 0x0000000093900000| Untracked 
| 314|0x0000000093a00000, 0x0000000093b00000, 0x0000000093b00000|100%| O|  |TAMS 0x0000000093a00000| PB 0x0000000093a00000| Untracked 
| 315|0x0000000093b00000, 0x0000000093c00000, 0x0000000093c00000|100%| O|  |TAMS 0x0000000093b00000| PB 0x0000000093b00000| Untracked 
| 316|0x0000000093c00000, 0x0000000093d00000, 0x0000000093d00000|100%| O|  |TAMS 0x0000000093c00000| PB 0x0000000093c00000| Untracked 
| 317|0x0000000093d00000, 0x0000000093e00000, 0x0000000093e00000|100%| O|  |TAMS 0x0000000093d00000| PB 0x0000000093d00000| Untracked 
| 318|0x0000000093e00000, 0x0000000093f00000, 0x0000000093f00000|100%| O|  |TAMS 0x0000000093e00000| PB 0x0000000093e00000| Untracked 
| 319|0x0000000093f00000, 0x0000000094000000, 0x0000000094000000|100%| O|  |TAMS 0x0000000093f00000| PB 0x0000000093f00000| Untracked 
| 320|0x0000000094000000, 0x0000000094100000, 0x0000000094100000|100%| O|  |TAMS 0x0000000094000000| PB 0x0000000094000000| Untracked 
| 321|0x0000000094100000, 0x0000000094200000, 0x0000000094200000|100%| O|  |TAMS 0x0000000094100000| PB 0x0000000094100000| Untracked 
| 322|0x0000000094200000, 0x0000000094300000, 0x0000000094300000|100%| S|CS|TAMS 0x0000000094200000| PB 0x0000000094200000| Complete 
| 323|0x0000000094300000, 0x0000000094400000, 0x0000000094400000|100%| S|CS|TAMS 0x0000000094300000| PB 0x0000000094300000| Complete 
| 324|0x0000000094400000, 0x0000000094500000, 0x0000000094500000|100%| S|CS|TAMS 0x0000000094400000| PB 0x0000000094400000| Complete 
| 325|0x0000000094500000, 0x0000000094600000, 0x0000000094600000|100%| S|CS|TAMS 0x0000000094500000| PB 0x0000000094500000| Complete 
| 326|0x0000000094600000, 0x0000000094700000, 0x0000000094700000|100%| S|CS|TAMS 0x0000000094600000| PB 0x0000000094600000| Complete 
| 327|0x0000000094700000, 0x0000000094800000, 0x0000000094800000|100%| S|CS|TAMS 0x0000000094700000| PB 0x0000000094700000| Complete 
| 328|0x0000000094800000, 0x0000000094900000, 0x0000000094900000|100%| S|CS|TAMS 0x0000000094800000| PB 0x0000000094800000| Complete 
| 329|0x0000000094900000, 0x0000000094a00000, 0x0000000094a00000|100%| S|CS|TAMS 0x0000000094900000| PB 0x0000000094900000| Complete 
| 330|0x0000000094a00000, 0x0000000094b00000, 0x0000000094b00000|100%| S|CS|TAMS 0x0000000094a00000| PB 0x0000000094a00000| Complete 
| 331|0x0000000094b00000, 0x0000000094c00000, 0x0000000094c00000|100%| S|CS|TAMS 0x0000000094b00000| PB 0x0000000094b00000| Complete 
| 332|0x0000000094c00000, 0x0000000094d00000, 0x0000000094d00000|100%| S|CS|TAMS 0x0000000094c00000| PB 0x0000000094c00000| Complete 
| 333|0x0000000094d00000, 0x0000000094d00000, 0x0000000094e00000|  0%| F|  |TAMS 0x0000000094d00000| PB 0x0000000094d00000| Untracked 
| 334|0x0000000094e00000, 0x0000000094e00000, 0x0000000094f00000|  0%| F|  |TAMS 0x0000000094e00000| PB 0x0000000094e00000| Untracked 
| 335|0x0000000094f00000, 0x0000000094f00000, 0x0000000095000000|  0%| F|  |TAMS 0x0000000094f00000| PB 0x0000000094f00000| Untracked 
| 336|0x0000000095000000, 0x0000000095000000, 0x0000000095100000|  0%| F|  |TAMS 0x0000000095000000| PB 0x0000000095000000| Untracked 
| 337|0x0000000095100000, 0x0000000095100000, 0x0000000095200000|  0%| F|  |TAMS 0x0000000095100000| PB 0x0000000095100000| Untracked 
| 338|0x0000000095200000, 0x0000000095200000, 0x0000000095300000|  0%| F|  |TAMS 0x0000000095200000| PB 0x0000000095200000| Untracked 
| 339|0x0000000095300000, 0x0000000095300000, 0x0000000095400000|  0%| F|  |TAMS 0x0000000095300000| PB 0x0000000095300000| Untracked 
| 340|0x0000000095400000, 0x0000000095400000, 0x0000000095500000|  0%| F|  |TAMS 0x0000000095400000| PB 0x0000000095400000| Untracked 
| 341|0x0000000095500000, 0x0000000095500000, 0x0000000095600000|  0%| F|  |TAMS 0x0000000095500000| PB 0x0000000095500000| Untracked 
| 342|0x0000000095600000, 0x0000000095600000, 0x0000000095700000|  0%| F|  |TAMS 0x0000000095600000| PB 0x0000000095600000| Untracked 
| 343|0x0000000095700000, 0x0000000095700000, 0x0000000095800000|  0%| F|  |TAMS 0x0000000095700000| PB 0x0000000095700000| Untracked 
| 344|0x0000000095800000, 0x0000000095800000, 0x0000000095900000|  0%| F|  |TAMS 0x0000000095800000| PB 0x0000000095800000| Untracked 
| 345|0x0000000095900000, 0x0000000095900000, 0x0000000095a00000|  0%| F|  |TAMS 0x0000000095900000| PB 0x0000000095900000| Untracked 
| 346|0x0000000095a00000, 0x0000000095a00000, 0x0000000095b00000|  0%| F|  |TAMS 0x0000000095a00000| PB 0x0000000095a00000| Untracked 
| 347|0x0000000095b00000, 0x0000000095b00000, 0x0000000095c00000|  0%| F|  |TAMS 0x0000000095b00000| PB 0x0000000095b00000| Untracked 
| 348|0x0000000095c00000, 0x0000000095c00000, 0x0000000095d00000|  0%| F|  |TAMS 0x0000000095c00000| PB 0x0000000095c00000| Untracked 
| 349|0x0000000095d00000, 0x0000000095d00000, 0x0000000095e00000|  0%| F|  |TAMS 0x0000000095d00000| PB 0x0000000095d00000| Untracked 
| 350|0x0000000095e00000, 0x0000000095e00000, 0x0000000095f00000|  0%| F|  |TAMS 0x0000000095e00000| PB 0x0000000095e00000| Untracked 
| 351|0x0000000095f00000, 0x0000000095f00000, 0x0000000096000000|  0%| F|  |TAMS 0x0000000095f00000| PB 0x0000000095f00000| Untracked 
| 352|0x0000000096000000, 0x0000000096000000, 0x0000000096100000|  0%| F|  |TAMS 0x0000000096000000| PB 0x0000000096000000| Untracked 
| 353|0x0000000096100000, 0x0000000096100000, 0x0000000096200000|  0%| F|  |TAMS 0x0000000096100000| PB 0x0000000096100000| Untracked 
| 354|0x0000000096200000, 0x0000000096200000, 0x0000000096300000|  0%| F|  |TAMS 0x0000000096200000| PB 0x0000000096200000| Untracked 
| 355|0x0000000096300000, 0x0000000096300000, 0x0000000096400000|  0%| F|  |TAMS 0x0000000096300000| PB 0x0000000096300000| Untracked 
| 356|0x0000000096400000, 0x0000000096400000, 0x0000000096500000|  0%| F|  |TAMS 0x0000000096400000| PB 0x0000000096400000| Untracked 
| 357|0x0000000096500000, 0x0000000096500000, 0x0000000096600000|  0%| F|  |TAMS 0x0000000096500000| PB 0x0000000096500000| Untracked 
| 358|0x0000000096600000, 0x0000000096600000, 0x0000000096700000|  0%| F|  |TAMS 0x0000000096600000| PB 0x0000000096600000| Untracked 
| 359|0x0000000096700000, 0x0000000096700000, 0x0000000096800000|  0%| F|  |TAMS 0x0000000096700000| PB 0x0000000096700000| Untracked 
| 360|0x0000000096800000, 0x0000000096800000, 0x0000000096900000|  0%| F|  |TAMS 0x0000000096800000| PB 0x0000000096800000| Untracked 
| 361|0x0000000096900000, 0x0000000096900000, 0x0000000096a00000|  0%| F|  |TAMS 0x0000000096900000| PB 0x0000000096900000| Untracked 
| 362|0x0000000096a00000, 0x0000000096a00000, 0x0000000096b00000|  0%| F|  |TAMS 0x0000000096a00000| PB 0x0000000096a00000| Untracked 
| 363|0x0000000096b00000, 0x0000000096b00000, 0x0000000096c00000|  0%| F|  |TAMS 0x0000000096b00000| PB 0x0000000096b00000| Untracked 
| 364|0x0000000096c00000, 0x0000000096c00000, 0x0000000096d00000|  0%| F|  |TAMS 0x0000000096c00000| PB 0x0000000096c00000| Untracked 
| 365|0x0000000096d00000, 0x0000000096d00000, 0x0000000096e00000|  0%| F|  |TAMS 0x0000000096d00000| PB 0x0000000096d00000| Untracked 
| 366|0x0000000096e00000, 0x0000000096e00000, 0x0000000096f00000|  0%| F|  |TAMS 0x0000000096e00000| PB 0x0000000096e00000| Untracked 
| 367|0x0000000096f00000, 0x0000000096f00000, 0x0000000097000000|  0%| F|  |TAMS 0x0000000096f00000| PB 0x0000000096f00000| Untracked 
| 368|0x0000000097000000, 0x0000000097000000, 0x0000000097100000|  0%| F|  |TAMS 0x0000000097000000| PB 0x0000000097000000| Untracked 
| 369|0x0000000097100000, 0x0000000097100000, 0x0000000097200000|  0%| F|  |TAMS 0x0000000097100000| PB 0x0000000097100000| Untracked 
| 370|0x0000000097200000, 0x0000000097200000, 0x0000000097300000|  0%| F|  |TAMS 0x0000000097200000| PB 0x0000000097200000| Untracked 
| 371|0x0000000097300000, 0x0000000097300000, 0x0000000097400000|  0%| F|  |TAMS 0x0000000097300000| PB 0x0000000097300000| Untracked 
| 372|0x0000000097400000, 0x0000000097400000, 0x0000000097500000|  0%| F|  |TAMS 0x0000000097400000| PB 0x0000000097400000| Untracked 
| 373|0x0000000097500000, 0x0000000097500000, 0x0000000097600000|  0%| F|  |TAMS 0x0000000097500000| PB 0x0000000097500000| Untracked 
| 374|0x0000000097600000, 0x0000000097600000, 0x0000000097700000|  0%| F|  |TAMS 0x0000000097600000| PB 0x0000000097600000| Untracked 
| 375|0x0000000097700000, 0x0000000097700000, 0x0000000097800000|  0%| F|  |TAMS 0x0000000097700000| PB 0x0000000097700000| Untracked 
| 376|0x0000000097800000, 0x0000000097800000, 0x0000000097900000|  0%| F|  |TAMS 0x0000000097800000| PB 0x0000000097800000| Untracked 
| 377|0x0000000097900000, 0x0000000097900000, 0x0000000097a00000|  0%| F|  |TAMS 0x0000000097900000| PB 0x0000000097900000| Untracked 
| 378|0x0000000097a00000, 0x0000000097a00000, 0x0000000097b00000|  0%| F|  |TAMS 0x0000000097a00000| PB 0x0000000097a00000| Untracked 
| 379|0x0000000097b00000, 0x0000000097b00000, 0x0000000097c00000|  0%| F|  |TAMS 0x0000000097b00000| PB 0x0000000097b00000| Untracked 
| 380|0x0000000097c00000, 0x0000000097c00000, 0x0000000097d00000|  0%| F|  |TAMS 0x0000000097c00000| PB 0x0000000097c00000| Untracked 
| 381|0x0000000097d00000, 0x0000000097d00000, 0x0000000097e00000|  0%| F|  |TAMS 0x0000000097d00000| PB 0x0000000097d00000| Untracked 
| 382|0x0000000097e00000, 0x0000000097e00000, 0x0000000097f00000|  0%| F|  |TAMS 0x0000000097e00000| PB 0x0000000097e00000| Untracked 
| 383|0x0000000097f00000, 0x0000000097f00000, 0x0000000098000000|  0%| F|  |TAMS 0x0000000097f00000| PB 0x0000000097f00000| Untracked 
| 384|0x0000000098000000, 0x0000000098000000, 0x0000000098100000|  0%| F|  |TAMS 0x0000000098000000| PB 0x0000000098000000| Untracked 
| 385|0x0000000098100000, 0x0000000098100000, 0x0000000098200000|  0%| F|  |TAMS 0x0000000098100000| PB 0x0000000098100000| Untracked 
| 386|0x0000000098200000, 0x0000000098200000, 0x0000000098300000|  0%| F|  |TAMS 0x0000000098200000| PB 0x0000000098200000| Untracked 
| 387|0x0000000098300000, 0x0000000098300000, 0x0000000098400000|  0%| F|  |TAMS 0x0000000098300000| PB 0x0000000098300000| Untracked 
| 388|0x0000000098400000, 0x0000000098400000, 0x0000000098500000|  0%| F|  |TAMS 0x0000000098400000| PB 0x0000000098400000| Untracked 
| 389|0x0000000098500000, 0x0000000098500000, 0x0000000098600000|  0%| F|  |TAMS 0x0000000098500000| PB 0x0000000098500000| Untracked 
| 390|0x0000000098600000, 0x0000000098600000, 0x0000000098700000|  0%| F|  |TAMS 0x0000000098600000| PB 0x0000000098600000| Untracked 
| 391|0x0000000098700000, 0x0000000098700000, 0x0000000098800000|  0%| F|  |TAMS 0x0000000098700000| PB 0x0000000098700000| Untracked 
| 392|0x0000000098800000, 0x0000000098800000, 0x0000000098900000|  0%| F|  |TAMS 0x0000000098800000| PB 0x0000000098800000| Untracked 
| 393|0x0000000098900000, 0x0000000098900000, 0x0000000098a00000|  0%| F|  |TAMS 0x0000000098900000| PB 0x0000000098900000| Untracked 
| 394|0x0000000098a00000, 0x0000000098a00000, 0x0000000098b00000|  0%| F|  |TAMS 0x0000000098a00000| PB 0x0000000098a00000| Untracked 
| 395|0x0000000098b00000, 0x0000000098b00000, 0x0000000098c00000|  0%| F|  |TAMS 0x0000000098b00000| PB 0x0000000098b00000| Untracked 
| 396|0x0000000098c00000, 0x0000000098c00000, 0x0000000098d00000|  0%| F|  |TAMS 0x0000000098c00000| PB 0x0000000098c00000| Untracked 
| 397|0x0000000098d00000, 0x0000000098d00000, 0x0000000098e00000|  0%| F|  |TAMS 0x0000000098d00000| PB 0x0000000098d00000| Untracked 
| 398|0x0000000098e00000, 0x0000000098e00000, 0x0000000098f00000|  0%| F|  |TAMS 0x0000000098e00000| PB 0x0000000098e00000| Untracked 
| 399|0x0000000098f00000, 0x0000000098f00000, 0x0000000099000000|  0%| F|  |TAMS 0x0000000098f00000| PB 0x0000000098f00000| Untracked 
| 400|0x0000000099000000, 0x0000000099000000, 0x0000000099100000|  0%| F|  |TAMS 0x0000000099000000| PB 0x0000000099000000| Untracked 
| 401|0x0000000099100000, 0x0000000099100000, 0x0000000099200000|  0%| F|  |TAMS 0x0000000099100000| PB 0x0000000099100000| Untracked 
| 402|0x0000000099200000, 0x0000000099200000, 0x0000000099300000|  0%| F|  |TAMS 0x0000000099200000| PB 0x0000000099200000| Untracked 
| 403|0x0000000099300000, 0x0000000099300000, 0x0000000099400000|  0%| F|  |TAMS 0x0000000099300000| PB 0x0000000099300000| Untracked 
| 404|0x0000000099400000, 0x0000000099400000, 0x0000000099500000|  0%| F|  |TAMS 0x0000000099400000| PB 0x0000000099400000| Untracked 
| 405|0x0000000099500000, 0x0000000099500000, 0x0000000099600000|  0%| F|  |TAMS 0x0000000099500000| PB 0x0000000099500000| Untracked 
| 406|0x0000000099600000, 0x0000000099600000, 0x0000000099700000|  0%| F|  |TAMS 0x0000000099600000| PB 0x0000000099600000| Untracked 
| 407|0x0000000099700000, 0x0000000099700000, 0x0000000099800000|  0%| F|  |TAMS 0x0000000099700000| PB 0x0000000099700000| Untracked 
| 408|0x0000000099800000, 0x0000000099800000, 0x0000000099900000|  0%| F|  |TAMS 0x0000000099800000| PB 0x0000000099800000| Untracked 
| 409|0x0000000099900000, 0x0000000099900000, 0x0000000099a00000|  0%| F|  |TAMS 0x0000000099900000| PB 0x0000000099900000| Untracked 
| 410|0x0000000099a00000, 0x0000000099a00000, 0x0000000099b00000|  0%| F|  |TAMS 0x0000000099a00000| PB 0x0000000099a00000| Untracked 
| 411|0x0000000099b00000, 0x0000000099b00000, 0x0000000099c00000|  0%| F|  |TAMS 0x0000000099b00000| PB 0x0000000099b00000| Untracked 
| 412|0x0000000099c00000, 0x0000000099c00000, 0x0000000099d00000|  0%| F|  |TAMS 0x0000000099c00000| PB 0x0000000099c00000| Untracked 
| 413|0x0000000099d00000, 0x0000000099d00000, 0x0000000099e00000|  0%| F|  |TAMS 0x0000000099d00000| PB 0x0000000099d00000| Untracked 
| 414|0x0000000099e00000, 0x0000000099e00000, 0x0000000099f00000|  0%| F|  |TAMS 0x0000000099e00000| PB 0x0000000099e00000| Untracked 
| 415|0x0000000099f00000, 0x0000000099f00000, 0x000000009a000000|  0%| F|  |TAMS 0x0000000099f00000| PB 0x0000000099f00000| Untracked 
| 416|0x000000009a000000, 0x000000009a000000, 0x000000009a100000|  0%| F|  |TAMS 0x000000009a000000| PB 0x000000009a000000| Untracked 
| 417|0x000000009a100000, 0x000000009a100000, 0x000000009a200000|  0%| F|  |TAMS 0x000000009a100000| PB 0x000000009a100000| Untracked 
| 418|0x000000009a200000, 0x000000009a200000, 0x000000009a300000|  0%| F|  |TAMS 0x000000009a200000| PB 0x000000009a200000| Untracked 
| 419|0x000000009a300000, 0x000000009a300000, 0x000000009a400000|  0%| F|  |TAMS 0x000000009a300000| PB 0x000000009a300000| Untracked 
| 420|0x000000009a400000, 0x000000009a400000, 0x000000009a500000|  0%| F|  |TAMS 0x000000009a400000| PB 0x000000009a400000| Untracked 
| 421|0x000000009a500000, 0x000000009a500000, 0x000000009a600000|  0%| F|  |TAMS 0x000000009a500000| PB 0x000000009a500000| Untracked 
| 422|0x000000009a600000, 0x000000009a600000, 0x000000009a700000|  0%| F|  |TAMS 0x000000009a600000| PB 0x000000009a600000| Untracked 
| 423|0x000000009a700000, 0x000000009a700000, 0x000000009a800000|  0%| F|  |TAMS 0x000000009a700000| PB 0x000000009a700000| Untracked 
| 424|0x000000009a800000, 0x000000009a800000, 0x000000009a900000|  0%| F|  |TAMS 0x000000009a800000| PB 0x000000009a800000| Untracked 
| 425|0x000000009a900000, 0x000000009a900000, 0x000000009aa00000|  0%| F|  |TAMS 0x000000009a900000| PB 0x000000009a900000| Untracked 
| 426|0x000000009aa00000, 0x000000009aa00000, 0x000000009ab00000|  0%| F|  |TAMS 0x000000009aa00000| PB 0x000000009aa00000| Untracked 
| 427|0x000000009ab00000, 0x000000009ab00000, 0x000000009ac00000|  0%| F|  |TAMS 0x000000009ab00000| PB 0x000000009ab00000| Untracked 
| 428|0x000000009ac00000, 0x000000009ac00000, 0x000000009ad00000|  0%| F|  |TAMS 0x000000009ac00000| PB 0x000000009ac00000| Untracked 
| 429|0x000000009ad00000, 0x000000009ad00000, 0x000000009ae00000|  0%| F|  |TAMS 0x000000009ad00000| PB 0x000000009ad00000| Untracked 
| 430|0x000000009ae00000, 0x000000009ae00000, 0x000000009af00000|  0%| F|  |TAMS 0x000000009ae00000| PB 0x000000009ae00000| Untracked 
| 431|0x000000009af00000, 0x000000009af00000, 0x000000009b000000|  0%| F|  |TAMS 0x000000009af00000| PB 0x000000009af00000| Untracked 
| 432|0x000000009b000000, 0x000000009b000000, 0x000000009b100000|  0%| F|  |TAMS 0x000000009b000000| PB 0x000000009b000000| Untracked 
| 433|0x000000009b100000, 0x000000009b100000, 0x000000009b200000|  0%| F|  |TAMS 0x000000009b100000| PB 0x000000009b100000| Untracked 
| 434|0x000000009b200000, 0x000000009b200000, 0x000000009b300000|  0%| F|  |TAMS 0x000000009b200000| PB 0x000000009b200000| Untracked 
| 435|0x000000009b300000, 0x000000009b300000, 0x000000009b400000|  0%| F|  |TAMS 0x000000009b300000| PB 0x000000009b300000| Untracked 
| 436|0x000000009b400000, 0x000000009b400000, 0x000000009b500000|  0%| F|  |TAMS 0x000000009b400000| PB 0x000000009b400000| Untracked 
| 437|0x000000009b500000, 0x000000009b500000, 0x000000009b600000|  0%| F|  |TAMS 0x000000009b500000| PB 0x000000009b500000| Untracked 
| 438|0x000000009b600000, 0x000000009b600000, 0x000000009b700000|  0%| F|  |TAMS 0x000000009b600000| PB 0x000000009b600000| Untracked 
| 439|0x000000009b700000, 0x000000009b700000, 0x000000009b800000|  0%| F|  |TAMS 0x000000009b700000| PB 0x000000009b700000| Untracked 
| 440|0x000000009b800000, 0x000000009b800000, 0x000000009b900000|  0%| F|  |TAMS 0x000000009b800000| PB 0x000000009b800000| Untracked 
| 441|0x000000009b900000, 0x000000009b900000, 0x000000009ba00000|  0%| F|  |TAMS 0x000000009b900000| PB 0x000000009b900000| Untracked 
| 442|0x000000009ba00000, 0x000000009ba00000, 0x000000009bb00000|  0%| F|  |TAMS 0x000000009ba00000| PB 0x000000009ba00000| Untracked 
| 443|0x000000009bb00000, 0x000000009bb00000, 0x000000009bc00000|  0%| F|  |TAMS 0x000000009bb00000| PB 0x000000009bb00000| Untracked 
| 444|0x000000009bc00000, 0x000000009bc00000, 0x000000009bd00000|  0%| F|  |TAMS 0x000000009bc00000| PB 0x000000009bc00000| Untracked 
| 445|0x000000009bd00000, 0x000000009bd00000, 0x000000009be00000|  0%| F|  |TAMS 0x000000009bd00000| PB 0x000000009bd00000| Untracked 
| 446|0x000000009be00000, 0x000000009be00000, 0x000000009bf00000|  0%| F|  |TAMS 0x000000009be00000| PB 0x000000009be00000| Untracked 
| 447|0x000000009bf00000, 0x000000009bf00000, 0x000000009c000000|  0%| F|  |TAMS 0x000000009bf00000| PB 0x000000009bf00000| Untracked 
| 448|0x000000009c000000, 0x000000009c000000, 0x000000009c100000|  0%| F|  |TAMS 0x000000009c000000| PB 0x000000009c000000| Untracked 
| 449|0x000000009c100000, 0x000000009c100000, 0x000000009c200000|  0%| F|  |TAMS 0x000000009c100000| PB 0x000000009c100000| Untracked 
| 450|0x000000009c200000, 0x000000009c200000, 0x000000009c300000|  0%| F|  |TAMS 0x000000009c200000| PB 0x000000009c200000| Untracked 
| 451|0x000000009c300000, 0x000000009c300000, 0x000000009c400000|  0%| F|  |TAMS 0x000000009c300000| PB 0x000000009c300000| Untracked 
| 452|0x000000009c400000, 0x000000009c400000, 0x000000009c500000|  0%| F|  |TAMS 0x000000009c400000| PB 0x000000009c400000| Untracked 
| 453|0x000000009c500000, 0x000000009c500000, 0x000000009c600000|  0%| F|  |TAMS 0x000000009c500000| PB 0x000000009c500000| Untracked 
| 454|0x000000009c600000, 0x000000009c600000, 0x000000009c700000|  0%| F|  |TAMS 0x000000009c600000| PB 0x000000009c600000| Untracked 
| 455|0x000000009c700000, 0x000000009c700000, 0x000000009c800000|  0%| F|  |TAMS 0x000000009c700000| PB 0x000000009c700000| Untracked 
| 456|0x000000009c800000, 0x000000009c800000, 0x000000009c900000|  0%| F|  |TAMS 0x000000009c800000| PB 0x000000009c800000| Untracked 
| 457|0x000000009c900000, 0x000000009c900000, 0x000000009ca00000|  0%| F|  |TAMS 0x000000009c900000| PB 0x000000009c900000| Untracked 
| 458|0x000000009ca00000, 0x000000009ca00000, 0x000000009cb00000|  0%| F|  |TAMS 0x000000009ca00000| PB 0x000000009ca00000| Untracked 
| 459|0x000000009cb00000, 0x000000009cb00000, 0x000000009cc00000|  0%| F|  |TAMS 0x000000009cb00000| PB 0x000000009cb00000| Untracked 
| 460|0x000000009cc00000, 0x000000009cc00000, 0x000000009cd00000|  0%| F|  |TAMS 0x000000009cc00000| PB 0x000000009cc00000| Untracked 
| 461|0x000000009cd00000, 0x000000009cd00000, 0x000000009ce00000|  0%| F|  |TAMS 0x000000009cd00000| PB 0x000000009cd00000| Untracked 
| 462|0x000000009ce00000, 0x000000009ce00000, 0x000000009cf00000|  0%| F|  |TAMS 0x000000009ce00000| PB 0x000000009ce00000| Untracked 
| 463|0x000000009cf00000, 0x000000009cf00000, 0x000000009d000000|  0%| F|  |TAMS 0x000000009cf00000| PB 0x000000009cf00000| Untracked 
| 464|0x000000009d000000, 0x000000009d000000, 0x000000009d100000|  0%| F|  |TAMS 0x000000009d000000| PB 0x000000009d000000| Untracked 
| 465|0x000000009d100000, 0x000000009d100000, 0x000000009d200000|  0%| F|  |TAMS 0x000000009d100000| PB 0x000000009d100000| Untracked 
| 466|0x000000009d200000, 0x000000009d200000, 0x000000009d300000|  0%| F|  |TAMS 0x000000009d200000| PB 0x000000009d200000| Untracked 
| 467|0x000000009d300000, 0x000000009d300000, 0x000000009d400000|  0%| F|  |TAMS 0x000000009d300000| PB 0x000000009d300000| Untracked 
| 468|0x000000009d400000, 0x000000009d400000, 0x000000009d500000|  0%| F|  |TAMS 0x000000009d400000| PB 0x000000009d400000| Untracked 
| 469|0x000000009d500000, 0x000000009d500000, 0x000000009d600000|  0%| F|  |TAMS 0x000000009d500000| PB 0x000000009d500000| Untracked 
| 470|0x000000009d600000, 0x000000009d600000, 0x000000009d700000|  0%| F|  |TAMS 0x000000009d600000| PB 0x000000009d600000| Untracked 
| 471|0x000000009d700000, 0x000000009d700000, 0x000000009d800000|  0%| F|  |TAMS 0x000000009d700000| PB 0x000000009d700000| Untracked 
| 472|0x000000009d800000, 0x000000009d800000, 0x000000009d900000|  0%| F|  |TAMS 0x000000009d800000| PB 0x000000009d800000| Untracked 
| 473|0x000000009d900000, 0x000000009d900000, 0x000000009da00000|  0%| F|  |TAMS 0x000000009d900000| PB 0x000000009d900000| Untracked 
| 474|0x000000009da00000, 0x000000009da00000, 0x000000009db00000|  0%| F|  |TAMS 0x000000009da00000| PB 0x000000009da00000| Untracked 
| 475|0x000000009db00000, 0x000000009db00000, 0x000000009dc00000|  0%| F|  |TAMS 0x000000009db00000| PB 0x000000009db00000| Untracked 
| 476|0x000000009dc00000, 0x000000009dc00000, 0x000000009dd00000|  0%| F|  |TAMS 0x000000009dc00000| PB 0x000000009dc00000| Untracked 
| 477|0x000000009dd00000, 0x000000009dd00000, 0x000000009de00000|  0%| F|  |TAMS 0x000000009dd00000| PB 0x000000009dd00000| Untracked 
| 478|0x000000009de00000, 0x000000009de00000, 0x000000009df00000|  0%| F|  |TAMS 0x000000009de00000| PB 0x000000009de00000| Untracked 
| 479|0x000000009df00000, 0x000000009df00000, 0x000000009e000000|  0%| F|  |TAMS 0x000000009df00000| PB 0x000000009df00000| Untracked 
| 480|0x000000009e000000, 0x000000009e000000, 0x000000009e100000|  0%| F|  |TAMS 0x000000009e000000| PB 0x000000009e000000| Untracked 
| 481|0x000000009e100000, 0x000000009e100000, 0x000000009e200000|  0%| F|  |TAMS 0x000000009e100000| PB 0x000000009e100000| Untracked 
| 482|0x000000009e200000, 0x000000009e200000, 0x000000009e300000|  0%| F|  |TAMS 0x000000009e200000| PB 0x000000009e200000| Untracked 
| 483|0x000000009e300000, 0x000000009e300000, 0x000000009e400000|  0%| F|  |TAMS 0x000000009e300000| PB 0x000000009e300000| Untracked 
| 484|0x000000009e400000, 0x000000009e400000, 0x000000009e500000|  0%| F|  |TAMS 0x000000009e400000| PB 0x000000009e400000| Untracked 
| 485|0x000000009e500000, 0x000000009e500000, 0x000000009e600000|  0%| F|  |TAMS 0x000000009e500000| PB 0x000000009e500000| Untracked 
| 486|0x000000009e600000, 0x000000009e600000, 0x000000009e700000|  0%| F|  |TAMS 0x000000009e600000| PB 0x000000009e600000| Untracked 
| 487|0x000000009e700000, 0x000000009e700000, 0x000000009e800000|  0%| F|  |TAMS 0x000000009e700000| PB 0x000000009e700000| Untracked 
| 488|0x000000009e800000, 0x000000009e800000, 0x000000009e900000|  0%| F|  |TAMS 0x000000009e800000| PB 0x000000009e800000| Untracked 
| 489|0x000000009e900000, 0x000000009e900000, 0x000000009ea00000|  0%| F|  |TAMS 0x000000009e900000| PB 0x000000009e900000| Untracked 
| 490|0x000000009ea00000, 0x000000009ea00000, 0x000000009eb00000|  0%| F|  |TAMS 0x000000009ea00000| PB 0x000000009ea00000| Untracked 
| 491|0x000000009eb00000, 0x000000009eb00000, 0x000000009ec00000|  0%| F|  |TAMS 0x000000009eb00000| PB 0x000000009eb00000| Untracked 
| 492|0x000000009ec00000, 0x000000009ec00000, 0x000000009ed00000|  0%| F|  |TAMS 0x000000009ec00000| PB 0x000000009ec00000| Untracked 
| 493|0x000000009ed00000, 0x000000009ed00000, 0x000000009ee00000|  0%| F|  |TAMS 0x000000009ed00000| PB 0x000000009ed00000| Untracked 
| 494|0x000000009ee00000, 0x000000009ee00000, 0x000000009ef00000|  0%| F|  |TAMS 0x000000009ee00000| PB 0x000000009ee00000| Untracked 
| 495|0x000000009ef00000, 0x000000009ef00000, 0x000000009f000000|  0%| F|  |TAMS 0x000000009ef00000| PB 0x000000009ef00000| Untracked 
| 496|0x000000009f000000, 0x000000009f000000, 0x000000009f100000|  0%| F|  |TAMS 0x000000009f000000| PB 0x000000009f000000| Untracked 
| 497|0x000000009f100000, 0x000000009f100000, 0x000000009f200000|  0%| F|  |TAMS 0x000000009f100000| PB 0x000000009f100000| Untracked 
| 498|0x000000009f200000, 0x000000009f200000, 0x000000009f300000|  0%| F|  |TAMS 0x000000009f200000| PB 0x000000009f200000| Untracked 
| 499|0x000000009f300000, 0x000000009f300000, 0x000000009f400000|  0%| F|  |TAMS 0x000000009f300000| PB 0x000000009f300000| Untracked 
| 500|0x000000009f400000, 0x000000009f400000, 0x000000009f500000|  0%| F|  |TAMS 0x000000009f400000| PB 0x000000009f400000| Untracked 
| 501|0x000000009f500000, 0x000000009f500000, 0x000000009f600000|  0%| F|  |TAMS 0x000000009f500000| PB 0x000000009f500000| Untracked 
| 502|0x000000009f600000, 0x000000009f600000, 0x000000009f700000|  0%| F|  |TAMS 0x000000009f600000| PB 0x000000009f600000| Untracked 
| 503|0x000000009f700000, 0x000000009f700000, 0x000000009f800000|  0%| F|  |TAMS 0x000000009f700000| PB 0x000000009f700000| Untracked 
| 504|0x000000009f800000, 0x000000009f800000, 0x000000009f900000|  0%| F|  |TAMS 0x000000009f800000| PB 0x000000009f800000| Untracked 
| 505|0x000000009f900000, 0x000000009f900000, 0x000000009fa00000|  0%| F|  |TAMS 0x000000009f900000| PB 0x000000009f900000| Untracked 
| 506|0x000000009fa00000, 0x000000009fa00000, 0x000000009fb00000|  0%| F|  |TAMS 0x000000009fa00000| PB 0x000000009fa00000| Untracked 
| 507|0x000000009fb00000, 0x000000009fb00000, 0x000000009fc00000|  0%| F|  |TAMS 0x000000009fb00000| PB 0x000000009fb00000| Untracked 
| 508|0x000000009fc00000, 0x000000009fc00000, 0x000000009fd00000|  0%| F|  |TAMS 0x000000009fc00000| PB 0x000000009fc00000| Untracked 
| 509|0x000000009fd00000, 0x000000009fd00000, 0x000000009fe00000|  0%| F|  |TAMS 0x000000009fd00000| PB 0x000000009fd00000| Untracked 
| 510|0x000000009fe00000, 0x000000009fe00000, 0x000000009ff00000|  0%| F|  |TAMS 0x000000009fe00000| PB 0x000000009fe00000| Untracked 
| 511|0x000000009ff00000, 0x000000009ff00000, 0x00000000a0000000|  0%| F|  |TAMS 0x000000009ff00000| PB 0x000000009ff00000| Untracked 
| 512|0x00000000a0000000, 0x00000000a0000000, 0x00000000a0100000|  0%| F|  |TAMS 0x00000000a0000000| PB 0x00000000a0000000| Untracked 
| 513|0x00000000a0100000, 0x00000000a0100000, 0x00000000a0200000|  0%| F|  |TAMS 0x00000000a0100000| PB 0x00000000a0100000| Untracked 
| 514|0x00000000a0200000, 0x00000000a0200000, 0x00000000a0300000|  0%| F|  |TAMS 0x00000000a0200000| PB 0x00000000a0200000| Untracked 
| 515|0x00000000a0300000, 0x00000000a0300000, 0x00000000a0400000|  0%| F|  |TAMS 0x00000000a0300000| PB 0x00000000a0300000| Untracked 
| 516|0x00000000a0400000, 0x00000000a0400000, 0x00000000a0500000|  0%| F|  |TAMS 0x00000000a0400000| PB 0x00000000a0400000| Untracked 
| 517|0x00000000a0500000, 0x00000000a0500000, 0x00000000a0600000|  0%| F|  |TAMS 0x00000000a0500000| PB 0x00000000a0500000| Untracked 
| 518|0x00000000a0600000, 0x00000000a0600000, 0x00000000a0700000|  0%| F|  |TAMS 0x00000000a0600000| PB 0x00000000a0600000| Untracked 
| 519|0x00000000a0700000, 0x00000000a0700000, 0x00000000a0800000|  0%| F|  |TAMS 0x00000000a0700000| PB 0x00000000a0700000| Untracked 
| 520|0x00000000a0800000, 0x00000000a0800000, 0x00000000a0900000|  0%| F|  |TAMS 0x00000000a0800000| PB 0x00000000a0800000| Untracked 
| 521|0x00000000a0900000, 0x00000000a0900000, 0x00000000a0a00000|  0%| F|  |TAMS 0x00000000a0900000| PB 0x00000000a0900000| Untracked 
| 522|0x00000000a0a00000, 0x00000000a0a00000, 0x00000000a0b00000|  0%| F|  |TAMS 0x00000000a0a00000| PB 0x00000000a0a00000| Untracked 
| 523|0x00000000a0b00000, 0x00000000a0b00000, 0x00000000a0c00000|  0%| F|  |TAMS 0x00000000a0b00000| PB 0x00000000a0b00000| Untracked 
| 524|0x00000000a0c00000, 0x00000000a0c00000, 0x00000000a0d00000|  0%| F|  |TAMS 0x00000000a0c00000| PB 0x00000000a0c00000| Untracked 
| 525|0x00000000a0d00000, 0x00000000a0d00000, 0x00000000a0e00000|  0%| F|  |TAMS 0x00000000a0d00000| PB 0x00000000a0d00000| Untracked 
| 526|0x00000000a0e00000, 0x00000000a0e00000, 0x00000000a0f00000|  0%| F|  |TAMS 0x00000000a0e00000| PB 0x00000000a0e00000| Untracked 
| 527|0x00000000a0f00000, 0x00000000a0f00000, 0x00000000a1000000|  0%| F|  |TAMS 0x00000000a0f00000| PB 0x00000000a0f00000| Untracked 
| 528|0x00000000a1000000, 0x00000000a1000000, 0x00000000a1100000|  0%| F|  |TAMS 0x00000000a1000000| PB 0x00000000a1000000| Untracked 
| 529|0x00000000a1100000, 0x00000000a1100000, 0x00000000a1200000|  0%| F|  |TAMS 0x00000000a1100000| PB 0x00000000a1100000| Untracked 
| 530|0x00000000a1200000, 0x00000000a1200000, 0x00000000a1300000|  0%| F|  |TAMS 0x00000000a1200000| PB 0x00000000a1200000| Untracked 
| 531|0x00000000a1300000, 0x00000000a1300000, 0x00000000a1400000|  0%| F|  |TAMS 0x00000000a1300000| PB 0x00000000a1300000| Untracked 
| 532|0x00000000a1400000, 0x00000000a1400000, 0x00000000a1500000|  0%| F|  |TAMS 0x00000000a1400000| PB 0x00000000a1400000| Untracked 
| 533|0x00000000a1500000, 0x00000000a1500000, 0x00000000a1600000|  0%| F|  |TAMS 0x00000000a1500000| PB 0x00000000a1500000| Untracked 
| 534|0x00000000a1600000, 0x00000000a1600000, 0x00000000a1700000|  0%| F|  |TAMS 0x00000000a1600000| PB 0x00000000a1600000| Untracked 
| 535|0x00000000a1700000, 0x00000000a1700000, 0x00000000a1800000|  0%| F|  |TAMS 0x00000000a1700000| PB 0x00000000a1700000| Untracked 
| 536|0x00000000a1800000, 0x00000000a1800000, 0x00000000a1900000|  0%| F|  |TAMS 0x00000000a1800000| PB 0x00000000a1800000| Untracked 
| 537|0x00000000a1900000, 0x00000000a1900000, 0x00000000a1a00000|  0%| F|  |TAMS 0x00000000a1900000| PB 0x00000000a1900000| Untracked 
| 538|0x00000000a1a00000, 0x00000000a1a00000, 0x00000000a1b00000|  0%| F|  |TAMS 0x00000000a1a00000| PB 0x00000000a1a00000| Untracked 
| 539|0x00000000a1b00000, 0x00000000a1b00000, 0x00000000a1c00000|  0%| F|  |TAMS 0x00000000a1b00000| PB 0x00000000a1b00000| Untracked 
| 540|0x00000000a1c00000, 0x00000000a1c00000, 0x00000000a1d00000|  0%| F|  |TAMS 0x00000000a1c00000| PB 0x00000000a1c00000| Untracked 
| 541|0x00000000a1d00000, 0x00000000a1d00000, 0x00000000a1e00000|  0%| F|  |TAMS 0x00000000a1d00000| PB 0x00000000a1d00000| Untracked 
| 542|0x00000000a1e00000, 0x00000000a1e00000, 0x00000000a1f00000|  0%| F|  |TAMS 0x00000000a1e00000| PB 0x00000000a1e00000| Untracked 
| 543|0x00000000a1f00000, 0x00000000a1f00000, 0x00000000a2000000|  0%| F|  |TAMS 0x00000000a1f00000| PB 0x00000000a1f00000| Untracked 
| 544|0x00000000a2000000, 0x00000000a2000000, 0x00000000a2100000|  0%| F|  |TAMS 0x00000000a2000000| PB 0x00000000a2000000| Untracked 
| 545|0x00000000a2100000, 0x00000000a2100000, 0x00000000a2200000|  0%| F|  |TAMS 0x00000000a2100000| PB 0x00000000a2100000| Untracked 
| 546|0x00000000a2200000, 0x00000000a2200000, 0x00000000a2300000|  0%| F|  |TAMS 0x00000000a2200000| PB 0x00000000a2200000| Untracked 
| 547|0x00000000a2300000, 0x00000000a2300000, 0x00000000a2400000|  0%| F|  |TAMS 0x00000000a2300000| PB 0x00000000a2300000| Untracked 
| 548|0x00000000a2400000, 0x00000000a2400000, 0x00000000a2500000|  0%| F|  |TAMS 0x00000000a2400000| PB 0x00000000a2400000| Untracked 
| 549|0x00000000a2500000, 0x00000000a2500000, 0x00000000a2600000|  0%| F|  |TAMS 0x00000000a2500000| PB 0x00000000a2500000| Untracked 
| 550|0x00000000a2600000, 0x00000000a2600000, 0x00000000a2700000|  0%| F|  |TAMS 0x00000000a2600000| PB 0x00000000a2600000| Untracked 
| 551|0x00000000a2700000, 0x00000000a2700000, 0x00000000a2800000|  0%| F|  |TAMS 0x00000000a2700000| PB 0x00000000a2700000| Untracked 
| 552|0x00000000a2800000, 0x00000000a2800000, 0x00000000a2900000|  0%| F|  |TAMS 0x00000000a2800000| PB 0x00000000a2800000| Untracked 
| 553|0x00000000a2900000, 0x00000000a2900000, 0x00000000a2a00000|  0%| F|  |TAMS 0x00000000a2900000| PB 0x00000000a2900000| Untracked 
| 554|0x00000000a2a00000, 0x00000000a2a00000, 0x00000000a2b00000|  0%| F|  |TAMS 0x00000000a2a00000| PB 0x00000000a2a00000| Untracked 
| 555|0x00000000a2b00000, 0x00000000a2b00000, 0x00000000a2c00000|  0%| F|  |TAMS 0x00000000a2b00000| PB 0x00000000a2b00000| Untracked 
| 556|0x00000000a2c00000, 0x00000000a2c00000, 0x00000000a2d00000|  0%| F|  |TAMS 0x00000000a2c00000| PB 0x00000000a2c00000| Untracked 
| 557|0x00000000a2d00000, 0x00000000a2d00000, 0x00000000a2e00000|  0%| F|  |TAMS 0x00000000a2d00000| PB 0x00000000a2d00000| Untracked 
| 558|0x00000000a2e00000, 0x00000000a2e00000, 0x00000000a2f00000|  0%| F|  |TAMS 0x00000000a2e00000| PB 0x00000000a2e00000| Untracked 
| 559|0x00000000a2f00000, 0x00000000a2f00000, 0x00000000a3000000|  0%| F|  |TAMS 0x00000000a2f00000| PB 0x00000000a2f00000| Untracked 
| 560|0x00000000a3000000, 0x00000000a3000000, 0x00000000a3100000|  0%| F|  |TAMS 0x00000000a3000000| PB 0x00000000a3000000| Untracked 
| 561|0x00000000a3100000, 0x00000000a3100000, 0x00000000a3200000|  0%| F|  |TAMS 0x00000000a3100000| PB 0x00000000a3100000| Untracked 
| 562|0x00000000a3200000, 0x00000000a3200000, 0x00000000a3300000|  0%| F|  |TAMS 0x00000000a3200000| PB 0x00000000a3200000| Untracked 
| 563|0x00000000a3300000, 0x00000000a3300000, 0x00000000a3400000|  0%| F|  |TAMS 0x00000000a3300000| PB 0x00000000a3300000| Untracked 
| 564|0x00000000a3400000, 0x00000000a3400000, 0x00000000a3500000|  0%| F|  |TAMS 0x00000000a3400000| PB 0x00000000a3400000| Untracked 
| 565|0x00000000a3500000, 0x00000000a3500000, 0x00000000a3600000|  0%| F|  |TAMS 0x00000000a3500000| PB 0x00000000a3500000| Untracked 
| 566|0x00000000a3600000, 0x00000000a3600000, 0x00000000a3700000|  0%| F|  |TAMS 0x00000000a3600000| PB 0x00000000a3600000| Untracked 
| 567|0x00000000a3700000, 0x00000000a3700000, 0x00000000a3800000|  0%| F|  |TAMS 0x00000000a3700000| PB 0x00000000a3700000| Untracked 
| 568|0x00000000a3800000, 0x00000000a3800000, 0x00000000a3900000|  0%| F|  |TAMS 0x00000000a3800000| PB 0x00000000a3800000| Untracked 
| 569|0x00000000a3900000, 0x00000000a3900000, 0x00000000a3a00000|  0%| F|  |TAMS 0x00000000a3900000| PB 0x00000000a3900000| Untracked 
| 570|0x00000000a3a00000, 0x00000000a3a00000, 0x00000000a3b00000|  0%| F|  |TAMS 0x00000000a3a00000| PB 0x00000000a3a00000| Untracked 
| 571|0x00000000a3b00000, 0x00000000a3b00000, 0x00000000a3c00000|  0%| F|  |TAMS 0x00000000a3b00000| PB 0x00000000a3b00000| Untracked 
| 572|0x00000000a3c00000, 0x00000000a3c00000, 0x00000000a3d00000|  0%| F|  |TAMS 0x00000000a3c00000| PB 0x00000000a3c00000| Untracked 
| 573|0x00000000a3d00000, 0x00000000a3d00000, 0x00000000a3e00000|  0%| F|  |TAMS 0x00000000a3d00000| PB 0x00000000a3d00000| Untracked 
| 574|0x00000000a3e00000, 0x00000000a3e00000, 0x00000000a3f00000|  0%| F|  |TAMS 0x00000000a3e00000| PB 0x00000000a3e00000| Untracked 
| 575|0x00000000a3f00000, 0x00000000a3f00000, 0x00000000a4000000|  0%| F|  |TAMS 0x00000000a3f00000| PB 0x00000000a3f00000| Untracked 
| 576|0x00000000a4000000, 0x00000000a4000000, 0x00000000a4100000|  0%| F|  |TAMS 0x00000000a4000000| PB 0x00000000a4000000| Untracked 
| 577|0x00000000a4100000, 0x00000000a4100000, 0x00000000a4200000|  0%| F|  |TAMS 0x00000000a4100000| PB 0x00000000a4100000| Untracked 
| 578|0x00000000a4200000, 0x00000000a4200000, 0x00000000a4300000|  0%| F|  |TAMS 0x00000000a4200000| PB 0x00000000a4200000| Untracked 
| 579|0x00000000a4300000, 0x00000000a4300000, 0x00000000a4400000|  0%| F|  |TAMS 0x00000000a4300000| PB 0x00000000a4300000| Untracked 
| 580|0x00000000a4400000, 0x00000000a4400000, 0x00000000a4500000|  0%| F|  |TAMS 0x00000000a4400000| PB 0x00000000a4400000| Untracked 
| 581|0x00000000a4500000, 0x00000000a4500000, 0x00000000a4600000|  0%| F|  |TAMS 0x00000000a4500000| PB 0x00000000a4500000| Untracked 
| 582|0x00000000a4600000, 0x00000000a4600000, 0x00000000a4700000|  0%| F|  |TAMS 0x00000000a4600000| PB 0x00000000a4600000| Untracked 
| 583|0x00000000a4700000, 0x00000000a4700000, 0x00000000a4800000|  0%| F|  |TAMS 0x00000000a4700000| PB 0x00000000a4700000| Untracked 
| 584|0x00000000a4800000, 0x00000000a4800000, 0x00000000a4900000|  0%| F|  |TAMS 0x00000000a4800000| PB 0x00000000a4800000| Untracked 
| 585|0x00000000a4900000, 0x00000000a4900000, 0x00000000a4a00000|  0%| F|  |TAMS 0x00000000a4900000| PB 0x00000000a4900000| Untracked 
| 586|0x00000000a4a00000, 0x00000000a4a00000, 0x00000000a4b00000|  0%| F|  |TAMS 0x00000000a4a00000| PB 0x00000000a4a00000| Untracked 
| 587|0x00000000a4b00000, 0x00000000a4b00000, 0x00000000a4c00000|  0%| F|  |TAMS 0x00000000a4b00000| PB 0x00000000a4b00000| Untracked 
| 588|0x00000000a4c00000, 0x00000000a4c00000, 0x00000000a4d00000|  0%| F|  |TAMS 0x00000000a4c00000| PB 0x00000000a4c00000| Untracked 
| 589|0x00000000a4d00000, 0x00000000a4d00000, 0x00000000a4e00000|  0%| F|  |TAMS 0x00000000a4d00000| PB 0x00000000a4d00000| Untracked 
| 590|0x00000000a4e00000, 0x00000000a4e00000, 0x00000000a4f00000|  0%| F|  |TAMS 0x00000000a4e00000| PB 0x00000000a4e00000| Untracked 
| 591|0x00000000a4f00000, 0x00000000a4f00000, 0x00000000a5000000|  0%| F|  |TAMS 0x00000000a4f00000| PB 0x00000000a4f00000| Untracked 
| 592|0x00000000a5000000, 0x00000000a5000000, 0x00000000a5100000|  0%| F|  |TAMS 0x00000000a5000000| PB 0x00000000a5000000| Untracked 
| 593|0x00000000a5100000, 0x00000000a5100000, 0x00000000a5200000|  0%| F|  |TAMS 0x00000000a5100000| PB 0x00000000a5100000| Untracked 
| 594|0x00000000a5200000, 0x00000000a5200000, 0x00000000a5300000|  0%| F|  |TAMS 0x00000000a5200000| PB 0x00000000a5200000| Untracked 
| 595|0x00000000a5300000, 0x00000000a5300000, 0x00000000a5400000|  0%| F|  |TAMS 0x00000000a5300000| PB 0x00000000a5300000| Untracked 
| 596|0x00000000a5400000, 0x00000000a5400000, 0x00000000a5500000|  0%| F|  |TAMS 0x00000000a5400000| PB 0x00000000a5400000| Untracked 
| 597|0x00000000a5500000, 0x00000000a5500000, 0x00000000a5600000|  0%| F|  |TAMS 0x00000000a5500000| PB 0x00000000a5500000| Untracked 
| 598|0x00000000a5600000, 0x00000000a5600000, 0x00000000a5700000|  0%| F|  |TAMS 0x00000000a5600000| PB 0x00000000a5600000| Untracked 
| 599|0x00000000a5700000, 0x00000000a5700000, 0x00000000a5800000|  0%| F|  |TAMS 0x00000000a5700000| PB 0x00000000a5700000| Untracked 
| 600|0x00000000a5800000, 0x00000000a5800000, 0x00000000a5900000|  0%| F|  |TAMS 0x00000000a5800000| PB 0x00000000a5800000| Untracked 
| 601|0x00000000a5900000, 0x00000000a5900000, 0x00000000a5a00000|  0%| F|  |TAMS 0x00000000a5900000| PB 0x00000000a5900000| Untracked 
| 602|0x00000000a5a00000, 0x00000000a5a00000, 0x00000000a5b00000|  0%| F|  |TAMS 0x00000000a5a00000| PB 0x00000000a5a00000| Untracked 
| 603|0x00000000a5b00000, 0x00000000a5b00000, 0x00000000a5c00000|  0%| F|  |TAMS 0x00000000a5b00000| PB 0x00000000a5b00000| Untracked 
| 604|0x00000000a5c00000, 0x00000000a5c00000, 0x00000000a5d00000|  0%| F|  |TAMS 0x00000000a5c00000| PB 0x00000000a5c00000| Untracked 
| 605|0x00000000a5d00000, 0x00000000a5d00000, 0x00000000a5e00000|  0%| F|  |TAMS 0x00000000a5d00000| PB 0x00000000a5d00000| Untracked 
| 606|0x00000000a5e00000, 0x00000000a5e00000, 0x00000000a5f00000|  0%| F|  |TAMS 0x00000000a5e00000| PB 0x00000000a5e00000| Untracked 
| 607|0x00000000a5f00000, 0x00000000a5f00000, 0x00000000a6000000|  0%| F|  |TAMS 0x00000000a5f00000| PB 0x00000000a5f00000| Untracked 
| 608|0x00000000a6000000, 0x00000000a6000000, 0x00000000a6100000|  0%| F|  |TAMS 0x00000000a6000000| PB 0x00000000a6000000| Untracked 
| 609|0x00000000a6100000, 0x00000000a6100000, 0x00000000a6200000|  0%| F|  |TAMS 0x00000000a6100000| PB 0x00000000a6100000| Untracked 
| 610|0x00000000a6200000, 0x00000000a6200000, 0x00000000a6300000|  0%| F|  |TAMS 0x00000000a6200000| PB 0x00000000a6200000| Untracked 
| 611|0x00000000a6300000, 0x00000000a6300000, 0x00000000a6400000|  0%| F|  |TAMS 0x00000000a6300000| PB 0x00000000a6300000| Untracked 
| 612|0x00000000a6400000, 0x00000000a6400000, 0x00000000a6500000|  0%| F|  |TAMS 0x00000000a6400000| PB 0x00000000a6400000| Untracked 
| 613|0x00000000a6500000, 0x00000000a6500000, 0x00000000a6600000|  0%| F|  |TAMS 0x00000000a6500000| PB 0x00000000a6500000| Untracked 
| 614|0x00000000a6600000, 0x00000000a6600000, 0x00000000a6700000|  0%| F|  |TAMS 0x00000000a6600000| PB 0x00000000a6600000| Untracked 
| 615|0x00000000a6700000, 0x00000000a6700000, 0x00000000a6800000|  0%| F|  |TAMS 0x00000000a6700000| PB 0x00000000a6700000| Untracked 
| 616|0x00000000a6800000, 0x00000000a6800000, 0x00000000a6900000|  0%| F|  |TAMS 0x00000000a6800000| PB 0x00000000a6800000| Untracked 
| 617|0x00000000a6900000, 0x00000000a6900000, 0x00000000a6a00000|  0%| F|  |TAMS 0x00000000a6900000| PB 0x00000000a6900000| Untracked 
| 618|0x00000000a6a00000, 0x00000000a6a00000, 0x00000000a6b00000|  0%| F|  |TAMS 0x00000000a6a00000| PB 0x00000000a6a00000| Untracked 
| 619|0x00000000a6b00000, 0x00000000a6b00000, 0x00000000a6c00000|  0%| F|  |TAMS 0x00000000a6b00000| PB 0x00000000a6b00000| Untracked 
| 620|0x00000000a6c00000, 0x00000000a6c00000, 0x00000000a6d00000|  0%| F|  |TAMS 0x00000000a6c00000| PB 0x00000000a6c00000| Untracked 
| 621|0x00000000a6d00000, 0x00000000a6d00000, 0x00000000a6e00000|  0%| F|  |TAMS 0x00000000a6d00000| PB 0x00000000a6d00000| Untracked 
| 622|0x00000000a6e00000, 0x00000000a6e00000, 0x00000000a6f00000|  0%| F|  |TAMS 0x00000000a6e00000| PB 0x00000000a6e00000| Untracked 
| 623|0x00000000a6f00000, 0x00000000a6f00000, 0x00000000a7000000|  0%| F|  |TAMS 0x00000000a6f00000| PB 0x00000000a6f00000| Untracked 
| 624|0x00000000a7000000, 0x00000000a7000000, 0x00000000a7100000|  0%| F|  |TAMS 0x00000000a7000000| PB 0x00000000a7000000| Untracked 
| 625|0x00000000a7100000, 0x00000000a7100000, 0x00000000a7200000|  0%| F|  |TAMS 0x00000000a7100000| PB 0x00000000a7100000| Untracked 
| 626|0x00000000a7200000, 0x00000000a7200000, 0x00000000a7300000|  0%| F|  |TAMS 0x00000000a7200000| PB 0x00000000a7200000| Untracked 
| 627|0x00000000a7300000, 0x00000000a7300000, 0x00000000a7400000|  0%| F|  |TAMS 0x00000000a7300000| PB 0x00000000a7300000| Untracked 
| 628|0x00000000a7400000, 0x00000000a7400000, 0x00000000a7500000|  0%| F|  |TAMS 0x00000000a7400000| PB 0x00000000a7400000| Untracked 
| 629|0x00000000a7500000, 0x00000000a7500000, 0x00000000a7600000|  0%| F|  |TAMS 0x00000000a7500000| PB 0x00000000a7500000| Untracked 
| 630|0x00000000a7600000, 0x00000000a7600000, 0x00000000a7700000|  0%| F|  |TAMS 0x00000000a7600000| PB 0x00000000a7600000| Untracked 
| 631|0x00000000a7700000, 0x00000000a7700000, 0x00000000a7800000|  0%| F|  |TAMS 0x00000000a7700000| PB 0x00000000a7700000| Untracked 
| 632|0x00000000a7800000, 0x00000000a7800000, 0x00000000a7900000|  0%| F|  |TAMS 0x00000000a7800000| PB 0x00000000a7800000| Untracked 
| 633|0x00000000a7900000, 0x00000000a7900000, 0x00000000a7a00000|  0%| F|  |TAMS 0x00000000a7900000| PB 0x00000000a7900000| Untracked 
| 634|0x00000000a7a00000, 0x00000000a7a00000, 0x00000000a7b00000|  0%| F|  |TAMS 0x00000000a7a00000| PB 0x00000000a7a00000| Untracked 
| 635|0x00000000a7b00000, 0x00000000a7b00000, 0x00000000a7c00000|  0%| F|  |TAMS 0x00000000a7b00000| PB 0x00000000a7b00000| Untracked 
| 636|0x00000000a7c00000, 0x00000000a7c00000, 0x00000000a7d00000|  0%| F|  |TAMS 0x00000000a7c00000| PB 0x00000000a7c00000| Untracked 
| 637|0x00000000a7d00000, 0x00000000a7d00000, 0x00000000a7e00000|  0%| F|  |TAMS 0x00000000a7d00000| PB 0x00000000a7d00000| Untracked 
| 638|0x00000000a7e00000, 0x00000000a7e00000, 0x00000000a7f00000|  0%| F|  |TAMS 0x00000000a7e00000| PB 0x00000000a7e00000| Untracked 
| 639|0x00000000a7f00000, 0x00000000a7f00000, 0x00000000a8000000|  0%| F|  |TAMS 0x00000000a7f00000| PB 0x00000000a7f00000| Untracked 
| 640|0x00000000a8000000, 0x00000000a8000000, 0x00000000a8100000|  0%| F|  |TAMS 0x00000000a8000000| PB 0x00000000a8000000| Untracked 
| 641|0x00000000a8100000, 0x00000000a8100000, 0x00000000a8200000|  0%| F|  |TAMS 0x00000000a8100000| PB 0x00000000a8100000| Untracked 
| 642|0x00000000a8200000, 0x00000000a8200000, 0x00000000a8300000|  0%| F|  |TAMS 0x00000000a8200000| PB 0x00000000a8200000| Untracked 
| 643|0x00000000a8300000, 0x00000000a8300000, 0x00000000a8400000|  0%| F|  |TAMS 0x00000000a8300000| PB 0x00000000a8300000| Untracked 
| 644|0x00000000a8400000, 0x00000000a8400000, 0x00000000a8500000|  0%| F|  |TAMS 0x00000000a8400000| PB 0x00000000a8400000| Untracked 
| 645|0x00000000a8500000, 0x00000000a8500000, 0x00000000a8600000|  0%| F|  |TAMS 0x00000000a8500000| PB 0x00000000a8500000| Untracked 
| 646|0x00000000a8600000, 0x00000000a8600000, 0x00000000a8700000|  0%| F|  |TAMS 0x00000000a8600000| PB 0x00000000a8600000| Untracked 
| 647|0x00000000a8700000, 0x00000000a8700000, 0x00000000a8800000|  0%| F|  |TAMS 0x00000000a8700000| PB 0x00000000a8700000| Untracked 
| 648|0x00000000a8800000, 0x00000000a8800000, 0x00000000a8900000|  0%| F|  |TAMS 0x00000000a8800000| PB 0x00000000a8800000| Untracked 
| 649|0x00000000a8900000, 0x00000000a8900000, 0x00000000a8a00000|  0%| F|  |TAMS 0x00000000a8900000| PB 0x00000000a8900000| Untracked 
| 650|0x00000000a8a00000, 0x00000000a8a00000, 0x00000000a8b00000|  0%| F|  |TAMS 0x00000000a8a00000| PB 0x00000000a8a00000| Untracked 
| 651|0x00000000a8b00000, 0x00000000a8b00000, 0x00000000a8c00000|  0%| F|  |TAMS 0x00000000a8b00000| PB 0x00000000a8b00000| Untracked 
| 652|0x00000000a8c00000, 0x00000000a8c00000, 0x00000000a8d00000|  0%| F|  |TAMS 0x00000000a8c00000| PB 0x00000000a8c00000| Untracked 
| 653|0x00000000a8d00000, 0x00000000a8d00000, 0x00000000a8e00000|  0%| F|  |TAMS 0x00000000a8d00000| PB 0x00000000a8d00000| Untracked 
| 654|0x00000000a8e00000, 0x00000000a8e00000, 0x00000000a8f00000|  0%| F|  |TAMS 0x00000000a8e00000| PB 0x00000000a8e00000| Untracked 
| 655|0x00000000a8f00000, 0x00000000a8f00000, 0x00000000a9000000|  0%| F|  |TAMS 0x00000000a8f00000| PB 0x00000000a8f00000| Untracked 
| 656|0x00000000a9000000, 0x00000000a9000000, 0x00000000a9100000|  0%| F|  |TAMS 0x00000000a9000000| PB 0x00000000a9000000| Untracked 
| 657|0x00000000a9100000, 0x00000000a9100000, 0x00000000a9200000|  0%| F|  |TAMS 0x00000000a9100000| PB 0x00000000a9100000| Untracked 
| 658|0x00000000a9200000, 0x00000000a9200000, 0x00000000a9300000|  0%| F|  |TAMS 0x00000000a9200000| PB 0x00000000a9200000| Untracked 
| 659|0x00000000a9300000, 0x00000000a9300000, 0x00000000a9400000|  0%| F|  |TAMS 0x00000000a9300000| PB 0x00000000a9300000| Untracked 
| 660|0x00000000a9400000, 0x00000000a9400000, 0x00000000a9500000|  0%| F|  |TAMS 0x00000000a9400000| PB 0x00000000a9400000| Untracked 
| 661|0x00000000a9500000, 0x00000000a9500000, 0x00000000a9600000|  0%| F|  |TAMS 0x00000000a9500000| PB 0x00000000a9500000| Untracked 
| 662|0x00000000a9600000, 0x00000000a9600000, 0x00000000a9700000|  0%| F|  |TAMS 0x00000000a9600000| PB 0x00000000a9600000| Untracked 
| 663|0x00000000a9700000, 0x00000000a9700000, 0x00000000a9800000|  0%| F|  |TAMS 0x00000000a9700000| PB 0x00000000a9700000| Untracked 
| 664|0x00000000a9800000, 0x00000000a9800000, 0x00000000a9900000|  0%| F|  |TAMS 0x00000000a9800000| PB 0x00000000a9800000| Untracked 
| 665|0x00000000a9900000, 0x00000000a9900000, 0x00000000a9a00000|  0%| F|  |TAMS 0x00000000a9900000| PB 0x00000000a9900000| Untracked 
| 666|0x00000000a9a00000, 0x00000000a9a00000, 0x00000000a9b00000|  0%| F|  |TAMS 0x00000000a9a00000| PB 0x00000000a9a00000| Untracked 
| 667|0x00000000a9b00000, 0x00000000a9b00000, 0x00000000a9c00000|  0%| F|  |TAMS 0x00000000a9b00000| PB 0x00000000a9b00000| Untracked 
| 668|0x00000000a9c00000, 0x00000000a9c00000, 0x00000000a9d00000|  0%| F|  |TAMS 0x00000000a9c00000| PB 0x00000000a9c00000| Untracked 
| 669|0x00000000a9d00000, 0x00000000a9d00000, 0x00000000a9e00000|  0%| F|  |TAMS 0x00000000a9d00000| PB 0x00000000a9d00000| Untracked 
| 670|0x00000000a9e00000, 0x00000000a9e00000, 0x00000000a9f00000|  0%| F|  |TAMS 0x00000000a9e00000| PB 0x00000000a9e00000| Untracked 
| 671|0x00000000a9f00000, 0x00000000a9f00000, 0x00000000aa000000|  0%| F|  |TAMS 0x00000000a9f00000| PB 0x00000000a9f00000| Untracked 
| 672|0x00000000aa000000, 0x00000000aa000000, 0x00000000aa100000|  0%| F|  |TAMS 0x00000000aa000000| PB 0x00000000aa000000| Untracked 
| 673|0x00000000aa100000, 0x00000000aa100000, 0x00000000aa200000|  0%| F|  |TAMS 0x00000000aa100000| PB 0x00000000aa100000| Untracked 
| 674|0x00000000aa200000, 0x00000000aa200000, 0x00000000aa300000|  0%| F|  |TAMS 0x00000000aa200000| PB 0x00000000aa200000| Untracked 
| 675|0x00000000aa300000, 0x00000000aa300000, 0x00000000aa400000|  0%| F|  |TAMS 0x00000000aa300000| PB 0x00000000aa300000| Untracked 
| 676|0x00000000aa400000, 0x00000000aa400000, 0x00000000aa500000|  0%| F|  |TAMS 0x00000000aa400000| PB 0x00000000aa400000| Untracked 
| 677|0x00000000aa500000, 0x00000000aa500000, 0x00000000aa600000|  0%| F|  |TAMS 0x00000000aa500000| PB 0x00000000aa500000| Untracked 
| 678|0x00000000aa600000, 0x00000000aa600000, 0x00000000aa700000|  0%| F|  |TAMS 0x00000000aa600000| PB 0x00000000aa600000| Untracked 
| 679|0x00000000aa700000, 0x00000000aa700000, 0x00000000aa800000|  0%| F|  |TAMS 0x00000000aa700000| PB 0x00000000aa700000| Untracked 
| 680|0x00000000aa800000, 0x00000000aa800000, 0x00000000aa900000|  0%| F|  |TAMS 0x00000000aa800000| PB 0x00000000aa800000| Untracked 
| 681|0x00000000aa900000, 0x00000000aa900000, 0x00000000aaa00000|  0%| F|  |TAMS 0x00000000aa900000| PB 0x00000000aa900000| Untracked 
| 682|0x00000000aaa00000, 0x00000000aaa00000, 0x00000000aab00000|  0%| F|  |TAMS 0x00000000aaa00000| PB 0x00000000aaa00000| Untracked 
| 683|0x00000000aab00000, 0x00000000aab00000, 0x00000000aac00000|  0%| F|  |TAMS 0x00000000aab00000| PB 0x00000000aab00000| Untracked 
| 684|0x00000000aac00000, 0x00000000aac00000, 0x00000000aad00000|  0%| F|  |TAMS 0x00000000aac00000| PB 0x00000000aac00000| Untracked 
| 685|0x00000000aad00000, 0x00000000aad00000, 0x00000000aae00000|  0%| F|  |TAMS 0x00000000aad00000| PB 0x00000000aad00000| Untracked 
| 686|0x00000000aae00000, 0x00000000aae00000, 0x00000000aaf00000|  0%| F|  |TAMS 0x00000000aae00000| PB 0x00000000aae00000| Untracked 
| 687|0x00000000aaf00000, 0x00000000aaf00000, 0x00000000ab000000|  0%| F|  |TAMS 0x00000000aaf00000| PB 0x00000000aaf00000| Untracked 
| 688|0x00000000ab000000, 0x00000000ab000000, 0x00000000ab100000|  0%| F|  |TAMS 0x00000000ab000000| PB 0x00000000ab000000| Untracked 
| 689|0x00000000ab100000, 0x00000000ab100000, 0x00000000ab200000|  0%| F|  |TAMS 0x00000000ab100000| PB 0x00000000ab100000| Untracked 
| 690|0x00000000ab200000, 0x00000000ab200000, 0x00000000ab300000|  0%| F|  |TAMS 0x00000000ab200000| PB 0x00000000ab200000| Untracked 
| 691|0x00000000ab300000, 0x00000000ab300000, 0x00000000ab400000|  0%| F|  |TAMS 0x00000000ab300000| PB 0x00000000ab300000| Untracked 
| 692|0x00000000ab400000, 0x00000000ab400000, 0x00000000ab500000|  0%| F|  |TAMS 0x00000000ab400000| PB 0x00000000ab400000| Untracked 
| 693|0x00000000ab500000, 0x00000000ab500000, 0x00000000ab600000|  0%| F|  |TAMS 0x00000000ab500000| PB 0x00000000ab500000| Untracked 
| 694|0x00000000ab600000, 0x00000000ab600000, 0x00000000ab700000|  0%| F|  |TAMS 0x00000000ab600000| PB 0x00000000ab600000| Untracked 
| 695|0x00000000ab700000, 0x00000000ab700000, 0x00000000ab800000|  0%| F|  |TAMS 0x00000000ab700000| PB 0x00000000ab700000| Untracked 
| 696|0x00000000ab800000, 0x00000000ab800000, 0x00000000ab900000|  0%| F|  |TAMS 0x00000000ab800000| PB 0x00000000ab800000| Untracked 
| 697|0x00000000ab900000, 0x00000000ab900000, 0x00000000aba00000|  0%| F|  |TAMS 0x00000000ab900000| PB 0x00000000ab900000| Untracked 
| 698|0x00000000aba00000, 0x00000000aba00000, 0x00000000abb00000|  0%| F|  |TAMS 0x00000000aba00000| PB 0x00000000aba00000| Untracked 
| 699|0x00000000abb00000, 0x00000000abb00000, 0x00000000abc00000|  0%| F|  |TAMS 0x00000000abb00000| PB 0x00000000abb00000| Untracked 
| 700|0x00000000abc00000, 0x00000000abc00000, 0x00000000abd00000|  0%| F|  |TAMS 0x00000000abc00000| PB 0x00000000abc00000| Untracked 
| 701|0x00000000abd00000, 0x00000000abd00000, 0x00000000abe00000|  0%| F|  |TAMS 0x00000000abd00000| PB 0x00000000abd00000| Untracked 
| 702|0x00000000abe00000, 0x00000000abe00000, 0x00000000abf00000|  0%| F|  |TAMS 0x00000000abe00000| PB 0x00000000abe00000| Untracked 
| 703|0x00000000abf00000, 0x00000000abf00000, 0x00000000ac000000|  0%| F|  |TAMS 0x00000000abf00000| PB 0x00000000abf00000| Untracked 
| 704|0x00000000ac000000, 0x00000000ac000000, 0x00000000ac100000|  0%| F|  |TAMS 0x00000000ac000000| PB 0x00000000ac000000| Untracked 
| 705|0x00000000ac100000, 0x00000000ac100000, 0x00000000ac200000|  0%| F|  |TAMS 0x00000000ac100000| PB 0x00000000ac100000| Untracked 
| 706|0x00000000ac200000, 0x00000000ac200000, 0x00000000ac300000|  0%| F|  |TAMS 0x00000000ac200000| PB 0x00000000ac200000| Untracked 
| 707|0x00000000ac300000, 0x00000000ac300000, 0x00000000ac400000|  0%| F|  |TAMS 0x00000000ac300000| PB 0x00000000ac300000| Untracked 
| 708|0x00000000ac400000, 0x00000000ac400000, 0x00000000ac500000|  0%| F|  |TAMS 0x00000000ac400000| PB 0x00000000ac400000| Untracked 
| 709|0x00000000ac500000, 0x00000000ac500000, 0x00000000ac600000|  0%| F|  |TAMS 0x00000000ac500000| PB 0x00000000ac500000| Untracked 
| 710|0x00000000ac600000, 0x00000000ac600000, 0x00000000ac700000|  0%| F|  |TAMS 0x00000000ac600000| PB 0x00000000ac600000| Untracked 
| 711|0x00000000ac700000, 0x00000000ac700000, 0x00000000ac800000|  0%| F|  |TAMS 0x00000000ac700000| PB 0x00000000ac700000| Untracked 
| 712|0x00000000ac800000, 0x00000000ac800000, 0x00000000ac900000|  0%| F|  |TAMS 0x00000000ac800000| PB 0x00000000ac800000| Untracked 
| 713|0x00000000ac900000, 0x00000000ac900000, 0x00000000aca00000|  0%| F|  |TAMS 0x00000000ac900000| PB 0x00000000ac900000| Untracked 
| 714|0x00000000aca00000, 0x00000000aca00000, 0x00000000acb00000|  0%| F|  |TAMS 0x00000000aca00000| PB 0x00000000aca00000| Untracked 
| 715|0x00000000acb00000, 0x00000000acb00000, 0x00000000acc00000|  0%| F|  |TAMS 0x00000000acb00000| PB 0x00000000acb00000| Untracked 
| 716|0x00000000acc00000, 0x00000000acc00000, 0x00000000acd00000|  0%| F|  |TAMS 0x00000000acc00000| PB 0x00000000acc00000| Untracked 
| 717|0x00000000acd00000, 0x00000000acd00000, 0x00000000ace00000|  0%| F|  |TAMS 0x00000000acd00000| PB 0x00000000acd00000| Untracked 
| 718|0x00000000ace00000, 0x00000000ace00000, 0x00000000acf00000|  0%| F|  |TAMS 0x00000000ace00000| PB 0x00000000ace00000| Untracked 
| 719|0x00000000acf00000, 0x00000000acf00000, 0x00000000ad000000|  0%| F|  |TAMS 0x00000000acf00000| PB 0x00000000acf00000| Untracked 
| 720|0x00000000ad000000, 0x00000000ad000000, 0x00000000ad100000|  0%| F|  |TAMS 0x00000000ad000000| PB 0x00000000ad000000| Untracked 
| 721|0x00000000ad100000, 0x00000000ad100000, 0x00000000ad200000|  0%| F|  |TAMS 0x00000000ad100000| PB 0x00000000ad100000| Untracked 
| 722|0x00000000ad200000, 0x00000000ad200000, 0x00000000ad300000|  0%| F|  |TAMS 0x00000000ad200000| PB 0x00000000ad200000| Untracked 
| 723|0x00000000ad300000, 0x00000000ad300000, 0x00000000ad400000|  0%| F|  |TAMS 0x00000000ad300000| PB 0x00000000ad300000| Untracked 
| 724|0x00000000ad400000, 0x00000000ad400000, 0x00000000ad500000|  0%| F|  |TAMS 0x00000000ad400000| PB 0x00000000ad400000| Untracked 
| 725|0x00000000ad500000, 0x00000000ad500000, 0x00000000ad600000|  0%| F|  |TAMS 0x00000000ad500000| PB 0x00000000ad500000| Untracked 
| 726|0x00000000ad600000, 0x00000000ad600000, 0x00000000ad700000|  0%| F|  |TAMS 0x00000000ad600000| PB 0x00000000ad600000| Untracked 
| 727|0x00000000ad700000, 0x00000000ad700000, 0x00000000ad800000|  0%| F|  |TAMS 0x00000000ad700000| PB 0x00000000ad700000| Untracked 
| 728|0x00000000ad800000, 0x00000000ad800000, 0x00000000ad900000|  0%| F|  |TAMS 0x00000000ad800000| PB 0x00000000ad800000| Untracked 
| 729|0x00000000ad900000, 0x00000000ad900000, 0x00000000ada00000|  0%| F|  |TAMS 0x00000000ad900000| PB 0x00000000ad900000| Untracked 
| 730|0x00000000ada00000, 0x00000000ada00000, 0x00000000adb00000|  0%| F|  |TAMS 0x00000000ada00000| PB 0x00000000ada00000| Untracked 
| 731|0x00000000adb00000, 0x00000000adb00000, 0x00000000adc00000|  0%| F|  |TAMS 0x00000000adb00000| PB 0x00000000adb00000| Untracked 
| 732|0x00000000adc00000, 0x00000000adc00000, 0x00000000add00000|  0%| F|  |TAMS 0x00000000adc00000| PB 0x00000000adc00000| Untracked 
| 733|0x00000000add00000, 0x00000000add00000, 0x00000000ade00000|  0%| F|  |TAMS 0x00000000add00000| PB 0x00000000add00000| Untracked 
| 734|0x00000000ade00000, 0x00000000ade00000, 0x00000000adf00000|  0%| F|  |TAMS 0x00000000ade00000| PB 0x00000000ade00000| Untracked 
| 735|0x00000000adf00000, 0x00000000adf00000, 0x00000000ae000000|  0%| F|  |TAMS 0x00000000adf00000| PB 0x00000000adf00000| Untracked 
| 736|0x00000000ae000000, 0x00000000ae000000, 0x00000000ae100000|  0%| F|  |TAMS 0x00000000ae000000| PB 0x00000000ae000000| Untracked 
| 737|0x00000000ae100000, 0x00000000ae100000, 0x00000000ae200000|  0%| F|  |TAMS 0x00000000ae100000| PB 0x00000000ae100000| Untracked 
| 738|0x00000000ae200000, 0x00000000ae200000, 0x00000000ae300000|  0%| F|  |TAMS 0x00000000ae200000| PB 0x00000000ae200000| Untracked 
| 739|0x00000000ae300000, 0x00000000ae300000, 0x00000000ae400000|  0%| F|  |TAMS 0x00000000ae300000| PB 0x00000000ae300000| Untracked 
| 740|0x00000000ae400000, 0x00000000ae400000, 0x00000000ae500000|  0%| F|  |TAMS 0x00000000ae400000| PB 0x00000000ae400000| Untracked 
|2033|0x00000000ff100000, 0x00000000ff100000, 0x00000000ff200000|  0%| F|  |TAMS 0x00000000ff100000| PB 0x00000000ff100000| Untracked 
|2034|0x00000000ff200000, 0x00000000ff300000, 0x00000000ff300000|100%| O|  |TAMS 0x00000000ff200000| PB 0x00000000ff200000| Untracked 
|2035|0x00000000ff300000, 0x00000000ff400000, 0x00000000ff400000|100%| O|  |TAMS 0x00000000ff300000| PB 0x00000000ff300000| Untracked 
|2036|0x00000000ff400000, 0x00000000ff500000, 0x00000000ff500000|100%| O|  |TAMS 0x00000000ff400000| PB 0x00000000ff400000| Untracked 
|2037|0x00000000ff500000, 0x00000000ff600000, 0x00000000ff600000|100%| O|  |TAMS 0x00000000ff500000| PB 0x00000000ff500000| Untracked 
|2038|0x00000000ff600000, 0x00000000ff600000, 0x00000000ff700000|  0%| F|  |TAMS 0x00000000ff600000| PB 0x00000000ff600000| Untracked 
|2039|0x00000000ff700000, 0x00000000ff800000, 0x00000000ff800000|100%| O|  |TAMS 0x00000000ff700000| PB 0x00000000ff700000| Untracked 
|2040|0x00000000ff800000, 0x00000000ff900000, 0x00000000ff900000|100%| O|  |TAMS 0x00000000ff800000| PB 0x00000000ff800000| Untracked 
|2041|0x00000000ff900000, 0x00000000ffa00000, 0x00000000ffa00000|100%| O|  |TAMS 0x00000000ff900000| PB 0x00000000ff900000| Untracked 
|2042|0x00000000ffa00000, 0x00000000ffb00000, 0x00000000ffb00000|100%| O|  |TAMS 0x00000000ffa00000| PB 0x00000000ffa00000| Untracked 
|2043|0x00000000ffb00000, 0x00000000ffc00000, 0x00000000ffc00000|100%| O|  |TAMS 0x00000000ffb00000| PB 0x00000000ffb00000| Untracked 
|2044|0x00000000ffc00000, 0x00000000ffd00000, 0x00000000ffd00000|100%| O|  |TAMS 0x00000000ffc00000| PB 0x00000000ffc00000| Untracked 
|2045|0x00000000ffd00000, 0x00000000ffd00000, 0x00000000ffe00000|  0%| F|  |TAMS 0x00000000ffd00000| PB 0x00000000ffd00000| Untracked 
|2046|0x00000000ffe00000, 0x00000000fff00000, 0x00000000fff00000|100%| O|  |TAMS 0x00000000ffe00000| PB 0x00000000ffe00000| Untracked 
|2047|0x00000000fff00000, 0x0000000100000000, 0x0000000100000000|100%| O|  |TAMS 0x00000000fff00000| PB 0x00000000fff00000| Untracked 

Card table byte_map: [0x0000020d4f810000,0x0000020d4fc10000] _byte_map_base: 0x0000020d4f410000

Marking Bits: (CMBitMap*) 0x0000020d3cdc29b0
 Bits: [0x0000020d4fc10000, 0x0000020d51c10000)

Polling page: 0x0000020d3ab50000

Metaspace:

Usage:
  Non-class:    108.08 MB used.
      Class:     17.76 MB used.
       Both:    125.84 MB used.

Virtual space:
  Non-class space:      128.00 MB reserved,     109.12 MB ( 85%) committed,  2 nodes.
      Class space:        1.00 GB reserved,      18.75 MB (  2%) committed,  1 nodes.
             Both:        1.12 GB reserved,     127.88 MB ( 11%) committed. 

Chunk freelists:
   Non-Class:  2.14 MB
       Class:  13.11 MB
        Both:  15.25 MB

MaxMetaspaceSize: unlimited
CompressedClassSpaceSize: 1.00 GB
Initial GC threshold: 21.00 MB
Current GC threshold: 213.06 MB
CDS: off
 - commit_granule_bytes: 65536.
 - commit_granule_words: 8192.
 - virtual_space_node_default_size: 8388608.
 - enlarge_chunks_in_place: 1.
 - use_allocation_guard: 0.


Internal statistics:

num_allocs_failed_limit: 9.
num_arena_births: 4012.
num_arena_deaths: 44.
num_vsnodes_births: 3.
num_vsnodes_deaths: 0.
num_space_committed: 2045.
num_space_uncommitted: 0.
num_chunks_returned_to_freelist: 69.
num_chunks_taken_from_freelist: 9377.
num_chunk_merges: 26.
num_chunk_splits: 6230.
num_chunks_enlarged: 4140.
num_inconsistent_stats: 0.

CodeHeap 'non-profiled nmethods': size=120000Kb used=13720Kb max_used=13720Kb free=106279Kb
 bounds [0x0000020d47990000, 0x0000020d48700000, 0x0000020d4eec0000]
CodeHeap 'profiled nmethods': size=120000Kb used=39739Kb max_used=41247Kb free=80260Kb
 bounds [0x0000020d3fec0000, 0x0000020d42810000, 0x0000020d473f0000]
CodeHeap 'non-nmethods': size=5760Kb used=2888Kb max_used=2965Kb free=2871Kb
 bounds [0x0000020d473f0000, 0x0000020d476e0000, 0x0000020d47990000]
CodeCache: size=245760Kb, used=56347Kb, max_used=57932Kb, free=189410Kb
 total_blobs=18863, nmethods=17870, adapters=895, full_count=0
Compilation: enabled, stopped_count=0, restarted_count=0

Compilation events (20 events):
Event: 95.930 Thread 0x0000020d54ad6b90 25447       3       com.android.tools.r8.graph.B3$b::a (108 bytes)
Event: 95.931 Thread 0x0000020d54ad6b90 nmethod 25447 0x0000020d4179b990 code [0x0000020d4179bbe0, 0x0000020d4179c510]
Event: 95.931 Thread 0x0000020d54ad6b90 25448       2       com.android.tools.r8.graph.Q3$$Lambda/0x00000001012443b8::apply (12 bytes)
Event: 95.932 Thread 0x0000020d54ad6b90 nmethod 25448 0x0000020d401f9d10 code [0x0000020d401f9ec0, 0x0000020d401fa018]
Event: 95.968 Thread 0x0000020d54ad6b90 25449   !   2       java.util.concurrent.ConcurrentHashMap$TreeBin::putTreeVal (371 bytes)
Event: 95.971 Thread 0x0000020d54ad6b90 nmethod 25449 0x0000020d403dd990 code [0x0000020d403ddc00, 0x0000020d403de660]
Event: 95.984 Thread 0x0000020d54ad6b90 25450       2       com.android.tools.r8.graph.P3$$Lambda/0x0000000101298a00::accept (12 bytes)
Event: 95.984 Thread 0x0000020d54ad6b90 nmethod 25450 0x0000020d40245990 code [0x0000020d40245b40, 0x0000020d40245c98]
Event: 95.984 Thread 0x0000020d54ad6b90 25451       2       com.android.tools.r8.graph.P3::c (18 bytes)
Event: 95.985 Thread 0x0000020d54ad6b90 nmethod 25451 0x0000020d401c4f10 code [0x0000020d401c50c0, 0x0000020d401c5240]
Event: 96.002 Thread 0x0000020d54ad6b90 25452       2       com.android.tools.r8.graph.G0::t (8 bytes)
Event: 96.003 Thread 0x0000020d54ad6b90 nmethod 25452 0x0000020d40260090 code [0x0000020d40260220, 0x0000020d40260338]
Event: 96.112 Thread 0x0000020d54ad6b90 25456       3       com.android.tools.r8.graph.J4::a (160 bytes)
Event: 96.116 Thread 0x0000020d54ad6b90 nmethod 25456 0x0000020d41d9e710 code [0x0000020d41d9ea60, 0x0000020d41d9ffd8]
Event: 96.226 Thread 0x0000020d54ad6b90 25458       2       java.io.RandomAccessFile$1::close (11 bytes)
Event: 96.227 Thread 0x0000020d54ad6b90 nmethod 25458 0x0000020d3ff3ea90 code [0x0000020d3ff3ec60, 0x0000020d3ff3efe0]
Event: 96.227 Thread 0x0000020d54ad6b90 25460       3       com.android.tools.r8.ArchiveClassFileProvider::close (24 bytes)
Event: 96.228 Thread 0x0000020d54ad6b90 nmethod 25460 0x0000020d40031510 code [0x0000020d400316c0, 0x0000020d40031918]
Event: 96.228 Thread 0x0000020d54ad6b90 25459       2       com.android.builder.dexing.r8.ClassFileProviderFactory::close (58 bytes)
Event: 96.228 Thread 0x0000020d54ad6b90 nmethod 25459 0x0000020d418c7890 code [0x0000020d418c7a80, 0x0000020d418c7dc8]

GC Heap History (20 events):
Event: 87.483 GC heap after
{Heap after GC invocations=109 (full 0):
 garbage-first heap   total 671744K, used 328921K [0x0000000080000000, 0x0000000100000000)
  region size 1024K, 19 young (19456K), 19 survivors (19456K)
 Metaspace       used 128379K, committed 130496K, reserved 1179648K
  class space    used 18151K, committed 19136K, reserved 1048576K
}
Event: 88.116 GC heap before
{Heap before GC invocations=109 (full 0):
 garbage-first heap   total 671744K, used 615641K [0x0000000080000000, 0x0000000100000000)
  region size 1024K, 300 young (307200K), 19 survivors (19456K)
 Metaspace       used 128387K, committed 130496K, reserved 1179648K
  class space    used 18151K, committed 19136K, reserved 1048576K
}
Event: 88.166 GC heap after
{Heap after GC invocations=110 (full 0):
 garbage-first heap   total 774144K, used 302344K [0x0000000080000000, 0x0000000100000000)
  region size 1024K, 22 young (22528K), 22 survivors (22528K)
 Metaspace       used 128387K, committed 130496K, reserved 1179648K
  class space    used 18151K, committed 19136K, reserved 1048576K
}
Event: 89.412 GC heap before
{Heap before GC invocations=110 (full 0):
 garbage-first heap   total 774144K, used 709896K [0x0000000080000000, 0x0000000100000000)
  region size 1024K, 421 young (431104K), 22 survivors (22528K)
 Metaspace       used 128527K, committed 130624K, reserved 1179648K
  class space    used 18152K, committed 19136K, reserved 1048576K
}
Event: 89.458 GC heap after
{Heap after GC invocations=111 (full 0):
 garbage-first heap   total 774144K, used 316168K [0x0000000080000000, 0x0000000100000000)
  region size 1024K, 36 young (36864K), 36 survivors (36864K)
 Metaspace       used 128527K, committed 130624K, reserved 1179648K
  class space    used 18152K, committed 19136K, reserved 1048576K
}
Event: 90.501 GC heap before
{Heap before GC invocations=111 (full 0):
 garbage-first heap   total 774144K, used 695048K [0x0000000080000000, 0x0000000100000000)
  region size 1024K, 407 young (416768K), 36 survivors (36864K)
 Metaspace       used 128638K, committed 130688K, reserved 1179648K
  class space    used 18166K, committed 19136K, reserved 1048576K
}
Event: 90.557 GC heap after
{Heap after GC invocations=112 (full 0):
 garbage-first heap   total 774144K, used 324785K [0x0000000080000000, 0x0000000100000000)
  region size 1024K, 32 young (32768K), 32 survivors (32768K)
 Metaspace       used 128638K, committed 130688K, reserved 1179648K
  class space    used 18166K, committed 19136K, reserved 1048576K
}
Event: 91.371 GC heap before
{Heap before GC invocations=112 (full 0):
 garbage-first heap   total 774144K, used 606385K [0x0000000080000000, 0x0000000100000000)
  region size 1024K, 309 young (316416K), 32 survivors (32768K)
 Metaspace       used 128733K, committed 130880K, reserved 1179648K
  class space    used 18180K, committed 19200K, reserved 1048576K
}
Event: 91.410 GC heap after
{Heap after GC invocations=113 (full 0):
 garbage-first heap   total 774144K, used 332663K [0x0000000080000000, 0x0000000100000000)
  region size 1024K, 32 young (32768K), 32 survivors (32768K)
 Metaspace       used 128733K, committed 130880K, reserved 1179648K
  class space    used 18180K, committed 19200K, reserved 1048576K
}
Event: 92.593 GC heap before
{Heap before GC invocations=114 (full 0):
 garbage-first heap   total 774144K, used 703351K [0x0000000080000000, 0x0000000100000000)
  region size 1024K, 392 young (401408K), 32 survivors (32768K)
 Metaspace       used 128775K, committed 130880K, reserved 1179648K
  class space    used 18182K, committed 19200K, reserved 1048576K
}
Event: 92.628 GC heap after
{Heap after GC invocations=115 (full 0):
 garbage-first heap   total 774144K, used 337920K [0x0000000080000000, 0x0000000100000000)
  region size 1024K, 24 young (24576K), 24 survivors (24576K)
 Metaspace       used 128775K, committed 130880K, reserved 1179648K
  class space    used 18182K, committed 19200K, reserved 1048576K
}
Event: 93.590 GC heap before
{Heap before GC invocations=115 (full 0):
 garbage-first heap   total 774144K, used 711680K [0x0000000080000000, 0x0000000100000000)
  region size 1024K, 387 young (396288K), 24 survivors (24576K)
 Metaspace       used 128802K, committed 130880K, reserved 1179648K
  class space    used 18186K, committed 19200K, reserved 1048576K
}
Event: 93.629 GC heap after
{Heap after GC invocations=116 (full 0):
 garbage-first heap   total 774144K, used 334307K [0x0000000080000000, 0x0000000100000000)
  region size 1024K, 32 young (32768K), 32 survivors (32768K)
 Metaspace       used 128802K, committed 130880K, reserved 1179648K
  class space    used 18186K, committed 19200K, reserved 1048576K
}
Event: 93.799 GC heap before
{Heap before GC invocations=116 (full 0):
 garbage-first heap   total 774144K, used 403939K [0x0000000080000000, 0x0000000100000000)
  region size 1024K, 102 young (104448K), 32 survivors (32768K)
 Metaspace       used 128809K, committed 130880K, reserved 1179648K
  class space    used 18186K, committed 19200K, reserved 1048576K
}
Event: 93.825 GC heap after
{Heap after GC invocations=117 (full 0):
 garbage-first heap   total 774144K, used 336814K [0x0000000080000000, 0x0000000100000000)
  region size 1024K, 27 young (27648K), 27 survivors (27648K)
 Metaspace       used 128809K, committed 130880K, reserved 1179648K
  class space    used 18186K, committed 19200K, reserved 1048576K
}
Event: 94.915 GC heap before
{Heap before GC invocations=118 (full 0):
 garbage-first heap   total 774144K, used 687022K [0x0000000080000000, 0x0000000100000000)
  region size 1024K, 369 young (377856K), 27 survivors (27648K)
 Metaspace       used 128841K, committed 130944K, reserved 1179648K
  class space    used 18189K, committed 19200K, reserved 1048576K
}
Event: 94.946 GC heap after
{Heap after GC invocations=119 (full 0):
 garbage-first heap   total 774144K, used 345962K [0x0000000080000000, 0x0000000100000000)
  region size 1024K, 36 young (36864K), 36 survivors (36864K)
 Metaspace       used 128841K, committed 130944K, reserved 1179648K
  class space    used 18189K, committed 19200K, reserved 1048576K
}
Event: 95.605 GC heap before
{Heap before GC invocations=119 (full 0):
 garbage-first heap   total 774144K, used 694122K [0x0000000080000000, 0x0000000100000000)
  region size 1024K, 377 young (386048K), 36 survivors (36864K)
 Metaspace       used 128852K, committed 130944K, reserved 1179648K
  class space    used 18189K, committed 19200K, reserved 1048576K
}
Event: 95.662 GC heap after
{Heap after GC invocations=120 (full 0):
 garbage-first heap   total 774144K, used 303104K [0x0000000080000000, 0x0000000100000000)
  region size 1024K, 34 young (34816K), 34 survivors (34816K)
 Metaspace       used 128852K, committed 130944K, reserved 1179648K
  class space    used 18189K, committed 19200K, reserved 1048576K
}
Event: 96.316 GC heap before
{Heap before GC invocations=120 (full 0):
 garbage-first heap   total 774144K, used 688128K [0x0000000080000000, 0x0000000100000000)
  region size 1024K, 411 young (420864K), 34 survivors (34816K)
 Metaspace       used 128863K, committed 130944K, reserved 1179648K
  class space    used 18190K, committed 19200K, reserved 1048576K
}

Dll operation events (3 events):
Event: 0.015 Loaded shared library D:\android studio\jbr\bin\java.dll
Event: 0.021 Loaded shared library D:\android studio\jbr\bin\zip.dll
Event: 0.612 Loaded shared library D:\android studio\jbr\bin\verify.dll

Deoptimization events (20 events):
Event: 94.831 Thread 0x0000020d5bc16c30 DEOPT PACKING pc=0x0000020d4131a2fb sp=0x00000093fc5fa700
Event: 94.831 Thread 0x0000020d5bc16c30 DEOPT UNPACKING pc=0x0000020d47444e42 sp=0x00000093fc5f9d00 mode 0
Event: 94.996 Thread 0x0000020d5bc14b60 DEOPT PACKING pc=0x0000020d4131a2fb sp=0x00000093fbdfa430
Event: 94.996 Thread 0x0000020d5bc14b60 DEOPT UNPACKING pc=0x0000020d47444e42 sp=0x00000093fbdf9a30 mode 0
Event: 95.165 Thread 0x0000020d5bc151f0 DEOPT PACKING pc=0x0000020d4131a2fb sp=0x00000093fc0fa6e0
Event: 95.165 Thread 0x0000020d5bc151f0 DEOPT UNPACKING pc=0x0000020d47444e42 sp=0x00000093fc0f9ce0 mode 0
Event: 95.287 Thread 0x0000020d5bc14b60 DEOPT PACKING pc=0x0000020d4131a2fb sp=0x00000093fbdfa430
Event: 95.287 Thread 0x0000020d5bc14b60 DEOPT UNPACKING pc=0x0000020d47444e42 sp=0x00000093fbdf9a30 mode 0
Event: 95.566 Thread 0x0000020d5d6096d0 DEOPT PACKING pc=0x0000020d4149fe76 sp=0x00000093fb6f82a0
Event: 95.566 Thread 0x0000020d5d6096d0 DEOPT UNPACKING pc=0x0000020d47444e42 sp=0x00000093fb6f78c0 mode 0
Event: 95.937 Thread 0x0000020d5bc17fe0 DEOPT PACKING pc=0x0000020d4131a2fb sp=0x00000093fc8fa600
Event: 95.937 Thread 0x0000020d5bc17fe0 DEOPT UNPACKING pc=0x0000020d47444e42 sp=0x00000093fc8f9c00 mode 0
Event: 96.055 Thread 0x0000020d5bc17fe0 DEOPT PACKING pc=0x0000020d4131a2fb sp=0x00000093fc8fa600
Event: 96.055 Thread 0x0000020d5bc17fe0 DEOPT UNPACKING pc=0x0000020d47444e42 sp=0x00000093fc8f9c00 mode 0
Event: 96.057 Thread 0x0000020d5bc16c30 DEOPT PACKING pc=0x0000020d40d75ccb sp=0x00000093fc5faf60
Event: 96.057 Thread 0x0000020d5bc16c30 DEOPT UNPACKING pc=0x0000020d47444e42 sp=0x00000093fc5fa3f0 mode 0
Event: 96.153 Thread 0x0000020d5bc15880 DEOPT PACKING pc=0x0000020d4131a2fb sp=0x00000093fbffa740
Event: 96.153 Thread 0x0000020d5bc15880 DEOPT UNPACKING pc=0x0000020d47444e42 sp=0x00000093fbff9d40 mode 0
Event: 96.243 Thread 0x0000020d5bc17fe0 DEOPT PACKING pc=0x0000020d4131a2fb sp=0x00000093fc8fa600
Event: 96.243 Thread 0x0000020d5bc17fe0 DEOPT UNPACKING pc=0x0000020d47444e42 sp=0x00000093fc8f9c00 mode 0

Classes loaded (20 events):
Event: 41.614 Loading class java/util/AbstractList$SubList
Event: 41.622 Loading class java/util/AbstractList$SubList done
Event: 41.623 Loading class java/util/AbstractList$SubList$1
Event: 41.638 Loading class java/util/AbstractList$SubList$1 done
Event: 53.274 Loading class java/nio/ByteBufferAsShortBufferL
Event: 53.297 Loading class java/nio/ByteBufferAsShortBufferL done
Event: 53.440 Loading class java/util/zip/Adler32
Event: 53.454 Loading class java/util/zip/Adler32 done
Event: 53.478 Loading class java/nio/file/Files$2
Event: 53.479 Loading class java/nio/file/Files$2 done
Event: 53.506 Loading class sun/nio/ch/ChannelOutputStream
Event: 53.508 Loading class sun/nio/ch/ChannelOutputStream done
Event: 54.357 Loading class java/nio/file/StandardCopyOption
Event: 54.358 Loading class java/nio/file/StandardCopyOption done
Event: 54.358 Loading class sun/nio/fs/WindowsFileCopy
Event: 54.360 Loading class sun/nio/fs/WindowsFileCopy done
Event: 91.221 Loading class java/util/IdentityHashMap$EntryIterator
Event: 91.237 Loading class java/util/IdentityHashMap$EntryIterator done
Event: 91.241 Loading class java/util/IdentityHashMap$EntryIterator$Entry
Event: 91.251 Loading class java/util/IdentityHashMap$EntryIterator$Entry done

Classes unloaded (20 events):
Event: 50.674 Thread 0x0000020d54a1c820 Unloading class 0x0000000101194c00 'java/lang/invoke/LambdaForm$DMH+0x0000000101194c00'
Event: 50.674 Thread 0x0000020d54a1c820 Unloading class 0x0000000101194800 'java/lang/invoke/LambdaForm$DMH+0x0000000101194800'
Event: 50.674 Thread 0x0000020d54a1c820 Unloading class 0x0000000101194400 'java/lang/invoke/LambdaForm$DMH+0x0000000101194400'
Event: 50.674 Thread 0x0000020d54a1c820 Unloading class 0x0000000101158800 'java/lang/invoke/LambdaForm$DMH+0x0000000101158800'
Event: 50.674 Thread 0x0000020d54a1c820 Unloading class 0x0000000101158400 'java/lang/invoke/LambdaForm$DMH+0x0000000101158400'
Event: 50.674 Thread 0x0000020d54a1c820 Unloading class 0x00000001010f8800 'java/lang/invoke/LambdaForm$DMH+0x00000001010f8800'
Event: 50.674 Thread 0x0000020d54a1c820 Unloading class 0x00000001010f8400 'java/lang/invoke/LambdaForm$DMH+0x00000001010f8400'
Event: 50.674 Thread 0x0000020d54a1c820 Unloading class 0x00000001010d9800 'java/lang/invoke/LambdaForm$DMH+0x00000001010d9800'
Event: 50.674 Thread 0x0000020d54a1c820 Unloading class 0x00000001010d9400 'java/lang/invoke/LambdaForm$DMH+0x00000001010d9400'
Event: 50.674 Thread 0x0000020d54a1c820 Unloading class 0x00000001010d8c00 'java/lang/invoke/LambdaForm$DMH+0x00000001010d8c00'
Event: 50.674 Thread 0x0000020d54a1c820 Unloading class 0x00000001010d8800 'java/lang/invoke/LambdaForm$DMH+0x00000001010d8800'
Event: 50.674 Thread 0x0000020d54a1c820 Unloading class 0x000000010105d800 'java/lang/invoke/LambdaForm$DMH+0x000000010105d800'
Event: 50.674 Thread 0x0000020d54a1c820 Unloading class 0x000000010105cc00 'java/lang/invoke/LambdaForm$DMH+0x000000010105cc00'
Event: 50.674 Thread 0x0000020d54a1c820 Unloading class 0x000000010105d400 'java/lang/invoke/LambdaForm$DMH+0x000000010105d400'
Event: 50.674 Thread 0x0000020d54a1c820 Unloading class 0x000000010105d000 'java/lang/invoke/LambdaForm$DMH+0x000000010105d000'
Event: 50.674 Thread 0x0000020d54a1c820 Unloading class 0x000000010105c000 'java/lang/invoke/LambdaForm$DMH+0x000000010105c000'
Event: 50.674 Thread 0x0000020d54a1c820 Unloading class 0x000000010105c400 'java/lang/invoke/LambdaForm$DMH+0x000000010105c400'
Event: 50.674 Thread 0x0000020d54a1c820 Unloading class 0x0000000100ff0800 'java/lang/invoke/LambdaForm$DMH+0x0000000100ff0800'
Event: 50.674 Thread 0x0000020d54a1c820 Unloading class 0x0000000100ff0c00 'java/lang/invoke/LambdaForm$DMH+0x0000000100ff0c00'
Event: 50.674 Thread 0x0000020d54a1c820 Unloading class 0x0000000100ff0400 'java/lang/invoke/LambdaForm$DMH+0x0000000100ff0400'

Classes redefined (0 events):
No events

Internal exceptions (20 events):
Event: 87.945 Thread 0x0000020d5bc14b60 Exception <a 'sun/nio/fs/WindowsException'{0x000000009bd427f0}> (0x000000009bd427f0) 
thrown [s\src\hotspot\share\prims\jni.cpp, line 537]
Event: 88.708 Thread 0x0000020d5bc13120 Exception <a 'sun/nio/fs/WindowsException'{0x00000000a614a680}> (0x00000000a614a680) 
thrown [s\src\hotspot\share\prims\jni.cpp, line 537]
Event: 90.820 Thread 0x0000020d5d6096d0 Exception <a 'sun/nio/fs/WindowsException'{0x00000000ab37f060}> (0x00000000ab37f060) 
thrown [s\src\hotspot\share\prims\jni.cpp, line 537]
Event: 91.340 Thread 0x0000020d5bc16c30 Exception <a 'sun/nio/fs/WindowsException'{0x000000009e632400}> (0x000000009e632400) 
thrown [s\src\hotspot\share\prims\jni.cpp, line 537]
Event: 92.309 Thread 0x0000020d5bc172c0 Exception <a 'sun/nio/fs/WindowsException'{0x00000000a30ffb50}> (0x00000000a30ffb50) 
thrown [s\src\hotspot\share\prims\jni.cpp, line 537]
Event: 92.475 Thread 0x0000020d5d6096d0 Exception <a 'sun/nio/fs/WindowsException'{0x00000000999fcdd8}> (0x00000000999fcdd8) 
thrown [s\src\hotspot\share\prims\jni.cpp, line 537]
Event: 92.767 Thread 0x0000020d5bc13120 Exception <a 'sun/nio/fs/WindowsException'{0x00000000ab591a28}> (0x00000000ab591a28) 
thrown [s\src\hotspot\share\prims\jni.cpp, line 537]
Event: 92.997 Thread 0x0000020d5d6096d0 Exception <a 'sun/nio/fs/WindowsException'{0x00000000a68c3e08}> (0x00000000a68c3e08) 
thrown [s\src\hotspot\share\prims\jni.cpp, line 537]
Event: 93.138 Thread 0x0000020d5bc137b0 Exception <a 'sun/nio/fs/WindowsException'{0x00000000a320cd90}> (0x00000000a320cd90) 
thrown [s\src\hotspot\share\prims\jni.cpp, line 537]
Event: 93.401 Thread 0x0000020d5bc172c0 Exception <a 'sun/nio/fs/WindowsException'{0x000000009ce84fe8}> (0x000000009ce84fe8) 
thrown [s\src\hotspot\share\prims\jni.cpp, line 537]
Event: 93.645 Thread 0x0000020d5bc13120 Exception <a 'sun/nio/fs/WindowsException'{0x00000000ae455d48}> (0x00000000ae455d48) 
thrown [s\src\hotspot\share\prims\jni.cpp, line 537]
Event: 93.785 Thread 0x0000020d5d6096d0 Exception <a 'sun/nio/fs/WindowsException'{0x00000000aa703330}> (0x00000000aa703330) 
thrown [s\src\hotspot\share\prims\jni.cpp, line 537]
Event: 93.864 Thread 0x0000020d5bc137b0 Exception <a 'sun/nio/fs/WindowsException'{0x00000000add02b50}> (0x00000000add02b50) 
thrown [s\src\hotspot\share\prims\jni.cpp, line 537]
Event: 94.254 Thread 0x0000020d5bc13e40 Exception <a 'sun/nio/fs/WindowsException'{0x00000000aa67f238}> (0x00000000aa67f238) 
thrown [s\src\hotspot\share\prims\jni.cpp, line 537]
Event: 94.382 Thread 0x0000020d5bc137b0 Exception <a 'sun/nio/fs/WindowsException'{0x00000000a4ad64a0}> (0x00000000a4ad64a0) 
thrown [s\src\hotspot\share\prims\jni.cpp, line 537]
Event: 94.984 Thread 0x0000020d5d6096d0 Exception <a 'sun/nio/fs/WindowsException'{0x00000000adc0dab8}> (0x00000000adc0dab8) 
thrown [s\src\hotspot\share\prims\jni.cpp, line 537]
Event: 95.075 Thread 0x0000020d5bc13120 Exception <a 'sun/nio/fs/WindowsException'{0x00000000ad25aa58}> (0x00000000ad25aa58) 
thrown [s\src\hotspot\share\prims\jni.cpp, line 537]
Event: 95.444 Thread 0x0000020d5bc137b0 Exception <a 'sun/nio/fs/WindowsException'{0x000000009f23fea0}> (0x000000009f23fea0) 
thrown [s\src\hotspot\share\prims\jni.cpp, line 537]
Event: 95.717 Thread 0x0000020d5bc13120 Exception <a 'sun/nio/fs/WindowsException'{0x00000000acc903e8}> (0x00000000acc903e8) 
thrown [s\src\hotspot\share\prims\jni.cpp, line 537]
Event: 96.224 Thread 0x0000020d5bc16c30 Exception <a 'sun/nio/fs/WindowsException'{0x000000009c1542f0}> (0x000000009c1542f0) 
thrown [s\src\hotspot\share\prims\jni.cpp, line 537]

ZGC Phase Switch (0 events):
No events

VM Operations (20 events):
Event: 91.410 Executing VM operation: G1TryInitiateConcMark (G1 Humongous Allocation) done
Event: 91.782 Executing VM operation: G1PauseRemark
Event: 91.812 Executing VM operation: G1PauseRemark done
Event: 92.249 Executing VM operation: G1PauseCleanup
Event: 92.268 Executing VM operation: G1PauseCleanup done
Event: 92.592 Executing VM operation: G1CollectForAllocation (G1 Evacuation Pause)
Event: 92.629 Executing VM operation: G1CollectForAllocation (G1 Evacuation Pause) done
Event: 93.586 Executing VM operation: G1CollectForAllocation (G1 Evacuation Pause)
Event: 93.630 Executing VM operation: G1CollectForAllocation (G1 Evacuation Pause) done
Event: 93.798 Executing VM operation: G1TryInitiateConcMark (G1 Humongous Allocation)
Event: 93.826 Executing VM operation: G1TryInitiateConcMark (G1 Humongous Allocation) done
Event: 94.102 Executing VM operation: G1PauseRemark
Event: 94.173 Executing VM operation: G1PauseRemark done
Event: 94.743 Executing VM operation: G1PauseCleanup
Event: 94.747 Executing VM operation: G1PauseCleanup done
Event: 94.914 Executing VM operation: G1CollectForAllocation (G1 Evacuation Pause)
Event: 94.946 Executing VM operation: G1CollectForAllocation (G1 Evacuation Pause) done
Event: 95.605 Executing VM operation: G1CollectForAllocation (G1 Evacuation Pause)
Event: 95.662 Executing VM operation: G1CollectForAllocation (G1 Evacuation Pause) done
Event: 96.315 Executing VM operation: G1CollectForAllocation (G1 Evacuation Pause)

Memory protections (0 events):
No events

Nmethod flushes (20 events):
Event: 94.169 Thread 0x0000020d54a1c820 flushing  nmethod 0x0000020d401dd810
Event: 94.169 Thread 0x0000020d54a1c820 flushing  nmethod 0x0000020d40428b90
Event: 94.169 Thread 0x0000020d54a1c820 flushing  nmethod 0x0000020d40464b90
Event: 94.169 Thread 0x0000020d54a1c820 flushing  nmethod 0x0000020d40466810
Event: 94.169 Thread 0x0000020d54a1c820 flushing  nmethod 0x0000020d40467390
Event: 94.169 Thread 0x0000020d54a1c820 flushing  nmethod 0x0000020d4167f210
Event: 94.169 Thread 0x0000020d54a1c820 flushing  nmethod 0x0000020d4177e490
Event: 94.169 Thread 0x0000020d54a1c820 flushing  nmethod 0x0000020d4177e990
Event: 94.169 Thread 0x0000020d54a1c820 flushing  nmethod 0x0000020d41aeac10
Event: 94.169 Thread 0x0000020d54a1c820 flushing  nmethod 0x0000020d41aebd90
Event: 94.169 Thread 0x0000020d54a1c820 flushing  nmethod 0x0000020d41c5d390
Event: 94.169 Thread 0x0000020d54a1c820 flushing  nmethod 0x0000020d41c5d910
Event: 94.169 Thread 0x0000020d54a1c820 flushing  nmethod 0x0000020d41c5dd10
Event: 94.169 Thread 0x0000020d54a1c820 flushing  nmethod 0x0000020d41c5e510
Event: 94.169 Thread 0x0000020d54a1c820 flushing  nmethod 0x0000020d41f4aa90
Event: 94.169 Thread 0x0000020d54a1c820 flushing  nmethod 0x0000020d41f51110
Event: 94.169 Thread 0x0000020d54a1c820 flushing  nmethod 0x0000020d42016110
Event: 94.169 Thread 0x0000020d54a1c820 flushing  nmethod 0x0000020d420b9290
Event: 94.169 Thread 0x0000020d54a1c820 flushing  nmethod 0x0000020d4245a410
Event: 94.169 Thread 0x0000020d54a1c820 flushing  nmethod 0x0000020d425c9d10

Events (20 events):
Event: 29.996 Thread 0x0000020d5e6509d0 Thread added: 0x0000020d5dc41320
Event: 29.997 Thread 0x0000020d5e6509d0 Thread added: 0x0000020d5dc3e530
Event: 29.998 Thread 0x0000020d5e6509d0 Thread added: 0x0000020d5dc3ff70
Event: 30.221 Thread 0x0000020d5e6509d0 Thread added: 0x0000020d5dc3dea0
Event: 30.222 Thread 0x0000020d5e6509d0 Thread added: 0x0000020d5dc42040
Event: 30.223 Thread 0x0000020d5e6509d0 Thread added: 0x0000020d5dc419b0
Event: 30.224 Thread 0x0000020d5e6509d0 Thread added: 0x0000020d5dc3ebc0
Event: 30.224 Thread 0x0000020d5e6509d0 Thread added: 0x0000020d5dc426d0
Event: 30.225 Thread 0x0000020d5e6509d0 Thread added: 0x0000020d5dc454c0
Event: 30.226 Thread 0x0000020d5e6509d0 Thread added: 0x0000020d5dc45b50
Event: 30.227 Thread 0x0000020d5e6509d0 Thread added: 0x0000020d5dc433f0
Event: 30.229 Thread 0x0000020d5e6509d0 Thread added: 0x0000020d5dc447a0
Event: 30.232 Thread 0x0000020d5e6509d0 Thread added: 0x0000020d5dc461e0
Event: 30.238 Thread 0x0000020d5e6509d0 Thread added: 0x0000020d5dc42d60
Event: 30.702 Thread 0x0000020d5d1f35e0 Thread exited: 0x0000020d5d1f35e0
Event: 31.520 Thread 0x0000020d54ad6b90 Thread added: 0x0000020d5d1f3cb0
Event: 31.556 Thread 0x0000020d5e6509d0 Thread added: 0x0000020d5d87bd60
Event: 31.623 Thread 0x0000020d5d6096d0 Thread added: 0x0000020d5d879600
Event: 31.624 Thread 0x0000020d5d6096d0 Thread added: 0x0000020d5d87a320
Event: 63.728 Thread 0x0000020d5abd7bc0 Thread exited: 0x0000020d5abd7bc0


Dynamic libraries:
0x00007ff6da420000 - 0x00007ff6da42a000 	D:\android studio\jbr\bin\java.exe
0x00007ff8b2e00000 - 0x00007ff8b3067000 	C:\WINDOWS\SYSTEM32\ntdll.dll
0x00007ff8b26a0000 - 0x00007ff8b2769000 	C:\WINDOWS\System32\KERNEL32.DLL
0x00007ff8b03d0000 - 0x00007ff8b07c4000 	C:\WINDOWS\System32\KERNELBASE.dll
0x00007ff8b0990000 - 0x00007ff8b0adb000 	C:\WINDOWS\System32\ucrtbase.dll
0x00007ff86da20000 - 0x00007ff86da3b000 	D:\android studio\jbr\bin\VCRUNTIME140.dll
0x00007ff8aee20000 - 0x00007ff8aee38000 	D:\android studio\jbr\bin\jli.dll
0x00007ff8b24c0000 - 0x00007ff8b2685000 	C:\WINDOWS\System32\USER32.dll
0x00007ff8afff0000 - 0x00007ff8b0017000 	C:\WINDOWS\System32\win32u.dll
0x00007ff8b0fd0000 - 0x00007ff8b0ffb000 	C:\WINDOWS\System32\GDI32.dll
0x00007ff8aead0000 - 0x00007ff8aed63000 	C:\WINDOWS\WinSxS\amd64_microsoft.windows.common-controls_6595b64144ccf1df_6.0.26100.8115_none_3e075c82e3354f9c\COMCTL32.dll
0x00007ff8b0d70000 - 0x00007ff8b0e19000 	C:\WINDOWS\System32\msvcrt.dll
0x00007ff8b07d0000 - 0x00007ff8b08fb000 	C:\WINDOWS\System32\gdi32full.dll
0x00007ff8b0ae0000 - 0x00007ff8b0b83000 	C:\WINDOWS\System32\msvcp_win.dll
0x00007ff8b0e20000 - 0x00007ff8b0e52000 	C:\WINDOWS\System32\IMM32.DLL
0x00007ff87bd70000 - 0x00007ff87bd7c000 	D:\android studio\jbr\bin\vcruntime140_1.dll
0x00007ff899da0000 - 0x00007ff899e2d000 	D:\android studio\jbr\bin\msvcp140.dll
0x00007ff8262d0000 - 0x00007ff826f66000 	D:\android studio\jbr\bin\server\jvm.dll
0x00007ff8b1210000 - 0x00007ff8b12c6000 	C:\WINDOWS\System32\ADVAPI32.dll
0x00007ff8b2d10000 - 0x00007ff8b2db7000 	C:\WINDOWS\System32\sechost.dll
0x00007ff8b1020000 - 0x00007ff8b1138000 	C:\WINDOWS\System32\RPCRT4.dll
0x00007ff8b2c00000 - 0x00007ff8b2c80000 	C:\WINDOWS\System32\WS2_32.dll
0x00007ff8af550000 - 0x00007ff8af5ae000 	C:\WINDOWS\SYSTEM32\POWRPROF.dll
0x00007ff8a2ed0000 - 0x00007ff8a2f06000 	C:\WINDOWS\SYSTEM32\WINMM.dll
0x00007ff8a5bf0000 - 0x00007ff8a5bfb000 	C:\WINDOWS\SYSTEM32\VERSION.dll
0x00007ff8af510000 - 0x00007ff8af524000 	C:\WINDOWS\SYSTEM32\UMPDC.dll
0x00007ff8adaf0000 - 0x00007ff8adb0b000 	C:\WINDOWS\SYSTEM32\kernel.appcore.dll
0x00007ff86dc30000 - 0x00007ff86dc3a000 	D:\android studio\jbr\bin\jimage.dll
0x00007ff8aee80000 - 0x00007ff8af0c2000 	C:\WINDOWS\SYSTEM32\DBGHELP.DLL
0x00007ff8b2130000 - 0x00007ff8b24b2000 	C:\WINDOWS\System32\combase.dll
0x00007ff8b1fd0000 - 0x00007ff8b20a8000 	C:\WINDOWS\System32\OLEAUT32.dll
0x00007ff8aed70000 - 0x00007ff8aedab000 	C:\WINDOWS\SYSTEM32\dbgcore.DLL
0x00007ff8af6d0000 - 0x00007ff8af775000 	C:\WINDOWS\System32\bcryptPrimitives.dll
0x00007ff8aee10000 - 0x00007ff8aee1e000 	D:\android studio\jbr\bin\instrument.dll
0x00007ff82eae0000 - 0x00007ff82eb00000 	D:\android studio\jbr\bin\java.dll
0x00007ff82eac0000 - 0x00007ff82ead8000 	D:\android studio\jbr\bin\zip.dll
0x00007ff8b13d0000 - 0x00007ff8b1b37000 	C:\WINDOWS\System32\SHELL32.dll
0x00007ff8b0260000 - 0x00007ff8b03ca000 	C:\WINDOWS\System32\wintypes.dll
0x00007ff8af780000 - 0x00007ff8affe8000 	C:\WINDOWS\System32\windows.storage.dll
0x00007ff8b2b00000 - 0x00007ff8b2bf8000 	C:\WINDOWS\System32\SHCORE.dll
0x00007ff8b1140000 - 0x00007ff8b11a6000 	C:\WINDOWS\System32\shlwapi.dll
0x00007ff8af5f0000 - 0x00007ff8af619000 	C:\WINDOWS\SYSTEM32\profapi.dll
0x00007ff86da90000 - 0x00007ff86daa0000 	D:\android studio\jbr\bin\net.dll
0x00007ff8a5e80000 - 0x00007ff8a5fad000 	C:\WINDOWS\SYSTEM32\WINHTTP.dll
0x00007ff8ae000000 - 0x00007ff8ae06c000 	C:\WINDOWS\system32\mswsock.dll
0x00007ff82eaa0000 - 0x00007ff82eab6000 	D:\android studio\jbr\bin\nio.dll
0x00007ff82e7f0000 - 0x00007ff82e800000 	D:\android studio\jbr\bin\verify.dll
0x00007ff88bcb0000 - 0x00007ff88bcd7000 	D:\gradle\native\c067742578af261105cb4f569cf0c3c89f3d7b1fecec35dd04571415982c5e48\windows-amd64\native-platform.dll
0x00007ff88b3b0000 - 0x00007ff88b4f4000 	D:\gradle\native\38dada09dfb8b06ba9b0570ebf7e218e3eb74d4ef43ca46872605cf95ebc2f47\windows-amd64\native-platform-file-events.dll
0x00007ff82e5b0000 - 0x00007ff82e5b9000 	D:\android studio\jbr\bin\management.dll
0x00007ff82cd30000 - 0x00007ff82cd3b000 	D:\android studio\jbr\bin\management_ext.dll
0x00007ff8b0e60000 - 0x00007ff8b0e68000 	C:\WINDOWS\System32\PSAPI.DLL
0x00007ff8af1f0000 - 0x00007ff8af20b000 	C:\WINDOWS\SYSTEM32\CRYPTSP.dll
0x00007ff8ae4d0000 - 0x00007ff8ae509000 	C:\WINDOWS\system32\rsaenh.dll
0x00007ff8ae070000 - 0x00007ff8ae0a3000 	C:\WINDOWS\SYSTEM32\USERENV.dll
0x00007ff8af5c0000 - 0x00007ff8af5ea000 	C:\WINDOWS\SYSTEM32\bcrypt.dll
0x00007ff8ae4c0000 - 0x00007ff8ae4cc000 	C:\WINDOWS\SYSTEM32\CRYPTBASE.dll
0x00007ff8ad560000 - 0x00007ff8ad592000 	C:\WINDOWS\SYSTEM32\IPHLPAPI.DLL
0x00007ff8b2950000 - 0x00007ff8b295a000 	C:\WINDOWS\System32\NSI.dll
0x00007ff85b4d0000 - 0x00007ff85b4d9000 	D:\android studio\jbr\bin\extnet.dll
0x00007ff86e020000 - 0x00007ff86e028000 	C:\WINDOWS\system32\wshunix.dll

JVMTI agents:
D:\gradle\wrapper\dists\gradle-8.7-bin\bhs2wmbdwecv87pi65oeuq5iu\gradle-8.7\lib\agents\gradle-instrumentation-agent-8.7.jar path:D:\android studio\jbr\bin\instrument.dll, loaded, initialized, instrumentlib options:none

dbghelp: loaded successfully - version: 4.0.5 - missing functions: none
symbol engine: initialized successfully - sym options: 0x614 - pdb path: .;D:\android studio\jbr\bin;C:\WINDOWS\SYSTEM32;C:\WINDOWS\WinSxS\amd64_microsoft.windows.common-controls_6595b64144ccf1df_6.0.26100.8115_none_3e075c82e3354f9c;D:\android studio\jbr\bin\server;D:\gradle\native\c067742578af261105cb4f569cf0c3c89f3d7b1fecec35dd04571415982c5e48\windows-amd64;D:\gradle\native\38dada09dfb8b06ba9b0570ebf7e218e3eb74d4ef43ca46872605cf95ebc2f47\windows-amd64

VM Arguments:
jvm_args: --add-opens=java.base/java.util=ALL-UNNAMED --add-opens=java.base/java.lang=ALL-UNNAMED --add-opens=java.base/java.lang.invoke=ALL-UNNAMED --add-opens=java.prefs/java.util.prefs=ALL-UNNAMED --add-opens=java.base/java.nio.charset=ALL-UNNAMED --add-opens=java.base/java.net=ALL-UNNAMED --add-opens=java.base/java.util.concurrent.atomic=ALL-UNNAMED -Xmx2048m -Dfile.encoding=UTF-8 -Duser.country=US -Duser.language=en -Duser.variant -javaagent:D:\gradle\wrapper\dists\gradle-8.7-bin\bhs2wmbdwecv87pi65oeuq5iu\gradle-8.7\lib\agents\gradle-instrumentation-agent-8.7.jar 
java_command: org.gradle.launcher.daemon.bootstrap.GradleDaemon 8.7
java_class_path (initial): D:\gradle\wrapper\dists\gradle-8.7-bin\bhs2wmbdwecv87pi65oeuq5iu\gradle-8.7\lib\gradle-launcher-8.7.jar
Launcher Type: SUN_STANDARD

[Global flags]
     intx CICompilerCount                          = 4                                         {product} {ergonomic}
     uint ConcGCThreads                            = 3                                         {product} {ergonomic}
     uint G1ConcRefinementThreads                  = 10                                        {product} {ergonomic}
   size_t G1HeapRegionSize                         = 1048576                                   {product} {ergonomic}
    uintx GCDrainStackTargetSize                   = 64                                        {product} {ergonomic}
   size_t InitialHeapSize                          = 130023424                                 {product} {ergonomic}
   size_t MarkStackSize                            = 4194304                                   {product} {ergonomic}
   size_t MaxHeapSize                              = 2147483648                                {product} {command line}
   size_t MaxNewSize                               = 1287651328                                {product} {ergonomic}
   size_t MinHeapDeltaBytes                        = 1048576                                   {product} {ergonomic}
   size_t MinHeapSize                              = 8388608                                   {product} {ergonomic}
    uintx NonNMethodCodeHeapSize                   = 5839372                                {pd product} {ergonomic}
    uintx NonProfiledCodeHeapSize                  = 122909434                              {pd product} {ergonomic}
    uintx ProfiledCodeHeapSize                     = 122909434                              {pd product} {ergonomic}
    uintx ReservedCodeCacheSize                    = 251658240                              {pd product} {ergonomic}
     bool SegmentedCodeCache                       = true                                      {product} {ergonomic}
   size_t SoftMaxHeapSize                          = 2147483648                             {manageable} {ergonomic}
     bool UseCompressedOops                        = true                           {product lp64_product} {ergonomic}
     bool UseG1GC                                  = true                                      {product} {ergonomic}
     bool UseLargePagesIndividualAllocation        = false                                  {pd product} {ergonomic}

Logging:
Log output configuration:
 #0: stdout all=warning uptime,level,tags foldmultilines=false
 #1: stderr all=off uptime,level,tags foldmultilines=false

Environment Variables:
PATH=D:\Eclipse Temurin JDK\bin;C:\Program Files\Common Files\Oracle\Java\javapath;C:\WINDOWS\system32;C:\WINDOWS;C:\WINDOWS\System32\Wbem;C:\WINDOWS\System32\WindowsPowerShell\v1.0\;C:\WINDOWS\System32\OpenSSH\;D:\Git\cmd;C:\Users\hp\AppData\Local\Programs\Python\Python39;C:\Users\hp\AppData\Local\Programs\Python\Python39\Scripts;C:\Users\hp\AppData\Local\Programs\Python\Python39\Scripts\;C:\Users\hp\AppData\Local\Programs\Python\Python39\;C:\Users\hp\AppData\Local\Programs\Python\Python314\Scripts\;C:\Users\hp\AppData\Local\Programs\Python\Python314\;C:\Users\hp\AppData\Local\Microsoft\WindowsApps;C:\Users\hp\AppData\Local\Programs\Microsoft VS Code\bin;D:\Antigravity\bin
USERNAME=hp
OS=Windows_NT
PROCESSOR_IDENTIFIER=Intel64 Family 6 Model 154 Stepping 4, GenuineIntel
TMP=C:\Users\hp\AppData\Local\Temp
TEMP=C:\Users\hp\AppData\Local\Temp




Periodic native trim disabled

JNI global refs:
JNI global refs: 30, weak refs: 466

JNI global refs memory usage: 835, weak refs: 5953

Process memory usage:
Resident Set Size: 984388K (12% of 8052072K total physical memory with 234280K free physical memory)

OOME stack traces (most recent first):
Classloader memory used:
Loader org.gradle.internal.classloader.VisitableURLClassLoader$InstrumentingVisitableURLClassLoader: 48655K
Loader org.gradle.internal.classloader.VisitableURLClassLoader                         : 39076K
Loader bootstrap                                                                       : 28550K
Loader org.gradle.initialization.MixInLegacyTypesClassLoader                           : 11245K
Loader jdk.internal.loader.ClassLoaders$PlatformClassLoader                            : 517K
Loader org.gradle.groovy.scripts.internal.DefaultScriptCompilationHandler$ScriptClassLoader: 337K
Loader jdk.internal.loader.ClassLoaders$AppClassLoader                                 : 232K
Loader jdk.internal.reflect.DelegatingClassLoader                                      : 202K
Loader org.codehaus.groovy.runtime.callsite.CallSiteClassLoader                        : 48120B

Classes loaded by more than one classloader:
Class com.google.common.base.PairwiseEquivalence                                      : loaded 2 times (x 83B)
Class com.google.common.base.Equivalence$Identity                                     : loaded 2 times (x 82B)
Class com.google.common.collect.RegularImmutableMap$KeySet                            : loaded 2 times (x 150B)
Class org.gradle.internal.classloader.FilteringClassLoader                            : loaded 2 times (x 105B)
Class [Lcom.google.common.base.AbstractIterator$State;                                : loaded 2 times (x 69B)
Class com.google.common.base.CharMatcher$IsEither                                     : loaded 2 times (x 111B)
Class build_bumm7xms9c1ba80569l1r8et4$_run_closure1$_closure3                         : loaded 2 times (x 139B)
Class org.gradle.internal.classloader.ClassLoaderHierarchy                            : loaded 2 times (x 70B)
Class com.google.common.collect.ImmutableEnumSet                                      : loaded 2 times (x 146B)
Class com.google.common.util.concurrent.ExecutionError                                : loaded 2 times (x 82B)
Class com.google.common.collect.ImmutableList$1                                       : loaded 2 times (x 97B)
Class org.gradle.api.internal.classpath.ManifestUtil                                  : loaded 2 times (x 71B)
Class com.google.common.io.ByteArrayDataOutput                                        : loaded 2 times (x 70B)
Class com.google.common.collect.RegularImmutableMap                                   : loaded 2 times (x 121B)
Class com.google.common.collect.ImmutableMap$MapViewOfValuesAsSingletonSets           : loaded 2 times (x 125B)
Class [Lorg.objectweb.asm.Symbol;                                                     : loaded 2 times (x 69B)
Class org.objectweb.asm.ClassVisitor                                                  : loaded 2 times (x 88B)
Class com.google.common.collect.UnmodifiableListIterator                              : loaded 2 times (x 95B)
Class org.objectweb.asm.MethodTooLargeException                                       : loaded 2 times (x 83B)
Class [Lcom.google.common.cache.CacheBuilder$OneWeigher;                              : loaded 2 times (x 69B)
Class com.google.common.base.Suppliers                                                : loaded 2 times (x 71B)
Class com.google.common.base.Platform$JdkPatternCompiler                              : loaded 2 times (x 75B)
Class org.gradle.internal.classloader.DefaultClassLoaderFactory                       : loaded 2 times (x 82B)
Class com.google.common.base.CharMatcher$None                                         : loaded 2 times (x 112B)
Class org.gradle.internal.classloader.ClassLoaderVisitor                              : loaded 2 times (x 76B)
Class [Lcom.google.common.collect.ImmutableMapEntry;                                  : loaded 2 times (x 69B)
Class org.gradle.api.internal.classpath.EffectiveClassPath                            : loaded 2 times (x 90B)
Class [Lorg.apache.commons.io.StandardLineSeparator;                                  : loaded 2 times (x 69B)
Class org.apache.commons.io.output.StringBuilderWriter                                : loaded 2 times (x 100B)
Class com.google.common.collect.ImmutableEnumMap                                      : loaded 2 times (x 125B)
Class com.google.common.collect.ListMultimap                                          : loaded 2 times (x 70B)
Class com.google.common.collect.Sets$1                                                : loaded 2 times (x 139B)
Class org.objectweb.asm.AnnotationVisitor                                             : loaded 2 times (x 78B)
Class com.google.common.base.Splitter                                                 : loaded 2 times (x 72B)
Class org.gradle.api.internal.DefaultClassPathProvider                                : loaded 2 times (x 76B)
Class com.google.common.collect.Sets$2                                                : loaded 2 times (x 139B)
Class [Lorg.gradle.api.internal.ClassPathProvider;                                    : loaded 2 times (x 69B)
Class org.gradle.api.internal.ClassPathProvider                                       : loaded 2 times (x 70B)
Class com.google.common.collect.Sets$3                                                : loaded 2 times (x 139B)
Class com.google.common.util.concurrent.AbstractFuture$SafeAtomicHelper               : loaded 2 times (x 79B)
Class com.google.common.cache.LocalCache$LocalLoadingCache                            : loaded 2 times (x 134B)
Class com.google.common.base.AbstractIterator$State                                   : loaded 2 times (x 79B)
Class org.gradle.internal.service.UnknownServiceException                             : loaded 2 times (x 83B)
Class com.google.common.io.ByteArrayDataInput                                         : loaded 2 times (x 70B)
Class com.google.common.collect.Sets$4                                                : loaded 2 times (x 139B)
Class org.objectweb.asm.ModuleVisitor                                                 : loaded 2 times (x 81B)
Class com.google.common.cache.LocalCache$Strength$1                                   : loaded 2 times (x 81B)
Class com.google.common.util.concurrent.SettableFuture                                : loaded 2 times (x 114B)
Class com.google.common.cache.LocalCache$Strength$2                                   : loaded 2 times (x 81B)
Class com.google.common.io.ByteStreams                                                : loaded 2 times (x 71B)
Class com.google.common.cache.LocalCache$Strength$3                                   : loaded 2 times (x 81B)
Class com.google.common.collect.MapDifference                                         : loaded 2 times (x 70B)
Class com.google.common.base.Splitter$1                                               : loaded 2 times (x 77B)
Class org.objectweb.asm.FieldWriter                                                   : loaded 2 times (x 78B)
Class com.google.common.cache.CacheBuilder$NullListener                               : loaded 2 times (x 82B)
Class org.gradle.internal.classpath.TransformedClassPath                              : loaded 2 times (x 96B)
Class org.apache.commons.io.output.UnsynchronizedByteArrayOutputStream                : loaded 2 times (x 102B)
Class com.google.common.cache.CacheLoader$FunctionToCacheLoader                       : loaded 2 times (x 75B)
Class com.google.common.collect.Iterators$ArrayItr                                    : loaded 2 times (x 97B)
Class com.google.common.collect.ImmutableCollection$Builder                           : loaded 2 times (x 76B)
Class org.apache.commons.io.output.ByteArrayOutputStream                              : loaded 2 times (x 102B)
Class com.google.common.base.Joiner                                                   : loaded 2 times (x 79B)
Class com.google.common.base.MoreObjects                                              : loaded 2 times (x 71B)
Class [Lorg.objectweb.asm.Type;                                                       : loaded 2 times (x 69B)
Class com.google.common.collect.Platform                                              : loaded 2 times (x 71B)
Class com.google.common.collect.UnmodifiableIterator                                  : loaded 2 times (x 80B)
Class org.gradle.internal.service.ServiceLocator                                      : loaded 2 times (x 70B)
Class com.google.common.base.Ascii                                                    : loaded 2 times (x 71B)
Class com.google.common.collect.SingletonImmutableBiMap                               : loaded 2 times (x 143B)
Class com.google.common.cache.LocalCache$1                                            : loaded 2 times (x 89B)
Class com.google.common.collect.AbstractMapEntry                                      : loaded 2 times (x 81B)
Class com.google.common.collect.Sets$ImprovedAbstractSet                              : loaded 2 times (x 135B)
Class com.google.common.collect.ImmutableList$Builder                                 : loaded 2 times (x 77B)
Class com.google.common.cache.LocalCache$2                                            : loaded 2 times (x 142B)
Class com.google.common.collect.AbstractMultimap                                      : loaded 2 times (x 123B)
Class com.google.common.util.concurrent.AbstractFuture$UnsafeAtomicHelper$1           : loaded 2 times (x 76B)
Class com.google.common.collect.RegularImmutableAsList                                : loaded 2 times (x 216B)
Class com.google.common.util.concurrent.AbstractFuture$Trusted                        : loaded 2 times (x 70B)
Class com.google.common.collect.Iterators                                             : loaded 2 times (x 71B)
Class com.google.common.base.CharMatcher$RangesMatcher                                : loaded 2 times (x 112B)
Class com.google.common.util.concurrent.UncheckedExecutionException                   : loaded 2 times (x 82B)
Class com.google.common.collect.Lists$StringAsImmutableList                           : loaded 2 times (x 207B)
Class ijKotlinCoroutineJvmDebugInit1_3p1rs4353hnyo5rk0eh2glui6$_run_closure1$_closure2: loaded 2 times (x 139B)
Class ijJvmDebugger1_2mezv50hp7pm2cagazdip430c                                        : loaded 2 times (x 179B)
Class com.google.common.base.CharMatcher$JavaLetterOrDigit                            : loaded 2 times (x 111B)
Class org.gradle.internal.InternalTransformer                                         : loaded 2 times (x 70B)
Class com.google.common.collect.AbstractMapBasedMultimap$KeySet$1                     : loaded 2 times (x 82B)
Class org.objectweb.asm.ClassWriter                                                   : loaded 2 times (x 106B)
Class com.google.common.cache.CacheLoader$UnsupportedLoadingOperationException        : loaded 2 times (x 82B)
Class com.google.common.base.CharMatcher$And                                          : loaded 2 times (x 112B)
Class org.gradle.internal.classloader.ClasspathUtil$1                                 : loaded 2 times (x 76B)
Class com.google.common.base.Objects                                                  : loaded 2 times (x 71B)
Class org.objectweb.asm.FieldVisitor                                                  : loaded 2 times (x 77B)
Class com.google.common.collect.IndexedImmutableSet                                   : loaded 2 times (x 150B)
Class com.google.common.collect.ImmutableMap$1                                        : loaded 2 times (x 81B)
Class com.google.common.collect.BiMap                                                 : loaded 2 times (x 70B)
Class org.gradle.api.internal.classpath.DefaultModuleRegistry$DefaultModule           : loaded 2 times (x 86B)
Class com.google.common.primitives.Ints                                               : loaded 2 times (x 71B)
Class com.google.common.collect.AbstractIterator                                      : loaded 2 times (x 82B)
Class com.google.common.math.MathPreconditions                                        : loaded 2 times (x 71B)
Class com.google.common.collect.Multiset                                              : loaded 2 times (x 70B)
Class com.google.common.collect.ArrayListMultimapGwtSerializationDependencies         : loaded 2 times (x 172B)
Class com.google.common.collect.ObjectArrays                                          : loaded 2 times (x 71B)
Class com.google.common.collect.AbstractIndexedListIterator                           : loaded 2 times (x 96B)
Class org.apache.commons.io.output.NullOutputStream                                   : loaded 2 times (x 85B)
Class com.google.common.collect.ImmutableMapEntrySet                                  : loaded 2 times (x 151B)
Class org.gradle.api.internal.classpath.Module                                        : loaded 2 times (x 70B)
Class com.google.common.cache.Weigher                                                 : loaded 2 times (x 70B)
Class org.gradle.api.internal.classpath.UnknownModuleException                        : loaded 2 times (x 82B)
Class org.gradle.cache.GlobalCache                                                    : loaded 2 times (x 70B)
Class com.google.common.base.Stopwatch                                                : loaded 2 times (x 72B)
Class com.google.common.cache.LocalCache$Strength                                     : loaded 2 times (x 81B)
Class com.google.common.cache.Cache                                                   : loaded 2 times (x 70B)
Class com.google.common.util.concurrent.AbstractFuture$Cancellation                   : loaded 2 times (x 72B)
Class com.google.common.collect.ImmutableMap$Builder                                  : loaded 2 times (x 82B)
Class com.google.common.base.NullnessCasts                                            : loaded 2 times (x 71B)
Class com.google.common.cache.RemovalListener                                         : loaded 2 times (x 70B)
Class org.gradle.api.internal.DefaultClassPathRegistry                                : loaded 2 times (x 76B)
Class com.google.common.primitives.IntsMethodsForWeb                                  : loaded 2 times (x 71B)
Class com.google.common.collect.Multimap                                              : loaded 2 times (x 70B)
Class org.gradle.api.internal.ClassPathRegistry                                       : loaded 2 times (x 70B)
Class org.gradle.internal.classpath.DefaultClassPath$ImmutableUniqueList              : loaded 2 times (x 199B)
Class build_7kpn8c1kbft84l4uum8ipdam9                                                 : loaded 2 times (x 180B)
Class com.google.common.base.ExtraObjectsMethodsForWeb                                : loaded 2 times (x 71B)
Class org.apache.commons.io.IOUtils                                                   : loaded 2 times (x 71B)
Class com.google.common.cache.CacheBuilder                                            : loaded 2 times (x 72B)
Class com.google.common.collect.SingletonImmutableList                                : loaded 2 times (x 207B)
Class org.gradle.internal.classpath.ClassPath                                         : loaded 2 times (x 70B)
Class org.gradle.api.UncheckedIOException                                             : loaded 2 times (x 82B)
Class com.google.common.collect.ImmutableList$ReverseImmutableList                    : loaded 2 times (x 208B)
Class com.google.common.base.JdkPattern                                               : loaded 2 times (x 75B)
Class org.objectweb.asm.SymbolTable$Entry                                             : loaded 2 times (x 74B)
Class com.google.common.util.concurrent.AbstractFuture$AtomicHelper                   : loaded 2 times (x 78B)
Class org.gradle.internal.Factory                                                     : loaded 2 times (x 70B)
Class org.objectweb.asm.Edge                                                          : loaded 2 times (x 72B)
Class com.google.common.base.Suppliers$SupplierOfInstance                             : loaded 2 times (x 79B)
Class com.google.common.collect.Iterators$1                                           : loaded 2 times (x 81B)
Class com.google.common.cache.LocalCache$ComputingValueReference                      : loaded 2 times (x 96B)
Class com.google.common.collect.SingletonImmutableSet                                 : loaded 2 times (x 146B)
Class com.google.common.collect.ImmutableMap$IteratorBasedImmutableMap                : loaded 2 times (x 125B)
Class com.google.common.cache.LocalCache$Segment                                      : loaded 2 times (x 154B)
Class [Lorg.objectweb.asm.SymbolTable$Entry;                                          : loaded 2 times (x 69B)
Class com.google.common.cache.CacheLoader                                             : loaded 2 times (x 74B)
Class com.google.common.collect.Iterators$4                                           : loaded 2 times (x 82B)
Class com.google.common.collect.ImmutableBiMap                                        : loaded 2 times (x 143B)
Class com.google.common.collect.AbstractListMultimap                                  : loaded 2 times (x 172B)
Class org.gradle.internal.installation.GradleInstallation$1                           : loaded 2 times (x 75B)
Class org.gradle.api.internal.classpath.ModuleRegistry                                : loaded 2 times (x 70B)
Class com.google.common.util.concurrent.internal.InternalFutureFailureAccess          : loaded 2 times (x 72B)
Class com.google.common.collect.Iterators$5                                           : loaded 2 times (x 82B)
Class com.google.common.collect.ImmutableSet$JdkBackedSetBuilderImpl                  : loaded 2 times (x 76B)
Class com.google.common.base.Splitter$SplittingIterator                               : loaded 2 times (x 84B)
Class com.google.common.io.Closer$SuppressingSuppressor                               : loaded 2 times (x 75B)
Class com.google.common.util.concurrent.AbstractFuture$UnsafeAtomicHelper             : loaded 2 times (x 78B)
Class com.google.common.cache.LocalCache$LocalManualCache$1                           : loaded 2 times (x 75B)
Class com.google.common.base.CharMatcher$ForPredicate                                 : loaded 2 times (x 112B)
Class com.google.common.collect.ImmutableCollection                                   : loaded 2 times (x 125B)
Class com.google.common.base.CharMatcher$AnyOf                                        : loaded 2 times (x 112B)
Class ijKotlinCoroutineJvmDebugInit1_3p1rs4353hnyo5rk0eh2glui6$_run_closure1          : loaded 2 times (x 139B)
Class org.gradle.api.internal.classpath.DefaultModuleRegistry                         : loaded 2 times (x 86B)
Class com.google.common.util.concurrent.ListenableFuture                              : loaded 2 times (x 70B)
Class com.google.common.cache.ReferenceEntry                                          : loaded 2 times (x 70B)
Class com.google.common.collect.ImmutableSet$CachingAsList                            : loaded 2 times (x 147B)
Class com.google.common.base.Converter                                                : loaded 2 times (x 90B)
Class com.google.common.collect.Lists                                                 : loaded 2 times (x 71B)
Class com.google.common.base.CharMatcher$Any                                          : loaded 2 times (x 112B)
Class com.google.common.util.concurrent.AbstractFuture                                : loaded 2 times (x 106B)
Class com.google.common.base.FunctionalEquivalence                                    : loaded 2 times (x 83B)
Class com.google.common.collect.Iterators$9                                           : loaded 2 times (x 81B)
Class com.google.common.collect.AbstractMapBasedMultimap                              : loaded 2 times (x 139B)
Class com.google.common.collect.ImmutableAsList                                       : loaded 2 times (x 209B)
Class org.objectweb.asm.RecordComponentVisitor                                        : loaded 2 times (x 77B)
Class com.google.common.cache.CacheLoader$SupplierToCacheLoader                       : loaded 2 times (x 75B)
Class ijKotlinCoroutineJvmDebugInit1_3p1rs4353hnyo5rk0eh2glui6                        : loaded 2 times (x 179B)
Class com.google.common.collect.Maps$EntryTransformer                                 : loaded 2 times (x 70B)
Class org.gradle.internal.service.ServiceLookupException                              : loaded 2 times (x 82B)
Class [Lcom.google.common.cache.LocalCache$EntryFactory;                              : loaded 2 times (x 69B)
Class com.google.common.base.CharMatcher$JavaLetter                                   : loaded 2 times (x 111B)
Class org.gradle.internal.classloader.ClassLoaderFactory                              : loaded 2 times (x 70B)
Class com.google.common.cache.LocalCache$LocalManualCache                             : loaded 2 times (x 99B)
Class com.google.common.base.CharMatcher$IsNot                                        : loaded 2 times (x 111B)
Class com.google.common.base.CommonPattern                                            : loaded 2 times (x 74B)
Class org.gradle.internal.service.CachingServiceLocator                               : loaded 2 times (x 82B)
Class com.google.common.collect.AbstractMapBasedMultimap$KeySet                       : loaded 2 times (x 137B)
Class com.google.common.math.IntMath                                                  : loaded 2 times (x 71B)
Class com.google.common.collect.Iterators$10                                          : loaded 2 times (x 81B)
Class com.google.common.collect.ImmutableMapEntry                                     : loaded 2 times (x 85B)
Class com.google.common.base.CharMatcher$JavaDigit                                    : loaded 2 times (x 111B)
Class com.google.common.base.Equivalence                                              : loaded 2 times (x 82B)
Class com.google.common.collect.ImmutableMapEntry$NonTerminalImmutableMapEntry        : loaded 2 times (x 85B)
Class com.google.common.base.Function                                                 : loaded 2 times (x 70B)
Class org.apache.commons.io.output.AbstractByteArrayOutputStream                      : loaded 2 times (x 102B)
Class com.google.common.cache.CacheBuilder$OneWeigher                                 : loaded 2 times (x 82B)
Class com.google.common.collect.RegularImmutableList                                  : loaded 2 times (x 212B)
Class com.google.common.collect.ImmutableBiMapFauxverideShim                          : loaded 2 times (x 120B)
Class org.gradle.internal.classloader.ClasspathUtil                                   : loaded 2 times (x 71B)
Class com.google.common.base.Charsets                                                 : loaded 2 times (x 71B)
Class com.google.common.util.concurrent.Uninterruptibles                              : loaded 2 times (x 71B)
Class com.google.common.collect.Maps                                                  : loaded 2 times (x 71B)
Class com.google.common.base.CharMatcher$JavaUpperCase                                : loaded 2 times (x 111B)
Class org.gradle.api.specs.Spec                                                       : loaded 2 times (x 70B)
Class [Lcom.google.common.collect.ImmutableEntry;                                     : loaded 2 times (x 69B)
Class build_7kpn8c1kbft84l4uum8ipdam9$_run_closure1                                   : loaded 2 times (x 139B)
Class com.google.common.cache.LocalCache$LoadingValueReference                        : loaded 2 times (x 96B)
Class com.google.common.base.Platform                                                 : loaded 2 times (x 71B)
Class com.google.common.primitives.Ints$IntConverter                                  : loaded 2 times (x 90B)
Class com.google.common.collect.Maps$8                                                : loaded 2 times (x 82B)
Class com.google.common.collect.Sets$SetView                                          : loaded 2 times (x 138B)
Class com.google.common.cache.LocalCache$StrongValueReference                         : loaded 2 times (x 90B)
Class com.google.common.util.concurrent.AbstractFuture$SynchronizedHelper             : loaded 2 times (x 78B)
Class com.google.common.base.CharMatcher$Invisible                                    : loaded 2 times (x 112B)
Class org.objectweb.asm.Type                                                          : loaded 2 times (x 72B)
Class org.gradle.internal.classloader.VisitableURLClassLoader$InstrumentingVisitableURLClassLoader: loaded 2 times (x 123B)
Class org.objectweb.asm.ByteVector                                                    : loaded 2 times (x 79B)
Class [Lcom.google.common.cache.CacheBuilder$NullListener;                            : loaded 2 times (x 69B)
Class com.google.common.math.IntMath$1                                                : loaded 2 times (x 71B)
Class org.gradle.internal.classloader.VisitableURLClassLoader$Spec                    : loaded 2 times (x 74B)
Class org.gradle.internal.classpath.DefaultClassPath                                  : loaded 2 times (x 90B)
Class org.objectweb.asm.Symbol                                                        : loaded 2 times (x 73B)
Class com.google.common.base.AbstractIterator                                         : loaded 2 times (x 80B)
Class com.google.common.io.Closer                                                     : loaded 2 times (x 78B)
Class com.google.common.collect.ImmutableSet                                          : loaded 2 times (x 145B)
Class com.google.common.collect.RegularImmutableMap$Values                            : loaded 2 times (x 207B)
Class com.google.common.base.CharMatcher$BitSetMatcher                                : loaded 2 times (x 112B)
Class com.google.common.base.CharMatcher$Ascii                                        : loaded 2 times (x 112B)
Class org.gradle.internal.classloader.ClassLoaderSpec                                 : loaded 2 times (x 71B)
Class org.objectweb.asm.AnnotationWriter                                              : loaded 2 times (x 79B)
Class com.google.common.cache.CacheStats                                              : loaded 2 times (x 71B)
Class com.google.common.io.Closer$Suppressor                                          : loaded 2 times (x 70B)
Class org.objectweb.asm.RecordComponentWriter                                         : loaded 2 times (x 78B)
Class com.google.common.util.concurrent.AbstractFuture$Listener                       : loaded 2 times (x 72B)
Class com.google.common.base.CharMatcher$Or                                           : loaded 2 times (x 112B)
Class org.objectweb.asm.Attribute                                                     : loaded 2 times (x 77B)
Class com.google.common.base.Supplier                                                 : loaded 2 times (x 70B)
Class org.gradle.internal.classloader.VisitableURLClassLoader                         : loaded 2 times (x 117B)
Class com.google.common.util.concurrent.AbstractFuture$Waiter                         : loaded 2 times (x 72B)
Class org.gradle.internal.Cast                                                        : loaded 2 times (x 71B)
Class org.gradle.api.Action                                                           : loaded 2 times (x 70B)
Class com.google.common.collect.Sets                                                  : loaded 2 times (x 71B)
Class org.objectweb.asm.Handler                                                       : loaded 2 times (x 72B)
Class com.google.common.base.Ticker                                                   : loaded 2 times (x 72B)
Class com.google.common.base.Strings                                                  : loaded 2 times (x 71B)
Class com.google.common.base.CharMatcher$FastMatcher                                  : loaded 2 times (x 111B)
Class org.gradle.internal.agents.InstrumentingClassLoader                             : loaded 2 times (x 70B)
Class [Lcom.google.common.cache.LocalCache$Segment;                                   : loaded 2 times (x 69B)
Class [Lcom.google.common.cache.LocalCache$Strength;                                  : loaded 2 times (x 69B)
Class com.google.common.cache.CacheBuilder$1                                          : loaded 2 times (x 85B)
Class com.google.common.collect.ImmutableMap                                          : loaded 2 times (x 120B)
Class com.google.common.base.Predicate                                                : loaded 2 times (x 70B)
Class org.gradle.internal.classpath.DefaultClassPath$ImmutableUniqueList$Builder      : loaded 2 times (x 75B)
Class com.google.common.cache.LocalCache                                              : loaded 2 times (x 187B)
Class com.google.common.cache.CacheBuilder$2                                          : loaded 2 times (x 72B)
Class com.google.common.base.CharMatcher$NegatedFastMatcher                           : loaded 2 times (x 113B)
Class [Lcom.google.common.collect.AbstractMapEntry;                                   : loaded 2 times (x 69B)
Class com.google.common.collect.ImmutableEntry                                        : loaded 2 times (x 82B)
Class com.google.common.collect.ArrayListMultimap                                     : loaded 2 times (x 172B)
Class com.google.common.base.AbstractIterator$1                                       : loaded 2 times (x 71B)
Class com.google.common.base.CharMatcher$Digit                                        : loaded 2 times (x 112B)
Class org.gradle.api.GradleException                                                  : loaded 2 times (x 82B)
Class com.google.common.base.Suppliers$MemoizingSupplier                              : loaded 2 times (x 79B)
Class org.apache.commons.io.StandardLineSeparator                                     : loaded 2 times (x 79B)
Class com.google.common.collect.CollectPreconditions                                  : loaded 2 times (x 71B)
Class com.google.common.base.CharMatcher$JavaIsoControl                               : loaded 2 times (x 112B)
Class ijJvmDebugger1_2mezv50hp7pm2cagazdip430c$_run_closure1                          : loaded 2 times (x 139B)
Class com.google.common.collect.SortedMapDifference                                   : loaded 2 times (x 70B)
Class com.google.common.base.CharMatcher$JavaLowerCase                                : loaded 2 times (x 111B)
Class com.google.common.cache.LocalCache$EntryFactory                                 : loaded 2 times (x 83B)
Class com.google.common.cache.LocalCache$AbstractReferenceEntry                       : loaded 2 times (x 107B)
Class com.google.common.base.Splitter$1$1                                             : loaded 2 times (x 86B)
Class com.google.common.base.CharMatcher$Whitespace                                   : loaded 2 times (x 112B)
Class org.gradle.internal.IoActions                                                   : loaded 2 times (x 71B)
Class org.objectweb.asm.SymbolTable                                                   : loaded 2 times (x 72B)
Class com.google.common.cache.CacheLoader$InvalidCacheLoadException                   : loaded 2 times (x 82B)
Class com.google.common.collect.ImmutableSet$RegularSetBuilderImpl                    : loaded 2 times (x 77B)
Class com.google.common.base.CharMatcher$SingleWidth                                  : loaded 2 times (x 112B)
Class org.gradle.internal.classloader.SystemClassLoaderSpec                           : loaded 2 times (x 71B)
Class com.google.common.cache.LocalCache$StrongEntry                                  : loaded 2 times (x 108B)
Class com.google.common.util.concurrent.AbstractFuture$TrustedFuture                  : loaded 2 times (x 114B)
Class com.google.common.cache.LoadingCache                                            : loaded 2 times (x 70B)
Class com.google.common.io.ByteStreams$LimitedInputStream                             : loaded 2 times (x 92B)
Class com.google.common.base.Suppliers$NonSerializableMemoizingSupplier               : loaded 2 times (x 79B)
Class org.objectweb.asm.MethodWriter                                                  : loaded 2 times (x 106B)
Class [Lcom.google.common.cache.Weigher;                                              : loaded 2 times (x 69B)
Class com.google.common.collect.RegularImmutableMap$BucketOverflowException           : loaded 2 times (x 82B)
Class build_bumm7xms9c1ba80569l1r8et4$_run_closure1                                   : loaded 2 times (x 139B)
Class com.google.common.collect.RegularImmutableBiMap                                 : loaded 2 times (x 148B)
Class com.google.common.cache.LocalCache$ValueReference                               : loaded 2 times (x 70B)
Class com.google.common.base.CharMatcher$Negated                                      : loaded 2 times (x 113B)
Class com.google.common.base.CharMatcher$Is                                           : loaded 2 times (x 111B)
Class com.google.common.util.concurrent.AbstractFuture$Failure                        : loaded 2 times (x 72B)
Class com.google.common.base.Equivalence$Equals                                       : loaded 2 times (x 82B)
Class com.google.common.collect.Hashing                                               : loaded 2 times (x 71B)
Class com.google.common.base.PatternCompiler                                          : loaded 2 times (x 70B)
Class com.google.common.base.Preconditions                                            : loaded 2 times (x 71B)
Class build_bumm7xms9c1ba80569l1r8et4                                                 : loaded 2 times (x 180B)
Class com.google.common.base.Joiner$1                                                 : loaded 2 times (x 80B)
Class org.objectweb.asm.Label                                                         : loaded 2 times (x 73B)
Class org.objectweb.asm.CurrentFrame                                                  : loaded 2 times (x 73B)
Class org.objectweb.asm.ClassTooLargeException                                        : loaded 2 times (x 83B)
Class com.google.common.collect.PeekingIterator                                       : loaded 2 times (x 70B)
Class com.google.common.base.CharMatcher                                              : loaded 2 times (x 111B)
Class com.google.common.base.Joiner$2                                                 : loaded 2 times (x 79B)
Class org.objectweb.asm.Frame                                                         : loaded 2 times (x 73B)
Class org.objectweb.asm.MethodVisitor                                                 : loaded 2 times (x 105B)
Class com.google.common.cache.LocalCache$EntryFactory$1                               : loaded 2 times (x 83B)
Class [Lcom.google.common.cache.RemovalListener;                                      : loaded 2 times (x 69B)
Class com.google.common.base.CharMatcher$1                                            : loaded 2 times (x 113B)
Class com.google.common.base.CharMatcher$NamedFastMatcher                             : loaded 2 times (x 112B)
Class com.google.common.cache.LocalCache$EntryFactory$2                               : loaded 2 times (x 83B)
Class org.objectweb.asm.ModuleWriter                                                  : loaded 2 times (x 82B)
Class com.google.common.cache.LocalCache$EntryFactory$3                               : loaded 2 times (x 83B)
Class com.google.common.base.Ticker$1                                                 : loaded 2 times (x 72B)
Class com.google.common.collect.ImmutableMapEntrySet$RegularEntrySet                  : loaded 2 times (x 151B)
Class com.google.common.collect.Maps$BiMapConverter                                   : loaded 2 times (x 90B)
Class com.google.common.cache.LocalCache$EntryFactory$4                               : loaded 2 times (x 83B)
Class com.google.common.collect.ImmutableSet$Builder                                  : loaded 2 times (x 85B)
Class com.google.common.base.CharMatcher$InRange                                      : loaded 2 times (x 111B)
Class com.google.common.io.ByteStreams$1                                              : loaded 2 times (x 85B)
Class com.google.common.cache.LocalCache$EntryFactory$5                               : loaded 2 times (x 83B)
Class org.apache.commons.io.output.AppendableWriter                                   : loaded 2 times (x 100B)
Class com.google.common.cache.LocalCache$EntryFactory$6                               : loaded 2 times (x 83B)
Class org.gradle.internal.installation.CurrentGradleInstallationLocator               : loaded 2 times (x 71B)
Class org.apache.commons.io.output.ThresholdingOutputStream                           : loaded 2 times (x 94B)
Class com.google.common.collect.Maps$KeySet                                           : loaded 2 times (x 137B)
Class com.google.common.cache.LocalCache$EntryFactory$7                               : loaded 2 times (x 83B)
Class com.google.common.collect.ImmutableSet$EmptySetBuilderImpl                      : loaded 2 times (x 76B)
Class com.google.common.collect.ImmutableList                                         : loaded 2 times (x 206B)
Class org.gradle.internal.service.DefaultServiceLocator                               : loaded 2 times (x 83B)
Class com.google.common.cache.LocalCache$EntryFactory$8                               : loaded 2 times (x 83B)
Class com.google.common.collect.ImmutableSet$SetBuilderImpl                           : loaded 2 times (x 76B)
Class ijJvmDebugger1_2mezv50hp7pm2cagazdip430c$_run_closure1$_closure2                : loaded 2 times (x 140B)
Class org.gradle.internal.installation.CurrentGradleInstallation                      : loaded 2 times (x 73B)
Class com.google.common.cache.CacheLoader$1                                           : loaded 2 times (x 75B)
Class com.google.common.collect.ForwardingObject                                      : loaded 2 times (x 72B)
Class com.google.common.collect.ImmutableList$SubList                                 : loaded 2 times (x 208B)
Class org.gradle.util.internal.GUtil                                                  : loaded 2 times (x 71B)
Class com.google.common.util.concurrent.AbstractFuture$SetFuture                      : loaded 2 times (x 75B)
Class com.google.common.cache.AbstractCache$StatsCounter                              : loaded 2 times (x 70B)
Class com.google.common.collect.Iterators$MergingIterator                             : loaded 2 times (x 81B)
Class com.google.common.collect.RegularImmutableSet                                   : loaded 2 times (x 148B)
Class org.gradle.internal.installation.GradleInstallation                             : loaded 2 times (x 75B)
Class com.google.common.collect.Iterables                                             : loaded 2 times (x 71B)
Class com.google.common.base.Splitter$Strategy                                        : loaded 2 times (x 70B)

---------------  S Y S T E M  ---------------

OS:
 Windows 11 , 64 bit Build 26100 (10.0.26100.8246)
OS uptime: 0 days 2:42 hours
Hyper-V role detected

CPU: total 12 (initial active 12) (6 cores per cpu, 2 threads per core) family 6 model 154 stepping 4 microcode 0x42c, cx8, cmov, fxsr, ht, mmx, 3dnowpref, sse, sse2, sse3, ssse3, sse4.1, sse4.2, popcnt, lzcnt, tsc, tscinvbit, avx, avx2, aes, erms, clmul, bmi1, bmi2, adx, sha, fma, vzeroupper, clflush, clflushopt, clwb, hv, serialize, rdtscp, rdpid, fsrm, f16c, cet_ibt, cet_ss
Processor Information for processor 0
  Max Mhz: 1300, Current Mhz: 1300, Mhz Limit: 1300
Processor Information for processor 1
  Max Mhz: 1300, Current Mhz: 1300, Mhz Limit: 1300
Processor Information for processor 2
  Max Mhz: 1300, Current Mhz: 1300, Mhz Limit: 1300
Processor Information for processor 3
  Max Mhz: 1300, Current Mhz: 1300, Mhz Limit: 1300
Processor Information for processor 4
  Max Mhz: 1300, Current Mhz: 900, Mhz Limit: 897
Processor Information for processor 5
  Max Mhz: 1300, Current Mhz: 900, Mhz Limit: 897
Processor Information for processor 6
  Max Mhz: 1300, Current Mhz: 900, Mhz Limit: 897
Processor Information for processor 7
  Max Mhz: 1300, Current Mhz: 900, Mhz Limit: 897
Processor Information for processor 8
  Max Mhz: 1300, Current Mhz: 900, Mhz Limit: 897
Processor Information for processor 9
  Max Mhz: 1300, Current Mhz: 900, Mhz Limit: 897
Processor Information for processor 10
  Max Mhz: 1300, Current Mhz: 900, Mhz Limit: 897
Processor Information for processor 11
  Max Mhz: 1300, Current Mhz: 900, Mhz Limit: 897

Memory: 4k page, system-wide physical 7863M (226M free)
TotalPageFile size 19111M (AvailPageFile size 5M)
current process WorkingSet (physical memory assigned to process): 974M, peak: 974M
current process commit charge ("private bytes"): 1228M, peak: 1381M

vm_info: OpenJDK 64-Bit Server VM (21.0.8+-14196175-b1038.72) for windows-amd64 JRE (21.0.8+-14196175-b1038.72), built on 2025-10-01T10:24:33Z by "builder" with MS VC++ 16.10 / 16.11 (VS2019)

END.
