#
# There is insufficient memory for the Java Runtime Environment to continue.
# Native memory allocation (mmap) failed to map 168820736 bytes. Error detail: G1 virtual space
# Possible reasons:
#   The system is out of physical RAM or swap space
#   This process is running with CompressedOops enabled, and the Java Heap may be blocking the growth of the native heap
# Possible solutions:
#   Reduce memory load on the system
#   Increase physical memory or swap space
#   Check if swap backing store is full
#   Decrease Java heap size (-Xmx/-Xms)
#   Decrease number of Java threads
#   Decrease Java thread stack sizes (-Xss)
#   Set larger code cache with -XX:ReservedCodeCacheSize=
#   JVM is running with Unscaled Compressed Oops mode in which the Java heap is
#     placed in the first 4GB address space. The Java Heap base address is the
#     maximum limit for the native heap growth. Please use -XX:HeapBaseMinAddress
#     to set the Java Heap base and to place the Java Heap above 4GB virtual address.
# This output file may be truncated or incomplete.
#
#  Out of Memory Error (os_windows.cpp:3925), pid=23756, tid=11636
#
# JRE version: OpenJDK Runtime Environment (21.0.8) (build 21.0.8+-14196175-b1038.72)
# Java VM: OpenJDK 64-Bit Server VM (21.0.8+-14196175-b1038.72, mixed mode, tiered, compressed oops, compressed class ptrs, g1 gc, windows-amd64)
# No core dump will be written. Minidumps are not enabled by default on client versions of Windows
#

---------------  S U M M A R Y ------------

Command Line: --add-opens=java.base/java.util=ALL-UNNAMED --add-opens=java.base/java.lang=ALL-UNNAMED --add-opens=java.base/java.lang.invoke=ALL-UNNAMED --add-opens=java.prefs/java.util.prefs=ALL-UNNAMED --add-opens=java.base/java.nio.charset=ALL-UNNAMED --add-opens=java.base/java.net=ALL-UNNAMED --add-opens=java.base/java.util.concurrent.atomic=ALL-UNNAMED -Xmx2048m -Dfile.encoding=UTF-8 -Duser.country=US -Duser.language=en -Duser.variant -javaagent:D:\gradle\wrapper\dists\gradle-8.7-bin\bhs2wmbdwecv87pi65oeuq5iu\gradle-8.7\lib\agents\gradle-instrumentation-agent-8.7.jar org.gradle.launcher.daemon.bootstrap.GradleDaemon 8.7

Host: 12th Gen Intel(R) Core(TM) i5-1235U, 12 cores, 7G,  Windows 11 , 64 bit Build 26100 (10.0.26100.8246)
Time: Fri Apr 24 04:12:51 2026 India Standard Time elapsed time: 227.591181 seconds (0d 0h 3m 47s)

---------------  T H R E A D  ---------------

Current thread (0x000001f87d0bc2a0):  VMThread "VM Thread"          [id=11636, stack(0x000000183b700000,0x000000183b800000) (1024K)]

Stack: [0x000000183b700000,0x000000183b800000]
Native frames: (J=compiled Java code, j=interpreted, Vv=VM code, C=native code)
V  [jvm.dll+0x6d68d9]
V  [jvm.dll+0x866693]
V  [jvm.dll+0x868c4e]
V  [jvm.dll+0x869333]
V  [jvm.dll+0x280566]
V  [jvm.dll+0x6d3195]
V  [jvm.dll+0x6c69ea]
V  [jvm.dll+0x3586db]
V  [jvm.dll+0x360336]
V  [jvm.dll+0x3b23f6]
V  [jvm.dll+0x3b26c8]
V  [jvm.dll+0x32ae6c]
V  [jvm.dll+0x32aef7]
V  [jvm.dll+0x370d3c]
V  [jvm.dll+0x36f4ee]
V  [jvm.dll+0x32a5c1]
V  [jvm.dll+0x36ebf0]
V  [jvm.dll+0x86f0b8]
V  [jvm.dll+0x870434]
V  [jvm.dll+0x870970]
V  [jvm.dll+0x870c03]
V  [jvm.dll+0x80eac8]
V  [jvm.dll+0x6d512d]
C  [ucrtbase.dll+0x37b0]
C  [KERNEL32.DLL+0x2e8d7]
C  [ntdll.dll+0x8c3fc]

VM_Operation (0x00000018415f6a50): G1CollectForAllocation, mode: safepoint, requested by thread 0x000001f87fd01db0


---------------  P R O C E S S  ---------------

Threads class SMR info:
_java_thread_list=0x000001f80e1fef90, length=190, elements={
0x000001f863133ea0, 0x000001f87d2ad900, 0x000001f87d2b9000, 0x000001f87d2ba5d0,
0x000001f87d2cc960, 0x000001f87d2e05f0, 0x000001f87d2e1050, 0x000001f87d2ea630,
0x000001f87d2d3870, 0x000001f87d2d4310, 0x000001f87d4a0460, 0x000001f87f082010,
0x000001f87eae08c0, 0x000001f87f2735c0, 0x000001f87e763620, 0x000001f87eda1d20,
0x000001f87f1a0cc0, 0x000001f87ea61750, 0x000001f87ea5e2d0, 0x000001f87ea5eff0,
0x000001f87ea5f680, 0x000001f87ea5fd10, 0x000001f87ea603a0, 0x000001f87ea610c0,
0x000001f87f404ab0, 0x000001f87f403d90, 0x000001f87f406b80, 0x000001f87f405e60,
0x000001f87f407210, 0x000001f87f404420, 0x000001f87f405140, 0x000001f87f4057d0,
0x000001f87dd83690, 0x000001f87dd80f30, 0x000001f87dd81c50, 0x000001f87dd83d20,
0x000001f87dd843b0, 0x000001f87dd83000, 0x000001f87dd822e0, 0x000001f87dd84a40,
0x000001f87dd815c0, 0x000001f87dd85760, 0x000001f87dd85df0, 0x000001f87dd82970,
0x000001f87dd86b10, 0x000001f87dd86480, 0x000001f87dd871a0, 0x000001f87e264300,
0x000001f87e263c70, 0x000001f87e264990, 0x000001f87e265020, 0x000001f87e2635e0,
0x000001f87e2656b0, 0x000001f87e265d40, 0x000001f87e2628c0, 0x000001f87e2663d0,
0x000001f87e262f50, 0x000001f87e2670f0, 0x000001f87e266a60, 0x000001f87e2691c0,
0x000001f87e269850, 0x000001f87e269ee0, 0x000001f87e267780, 0x000001f87e267e10,
0x000001f87e2684a0, 0x000001f87e268b30, 0x000001f804749280, 0x000001f80474a630,
0x000001f80474acc0, 0x000001f804748bf0, 0x000001f804749fa0, 0x000001f804748560,
0x000001f87fcfd580, 0x000001f87fd00a00, 0x000001f87fd01090, 0x000001f87fcffce0,
0x000001f87fcfe2a0, 0x000001f87fcfdc10, 0x000001f87fd00370, 0x000001f87fcfefc0,
0x000001f87fcfe930, 0x000001f87fd01db0, 0x000001f87fd02440, 0x000001f87fd02ad0,
0x000001f87fcff650, 0x000001f87fd03160, 0x000001f87fd037f0, 0x000001f804a00610,
0x000001f804a061f0, 0x000001f804a05b60, 0x000001f804a06880, 0x000001f804a054d0,
0x000001f804a04120, 0x000001f806fd5310, 0x000001f806fd59a0, 0x000001f806fd6d50,
0x000001f806fd45f0, 0x000001f806fd38d0, 0x000001f806fd6030, 0x000001f806fd66c0,
0x000001f806fd73e0, 0x000001f806fd4c80, 0x000001f806fd3f60, 0x000001f806fd8100,
0x000001f806fd7a70, 0x000001f806fda860, 0x000001f806fd8790, 0x000001f806fd8e20,
0x000001f806fd9b40, 0x000001f806fd94b0, 0x000001f806fda1d0, 0x000001f806fdaef0,
0x000001f8049ff260, 0x000001f8049fff80, 0x000001f804a00ca0, 0x000001f8049ff8f0,
0x000001f804a03400, 0x000001f804a02050, 0x000001f804a01330, 0x000001f804a026e0,
0x000001f804a02d70, 0x000001f806de9880, 0x000001f806dea5a0, 0x000001f806deac30,
0x000001f806de8b60, 0x000001f806decd00, 0x000001f806dec670, 0x000001f806ded390,
0x000001f87ea5e960, 0x000001f804747ed0, 0x000001f87fd04510, 0x000001f8068f8680,
0x000001f8068f8d10, 0x000001f8068fa0c0, 0x000001f80cf1d420, 0x000001f80cf1dab0,
0x000001f80cf1c700, 0x000001f80cf1e140, 0x000001f80cf1e7d0, 0x000001f80cf1ee60,
0x000001f80cf1f4f0, 0x000001f80cf1c070, 0x000001f80cf208a0, 0x000001f80cf20f30,
0x000001f80cf215c0, 0x000001f804a04e40, 0x000001f8068f9a30, 0x000001f8068f93a0,
0x000001f8068fa750, 0x000001f8068fade0, 0x000001f8068fb470, 0x000001f8068f7ff0,
0x000001f8068fbb00, 0x000001f8068ff610, 0x000001f8068fd540, 0x000001f8068fef80,
0x000001f8068fdbd0, 0x000001f8068fc820, 0x000001f8066438b0, 0x000001f8066473c0,
0x000001f806649490, 0x000001f80664a840, 0x000001f80663e360, 0x000001f80663e9f0,
0x000001f80663f080, 0x000001f80d644e80, 0x000001f80d646230, 0x000001f80d644160,
0x000001f80d647c70, 0x000001f80d646f50, 0x000001f80d6447f0, 0x000001f80d648990,
0x000001f80d648300, 0x000001f80d645510, 0x000001f80d64c4a0, 0x000001f80d64aa60,
0x000001f80d649020, 0x000001f80d64b0f0, 0x000001f80d64cb30, 0x000001f806641150,
0x000001f8066452f0, 0x000001f806641e70, 0x000001f806645980, 0x000001f806642500,
0x000001f806647a50, 0x000001f8066480e0, 0x000001f806648e00, 0x000001f80cc8b4c0,
0x000001f80d49bd60, 0x000001f8062700c0
}

Java Threads: ( => current thread )
  0x000001f863133ea0 JavaThread "main"                              [_thread_blocked, id=10596, stack(0x000000183b000000,0x000000183b100000) (1024K)]
  0x000001f87d2ad900 JavaThread "Common-Cleaner"             daemon [_thread_blocked, id=19788, stack(0x000000183b800000,0x000000183b900000) (1024K)]
  0x000001f87d2b9000 JavaThread "Reference Handler"          daemon [_thread_blocked, id=21180, stack(0x000000183b900000,0x000000183ba00000) (1024K)]
  0x000001f87d2ba5d0 JavaThread "Finalizer"                  daemon [_thread_blocked, id=22668, stack(0x000000183ba00000,0x000000183bb00000) (1024K)]
  0x000001f87d2cc960 JavaThread "Signal Dispatcher"          daemon [_thread_blocked, id=22104, stack(0x000000183bb00000,0x000000183bc00000) (1024K)]
  0x000001f87d2e05f0 JavaThread "Attach Listener"            daemon [_thread_blocked, id=5688, stack(0x000000183bc00000,0x000000183bd00000) (1024K)]
  0x000001f87d2e1050 JavaThread "Service Thread"             daemon [_thread_blocked, id=23832, stack(0x000000183bd00000,0x000000183be00000) (1024K)]
  0x000001f87d2ea630 JavaThread "Monitor Deflation Thread"   daemon [_thread_blocked, id=14384, stack(0x000000183be00000,0x000000183bf00000) (1024K)]
  0x000001f87d2d3870 JavaThread "C2 CompilerThread0"         daemon [_thread_blocked, id=6420, stack(0x000000183bf00000,0x000000183c000000) (1024K)]
  0x000001f87d2d4310 JavaThread "C1 CompilerThread0"         daemon [_thread_blocked, id=10988, stack(0x000000183c000000,0x000000183c100000) (1024K)]
  0x000001f87d4a0460 JavaThread "Notification Thread"        daemon [_thread_blocked, id=9864, stack(0x000000183c100000,0x000000183c200000) (1024K)]
  0x000001f87f082010 JavaThread "Daemon health stats"               [_thread_blocked, id=24264, stack(0x000000183c600000,0x000000183c700000) (1024K)]
  0x000001f87eae08c0 JavaThread "Incoming local TCP Connector on port 65044"        [_thread_in_native, id=19984, stack(0x000000183c700000,0x000000183c800000) (1024K)]
  0x000001f87f2735c0 JavaThread "Daemon periodic checks"            [_thread_blocked, id=12836, stack(0x000000183c900000,0x000000183ca00000) (1024K)]
  0x000001f87e763620 JavaThread "Daemon"                            [_thread_blocked, id=4764, stack(0x000000183ca00000,0x000000183cb00000) (1024K)]
  0x000001f87eda1d20 JavaThread "Handler for socket connection from /127.0.0.1:65044 to /127.0.0.1:65045"        [_thread_in_native, id=20384, stack(0x000000183cb00000,0x000000183cc00000) (1024K)]
  0x000001f87f1a0cc0 JavaThread "Cancel handler"                    [_thread_blocked, id=17880, stack(0x000000183cc00000,0x000000183cd00000) (1024K)]
  0x000001f87ea61750 JavaThread "Daemon worker"                     [_thread_blocked, id=18036, stack(0x000000183cd00000,0x000000183ce00000) (1024K)]
  0x000001f87ea5e2d0 JavaThread "Asynchronous log dispatcher for DefaultDaemonConnection: socket connection from /127.0.0.1:65044 to /127.0.0.1:65045"        [_thread_blocked, id=14868, stack(0x000000183ce00000,0x000000183cf00000) (1024K)]
  0x000001f87ea5eff0 JavaThread "Daemon client event forwarder"        [_thread_blocked, id=11212, stack(0x000000183d000000,0x000000183d100000) (1024K)]
  0x000001f87ea5f680 JavaThread "Cache worker for journal cache (D:\gradle\caches\journal-1)"        [_thread_blocked, id=13224, stack(0x000000183c800000,0x000000183c900000) (1024K)]
  0x000001f87ea5fd10 JavaThread "File lock request listener"        [_thread_in_native, id=21300, stack(0x000000183d800000,0x000000183d900000) (1024K)]
  0x000001f87ea603a0 JavaThread "Cache worker for file hash cache (D:\gradle\caches\8.7\fileHashes)"        [_thread_blocked, id=13856, stack(0x000000183d900000,0x000000183da00000) (1024K)]
  0x000001f87ea610c0 JavaThread "Cache worker for file hash cache (D:\Academic portal\sp\.gradle\8.7\fileHashes)"        [_thread_blocked, id=21336, stack(0x000000183db00000,0x000000183dc00000) (1024K)]
  0x000001f87f404ab0 JavaThread "File watcher server"        daemon [_thread_blocked, id=7028, stack(0x000000183dc00000,0x000000183dd00000) (1024K)]
  0x000001f87f403d90 JavaThread "File watcher consumer"      daemon [_thread_blocked, id=1424, stack(0x000000183dd00000,0x000000183de00000) (1024K)]
  0x000001f87f406b80 JavaThread "Cache worker for checksums cache (D:\Academic portal\sp\.gradle\8.7\checksums)"        [_thread_blocked, id=8716, stack(0x000000183da00000,0x000000183db00000) (1024K)]
  0x000001f87f405e60 JavaThread "Cache worker for cache directory md-supplier (D:\gradle\caches\8.7\md-supplier)"        [_thread_blocked, id=16000, stack(0x000000183de00000,0x000000183df00000) (1024K)]
  0x000001f87f407210 JavaThread "Cache worker for cache directory md-rule (D:\gradle\caches\8.7\md-rule)"        [_thread_blocked, id=7936, stack(0x000000183df00000,0x000000183e000000) (1024K)]
  0x000001f87f404420 JavaThread "Cache worker for file content cache (D:\gradle\caches\8.7\fileContent)"        [_thread_blocked, id=2092, stack(0x000000183e000000,0x000000183e100000) (1024K)]
  0x000001f87f405140 JavaThread "jar transforms"                    [_thread_blocked, id=228, stack(0x000000183e200000,0x000000183e300000) (1024K)]
  0x000001f87f4057d0 JavaThread "jar transforms Thread 2"           [_thread_blocked, id=21004, stack(0x000000183e300000,0x000000183e400000) (1024K)]
  0x000001f87dd83690 JavaThread "jar transforms Thread 3"           [_thread_blocked, id=3916, stack(0x000000183e400000,0x000000183e500000) (1024K)]
  0x000001f87dd80f30 JavaThread "jar transforms Thread 4"           [_thread_blocked, id=23324, stack(0x000000183e100000,0x000000183e200000) (1024K)]
  0x000001f87dd81c50 JavaThread "jar transforms Thread 5"           [_thread_blocked, id=6840, stack(0x000000183e600000,0x000000183e700000) (1024K)]
  0x000001f87dd83d20 JavaThread "Unconstrained build operations"        [_thread_blocked, id=19136, stack(0x000000183e500000,0x000000183e600000) (1024K)]
  0x000001f87dd843b0 JavaThread "Unconstrained build operations Thread 2"        [_thread_blocked, id=1156, stack(0x000000183e700000,0x000000183e800000) (1024K)]
  0x000001f87dd83000 JavaThread "Unconstrained build operations Thread 3"        [_thread_blocked, id=13556, stack(0x000000183e800000,0x000000183e900000) (1024K)]
  0x000001f87dd822e0 JavaThread "Unconstrained build operations Thread 4"        [_thread_blocked, id=20236, stack(0x000000183e900000,0x000000183ea00000) (1024K)]
  0x000001f87dd84a40 JavaThread "Unconstrained build operations Thread 5"        [_thread_blocked, id=11716, stack(0x000000183ea00000,0x000000183eb00000) (1024K)]
  0x000001f87dd815c0 JavaThread "jar transforms Thread 6"           [_thread_blocked, id=21116, stack(0x000000183eb00000,0x000000183ec00000) (1024K)]
  0x000001f87dd85760 JavaThread "jar transforms Thread 7"           [_thread_blocked, id=19180, stack(0x000000183ed00000,0x000000183ee00000) (1024K)]
  0x000001f87dd85df0 JavaThread "jar transforms Thread 8"           [_thread_blocked, id=11632, stack(0x000000183ec00000,0x000000183ed00000) (1024K)]
  0x000001f87dd82970 JavaThread "jar transforms Thread 9"           [_thread_blocked, id=17736, stack(0x000000183ee00000,0x000000183ef00000) (1024K)]
  0x000001f87dd86b10 JavaThread "jar transforms Thread 10"          [_thread_blocked, id=12592, stack(0x000000183ef00000,0x000000183f000000) (1024K)]
  0x000001f87dd86480 JavaThread "jar transforms Thread 11"          [_thread_blocked, id=24192, stack(0x000000183f000000,0x000000183f100000) (1024K)]
  0x000001f87dd871a0 JavaThread "jar transforms Thread 12"          [_thread_blocked, id=17584, stack(0x000000183f100000,0x000000183f200000) (1024K)]
  0x000001f87e264300 JavaThread "Cache worker for Build Output Cleanup Cache (D:\Academic portal\sp\.gradle\buildOutputCleanup)"        [_thread_blocked, id=20688, stack(0x000000183f200000,0x000000183f300000) (1024K)]
  0x000001f87e263c70 JavaThread "Unconstrained build operations Thread 6"        [_thread_blocked, id=21724, stack(0x000000183f300000,0x000000183f400000) (1024K)]
  0x000001f87e264990 JavaThread "Unconstrained build operations Thread 7"        [_thread_blocked, id=11828, stack(0x000000183f400000,0x000000183f500000) (1024K)]
  0x000001f87e265020 JavaThread "Unconstrained build operations Thread 8"        [_thread_blocked, id=23356, stack(0x000000183f500000,0x000000183f600000) (1024K)]
  0x000001f87e2635e0 JavaThread "Unconstrained build operations Thread 9"        [_thread_blocked, id=23352, stack(0x000000183f600000,0x000000183f700000) (1024K)]
  0x000001f87e2656b0 JavaThread "Unconstrained build operations Thread 10"        [_thread_blocked, id=10164, stack(0x000000183f700000,0x000000183f800000) (1024K)]
  0x000001f87e265d40 JavaThread "Unconstrained build operations Thread 11"        [_thread_blocked, id=14388, stack(0x000000183f800000,0x000000183f900000) (1024K)]
  0x000001f87e2628c0 JavaThread "Unconstrained build operations Thread 12"        [_thread_blocked, id=3612, stack(0x000000183f900000,0x000000183fa00000) (1024K)]
  0x000001f87e2663d0 JavaThread "Unconstrained build operations Thread 13"        [_thread_blocked, id=24080, stack(0x000000183fa00000,0x000000183fb00000) (1024K)]
  0x000001f87e262f50 JavaThread "Unconstrained build operations Thread 14"        [_thread_blocked, id=10484, stack(0x000000183fb00000,0x000000183fc00000) (1024K)]
  0x000001f87e2670f0 JavaThread "Unconstrained build operations Thread 15"        [_thread_blocked, id=18232, stack(0x000000183fc00000,0x000000183fd00000) (1024K)]
  0x000001f87e266a60 JavaThread "Unconstrained build operations Thread 16"        [_thread_blocked, id=2748, stack(0x000000183fd00000,0x000000183fe00000) (1024K)]
  0x000001f87e2691c0 JavaThread "Unconstrained build operations Thread 17"        [_thread_blocked, id=17228, stack(0x000000183fe00000,0x000000183ff00000) (1024K)]
  0x000001f87e269850 JavaThread "Unconstrained build operations Thread 18"        [_thread_blocked, id=22976, stack(0x000000183ff00000,0x0000001840000000) (1024K)]
  0x000001f87e269ee0 JavaThread "Unconstrained build operations Thread 19"        [_thread_blocked, id=11492, stack(0x0000001840000000,0x0000001840100000) (1024K)]
  0x000001f87e267780 JavaThread "Unconstrained build operations Thread 20"        [_thread_blocked, id=19148, stack(0x0000001840100000,0x0000001840200000) (1024K)]
  0x000001f87e267e10 JavaThread "Unconstrained build operations Thread 21"        [_thread_blocked, id=7624, stack(0x0000001840200000,0x0000001840300000) (1024K)]
  0x000001f87e2684a0 JavaThread "Unconstrained build operations Thread 22"        [_thread_blocked, id=3904, stack(0x0000001840300000,0x0000001840400000) (1024K)]
  0x000001f87e268b30 JavaThread "Unconstrained build operations Thread 23"        [_thread_blocked, id=22808, stack(0x0000001840400000,0x0000001840500000) (1024K)]
  0x000001f804749280 JavaThread "Unconstrained build operations Thread 24"        [_thread_blocked, id=11060, stack(0x0000001840500000,0x0000001840600000) (1024K)]
  0x000001f80474a630 JavaThread "Unconstrained build operations Thread 25"        [_thread_blocked, id=1200, stack(0x0000001840600000,0x0000001840700000) (1024K)]
  0x000001f80474acc0 JavaThread "Unconstrained build operations Thread 26"        [_thread_blocked, id=21860, stack(0x0000001840700000,0x0000001840800000) (1024K)]
  0x000001f804748bf0 JavaThread "Unconstrained build operations Thread 27"        [_thread_blocked, id=21780, stack(0x0000001840800000,0x0000001840900000) (1024K)]
  0x000001f804749fa0 JavaThread "build event listener"              [_thread_blocked, id=17552, stack(0x0000001840900000,0x0000001840a00000) (1024K)]
  0x000001f804748560 JavaThread "Memory manager"                    [_thread_blocked, id=22872, stack(0x0000001840b00000,0x0000001840c00000) (1024K)]
  0x000001f87fcfd580 JavaThread "included builds"                   [_thread_blocked, id=1420, stack(0x0000001840c00000,0x0000001840d00000) (1024K)]
  0x000001f87fd00a00 JavaThread "Execution worker"                  [_thread_blocked, id=12788, stack(0x0000001840d00000,0x0000001840e00000) (1024K)]
  0x000001f87fd01090 JavaThread "Execution worker Thread 2"         [_thread_blocked, id=23212, stack(0x0000001840e00000,0x0000001840f00000) (1024K)]
  0x000001f87fcffce0 JavaThread "Execution worker Thread 3"         [_thread_blocked, id=4064, stack(0x0000001840f00000,0x0000001841000000) (1024K)]
  0x000001f87fcfe2a0 JavaThread "Execution worker Thread 4"         [_thread_blocked, id=22688, stack(0x0000001841000000,0x0000001841100000) (1024K)]
  0x000001f87fcfdc10 JavaThread "Execution worker Thread 5"         [_thread_blocked, id=15144, stack(0x0000001841100000,0x0000001841200000) (1024K)]
  0x000001f87fd00370 JavaThread "Execution worker Thread 6"         [_thread_blocked, id=21020, stack(0x0000001841200000,0x0000001841300000) (1024K)]
  0x000001f87fcfefc0 JavaThread "Execution worker Thread 7"         [_thread_blocked, id=12532, stack(0x0000001841300000,0x0000001841400000) (1024K)]
  0x000001f87fcfe930 JavaThread "Execution worker Thread 8"         [_thread_blocked, id=21936, stack(0x0000001841400000,0x0000001841500000) (1024K)]
  0x000001f87fd01db0 JavaThread "Execution worker Thread 9"         [_thread_blocked, id=22956, stack(0x0000001841500000,0x0000001841600000) (1024K)]
  0x000001f87fd02440 JavaThread "Execution worker Thread 10"        [_thread_blocked, id=7396, stack(0x0000001841600000,0x0000001841700000) (1024K)]
  0x000001f87fd02ad0 JavaThread "Execution worker Thread 11"        [_thread_blocked, id=10044, stack(0x0000001841700000,0x0000001841800000) (1024K)]
  0x000001f87fcff650 JavaThread "Cache worker for execution history cache (D:\Academic portal\sp\.gradle\8.7\executionHistory)"        [_thread_blocked, id=13092, stack(0x0000001841800000,0x0000001841900000) (1024K)]
  0x000001f87fd03160 JavaThread "Unconstrained build operations Thread 28"        [_thread_blocked, id=2668, stack(0x0000001840a00000,0x0000001840b00000) (1024K)]
  0x000001f87fd037f0 JavaThread "Unconstrained build operations Thread 29"        [_thread_blocked, id=9244, stack(0x0000001841900000,0x0000001841a00000) (1024K)]
  0x000001f804a00610 JavaThread "Unconstrained build operations Thread 30"        [_thread_blocked, id=9968, stack(0x000000183ad00000,0x000000183ae00000) (1024K)]
  0x000001f804a061f0 JavaThread "Unconstrained build operations Thread 31"        [_thread_blocked, id=11576, stack(0x000000183ae00000,0x000000183af00000) (1024K)]
  0x000001f804a05b60 JavaThread "Unconstrained build operations Thread 32"        [_thread_blocked, id=6296, stack(0x0000001841a00000,0x0000001841b00000) (1024K)]
  0x000001f804a06880 JavaThread "Unconstrained build operations Thread 33"        [_thread_blocked, id=3696, stack(0x0000001841b00000,0x0000001841c00000) (1024K)]
  0x000001f804a054d0 JavaThread "Unconstrained build operations Thread 34"        [_thread_blocked, id=12576, stack(0x0000001841d00000,0x0000001841e00000) (1024K)]
  0x000001f804a04120 JavaThread "Unconstrained build operations Thread 35"        [_thread_blocked, id=15180, stack(0x0000001841e00000,0x0000001841f00000) (1024K)]
  0x000001f806fd5310 JavaThread "Unconstrained build operations Thread 36"        [_thread_blocked, id=14480, stack(0x0000001841f00000,0x0000001842000000) (1024K)]
  0x000001f806fd59a0 JavaThread "Unconstrained build operations Thread 37"        [_thread_blocked, id=20256, stack(0x0000001842000000,0x0000001842100000) (1024K)]
  0x000001f806fd6d50 JavaThread "Unconstrained build operations Thread 38"        [_thread_blocked, id=22924, stack(0x0000001842100000,0x0000001842200000) (1024K)]
  0x000001f806fd45f0 JavaThread "Unconstrained build operations Thread 39"        [_thread_blocked, id=3948, stack(0x0000001842200000,0x0000001842300000) (1024K)]
  0x000001f806fd38d0 JavaThread "Unconstrained build operations Thread 40"        [_thread_blocked, id=24360, stack(0x0000001842300000,0x0000001842400000) (1024K)]
  0x000001f806fd6030 JavaThread "Unconstrained build operations Thread 41"        [_thread_blocked, id=23820, stack(0x0000001842400000,0x0000001842500000) (1024K)]
  0x000001f806fd66c0 JavaThread "Unconstrained build operations Thread 42"        [_thread_blocked, id=16724, stack(0x0000001842500000,0x0000001842600000) (1024K)]
  0x000001f806fd73e0 JavaThread "Unconstrained build operations Thread 43"        [_thread_blocked, id=1360, stack(0x0000001842600000,0x0000001842700000) (1024K)]
  0x000001f806fd4c80 JavaThread "Unconstrained build operations Thread 44"        [_thread_blocked, id=18216, stack(0x0000001842700000,0x0000001842800000) (1024K)]
  0x000001f806fd3f60 JavaThread "Unconstrained build operations Thread 45"        [_thread_blocked, id=17804, stack(0x0000001842800000,0x0000001842900000) (1024K)]
  0x000001f806fd8100 JavaThread "Unconstrained build operations Thread 46"        [_thread_blocked, id=17724, stack(0x0000001842900000,0x0000001842a00000) (1024K)]
  0x000001f806fd7a70 JavaThread "Unconstrained build operations Thread 47"        [_thread_blocked, id=16696, stack(0x0000001842a00000,0x0000001842b00000) (1024K)]
  0x000001f806fda860 JavaThread "Unconstrained build operations Thread 48"        [_thread_blocked, id=936, stack(0x0000001842b00000,0x0000001842c00000) (1024K)]
  0x000001f806fd8790 JavaThread "Unconstrained build operations Thread 49"        [_thread_blocked, id=22644, stack(0x000000183cf00000,0x000000183d000000) (1024K)]
  0x000001f806fd8e20 JavaThread "Unconstrained build operations Thread 50"        [_thread_blocked, id=24084, stack(0x0000001842c00000,0x0000001842d00000) (1024K)]
  0x000001f806fd9b40 JavaThread "Unconstrained build operations Thread 51"        [_thread_blocked, id=21636, stack(0x0000001842d00000,0x0000001842e00000) (1024K)]
  0x000001f806fd94b0 JavaThread "Unconstrained build operations Thread 52"        [_thread_blocked, id=15820, stack(0x0000001842e00000,0x0000001842f00000) (1024K)]
  0x000001f806fda1d0 JavaThread "Unconstrained build operations Thread 53"        [_thread_blocked, id=5968, stack(0x0000001842f00000,0x0000001843000000) (1024K)]
  0x000001f806fdaef0 JavaThread "Unconstrained build operations Thread 54"        [_thread_blocked, id=20988, stack(0x0000001843000000,0x0000001843100000) (1024K)]
  0x000001f8049ff260 JavaThread "Unconstrained build operations Thread 55"        [_thread_blocked, id=23736, stack(0x0000001843100000,0x0000001843200000) (1024K)]
  0x000001f8049fff80 JavaThread "Unconstrained build operations Thread 56"        [_thread_blocked, id=23080, stack(0x0000001843200000,0x0000001843300000) (1024K)]
  0x000001f804a00ca0 JavaThread "Unconstrained build operations Thread 57"        [_thread_blocked, id=6820, stack(0x0000001843300000,0x0000001843400000) (1024K)]
  0x000001f8049ff8f0 JavaThread "Unconstrained build operations Thread 58"        [_thread_blocked, id=13072, stack(0x0000001843400000,0x0000001843500000) (1024K)]
  0x000001f804a03400 JavaThread "Unconstrained build operations Thread 59"        [_thread_blocked, id=9224, stack(0x0000001843500000,0x0000001843600000) (1024K)]
  0x000001f804a02050 JavaThread "Unconstrained build operations Thread 60"        [_thread_blocked, id=11972, stack(0x0000001843600000,0x0000001843700000) (1024K)]
  0x000001f804a01330 JavaThread "Unconstrained build operations Thread 61"        [_thread_blocked, id=21024, stack(0x0000001843700000,0x0000001843800000) (1024K)]
  0x000001f804a026e0 JavaThread "Unconstrained build operations Thread 62"        [_thread_blocked, id=24452, stack(0x0000001843800000,0x0000001843900000) (1024K)]
  0x000001f804a02d70 JavaThread "Unconstrained build operations Thread 63"        [_thread_blocked, id=20884, stack(0x0000001843900000,0x0000001843a00000) (1024K)]
  0x000001f806de9880 JavaThread "Unconstrained build operations Thread 64"        [_thread_blocked, id=23568, stack(0x0000001843a00000,0x0000001843b00000) (1024K)]
  0x000001f806dea5a0 JavaThread "Unconstrained build operations Thread 65"        [_thread_blocked, id=13060, stack(0x0000001843b00000,0x0000001843c00000) (1024K)]
  0x000001f806deac30 JavaThread "Unconstrained build operations Thread 66"        [_thread_blocked, id=1256, stack(0x0000001843c00000,0x0000001843d00000) (1024K)]
  0x000001f806de8b60 JavaThread "Unconstrained build operations Thread 67"        [_thread_blocked, id=448, stack(0x0000001843d00000,0x0000001843e00000) (1024K)]
  0x000001f806decd00 JavaThread "Unconstrained build operations Thread 68"        [_thread_blocked, id=10060, stack(0x0000001843e00000,0x0000001843f00000) (1024K)]
  0x000001f806dec670 JavaThread "Unconstrained build operations Thread 69"        [_thread_blocked, id=6440, stack(0x0000001843f00000,0x0000001844000000) (1024K)]
  0x000001f806ded390 JavaThread "Unconstrained build operations Thread 70"        [_thread_blocked, id=22284, stack(0x0000001844000000,0x0000001844100000) (1024K)]
  0x000001f87ea5e960 JavaThread "Unconstrained build operations Thread 71"        [_thread_blocked, id=16260, stack(0x0000001844100000,0x0000001844200000) (1024K)]
  0x000001f804747ed0 JavaThread "Unconstrained build operations Thread 72"        [_thread_blocked, id=23800, stack(0x0000001844200000,0x0000001844300000) (1024K)]
  0x000001f87fd04510 JavaThread "Unconstrained build operations Thread 73"        [_thread_blocked, id=20620, stack(0x0000001844300000,0x0000001844400000) (1024K)]
  0x000001f8068f8680 JavaThread "Unconstrained build operations Thread 74"        [_thread_blocked, id=10036, stack(0x0000001844400000,0x0000001844500000) (1024K)]
  0x000001f8068f8d10 JavaThread "Unconstrained build operations Thread 75"        [_thread_blocked, id=20836, stack(0x0000001844500000,0x0000001844600000) (1024K)]
  0x000001f8068fa0c0 JavaThread "Unconstrained build operations Thread 76"        [_thread_blocked, id=15244, stack(0x0000001844600000,0x0000001844700000) (1024K)]
  0x000001f80cf1d420 JavaThread "Unconstrained build operations Thread 77"        [_thread_blocked, id=9804, stack(0x0000001844900000,0x0000001844a00000) (1024K)]
  0x000001f80cf1dab0 JavaThread "Unconstrained build operations Thread 78"        [_thread_blocked, id=18016, stack(0x0000001844a00000,0x0000001844b00000) (1024K)]
  0x000001f80cf1c700 JavaThread "Unconstrained build operations Thread 79"        [_thread_blocked, id=24048, stack(0x0000001844b00000,0x0000001844c00000) (1024K)]
  0x000001f80cf1e140 JavaThread "Unconstrained build operations Thread 80"        [_thread_blocked, id=22920, stack(0x0000001844c00000,0x0000001844d00000) (1024K)]
  0x000001f80cf1e7d0 JavaThread "Unconstrained build operations Thread 81"        [_thread_blocked, id=5408, stack(0x0000001844d00000,0x0000001844e00000) (1024K)]
  0x000001f80cf1ee60 JavaThread "Unconstrained build operations Thread 82"        [_thread_blocked, id=19696, stack(0x0000001844e00000,0x0000001844f00000) (1024K)]
  0x000001f80cf1f4f0 JavaThread "Unconstrained build operations Thread 83"        [_thread_blocked, id=15320, stack(0x0000001844f00000,0x0000001845000000) (1024K)]
  0x000001f80cf1c070 JavaThread "Unconstrained build operations Thread 84"        [_thread_blocked, id=11768, stack(0x0000001845000000,0x0000001845100000) (1024K)]
  0x000001f80cf208a0 JavaThread "Unconstrained build operations Thread 85"        [_thread_blocked, id=15280, stack(0x0000001845100000,0x0000001845200000) (1024K)]
  0x000001f80cf20f30 JavaThread "Unconstrained build operations Thread 86"        [_thread_blocked, id=1192, stack(0x0000001845200000,0x0000001845300000) (1024K)]
  0x000001f80cf215c0 JavaThread "Unconstrained build operations Thread 87"        [_thread_blocked, id=9012, stack(0x0000001845300000,0x0000001845400000) (1024K)]
  0x000001f804a04e40 JavaThread "WorkerExecutor Queue"              [_thread_blocked, id=18584, stack(0x0000001845400000,0x0000001845500000) (1024K)]
  0x000001f8068f9a30 JavaThread "Unconstrained build operations Thread 88"        [_thread_blocked, id=12040, stack(0x0000001845500000,0x0000001845600000) (1024K)]
  0x000001f8068f93a0 JavaThread "Unconstrained build operations Thread 89"        [_thread_blocked, id=9948, stack(0x0000001845600000,0x0000001845700000) (1024K)]
  0x000001f8068fa750 JavaThread "Unconstrained build operations Thread 90"        [_thread_blocked, id=8420, stack(0x0000001845700000,0x0000001845800000) (1024K)]
  0x000001f8068fade0 JavaThread "Unconstrained build operations Thread 91"        [_thread_blocked, id=16668, stack(0x0000001845800000,0x0000001845900000) (1024K)]
  0x000001f8068fb470 JavaThread "Unconstrained build operations Thread 92"        [_thread_blocked, id=18504, stack(0x0000001845900000,0x0000001845a00000) (1024K)]
  0x000001f8068f7ff0 JavaThread "Unconstrained build operations Thread 93"        [_thread_blocked, id=5396, stack(0x0000001845a00000,0x0000001845b00000) (1024K)]
  0x000001f8068fbb00 JavaThread "Unconstrained build operations Thread 94"        [_thread_blocked, id=2400, stack(0x0000001845b00000,0x0000001845c00000) (1024K)]
  0x000001f8068ff610 JavaThread "Unconstrained build operations Thread 95"        [_thread_blocked, id=9564, stack(0x0000001845c00000,0x0000001845d00000) (1024K)]
  0x000001f8068fd540 JavaThread "Unconstrained build operations Thread 96"        [_thread_blocked, id=12572, stack(0x0000001845d00000,0x0000001845e00000) (1024K)]
  0x000001f8068fef80 JavaThread "Unconstrained build operations Thread 97"        [_thread_blocked, id=4324, stack(0x0000001845e00000,0x0000001845f00000) (1024K)]
  0x000001f8068fdbd0 JavaThread "Unconstrained build operations Thread 98"        [_thread_blocked, id=19188, stack(0x0000001845f00000,0x0000001846000000) (1024K)]
  0x000001f8068fc820 JavaThread "WorkerExecutor Queue Thread 2"        [_thread_blocked, id=17208, stack(0x0000001846000000,0x0000001846100000) (1024K)]
  0x000001f8066438b0 JavaThread "WorkerExecutor Queue Thread 4"        [_thread_blocked, id=3736, stack(0x0000001846200000,0x0000001846300000) (1024K)]
  0x000001f8066473c0 JavaThread "WorkerExecutor Queue Thread 5"        [_thread_blocked, id=10440, stack(0x0000001846300000,0x0000001846400000) (1024K)]
  0x000001f806649490 JavaThread "WorkerExecutor Queue Thread 8"        [_thread_blocked, id=22480, stack(0x0000001846600000,0x0000001846700000) (1024K)]
  0x000001f80664a840 JavaThread "WorkerExecutor Queue Thread 9"        [_thread_blocked, id=22164, stack(0x0000001846700000,0x0000001846800000) (1024K)]
  0x000001f80663e360 JavaThread "WorkerExecutor Queue Thread 10"        [_thread_blocked, id=11612, stack(0x0000001846800000,0x0000001846900000) (1024K)]
  0x000001f80663e9f0 JavaThread "WorkerExecutor Queue Thread 11"        [_thread_blocked, id=19308, stack(0x0000001846900000,0x0000001846a00000) (1024K)]
  0x000001f80663f080 JavaThread "WorkerExecutor Queue Thread 12"        [_thread_blocked, id=4028, stack(0x0000001846a00000,0x0000001846b00000) (1024K)]
  0x000001f80d644e80 JavaThread "Unconstrained build operations Thread 99"        [_thread_blocked, id=20816, stack(0x000000183af00000,0x000000183b000000) (1024K)]
  0x000001f80d646230 JavaThread "Unconstrained build operations Thread 100"        [_thread_blocked, id=16296, stack(0x0000001846b00000,0x0000001846c00000) (1024K)]
  0x000001f80d644160 JavaThread "Unconstrained build operations Thread 101"        [_thread_blocked, id=15304, stack(0x0000001846c00000,0x0000001846d00000) (1024K)]
  0x000001f80d647c70 JavaThread "Unconstrained build operations Thread 102"        [_thread_blocked, id=21084, stack(0x0000001846d00000,0x0000001846e00000) (1024K)]
  0x000001f80d646f50 JavaThread "Unconstrained build operations Thread 103"        [_thread_blocked, id=10488, stack(0x0000001846e00000,0x0000001846f00000) (1024K)]
  0x000001f80d6447f0 JavaThread "Unconstrained build operations Thread 104"        [_thread_blocked, id=2276, stack(0x0000001846f00000,0x0000001847000000) (1024K)]
  0x000001f80d648990 JavaThread "Unconstrained build operations Thread 105"        [_thread_blocked, id=2712, stack(0x0000001847000000,0x0000001847100000) (1024K)]
  0x000001f80d648300 JavaThread "Unconstrained build operations Thread 106"        [_thread_blocked, id=1400, stack(0x0000001847100000,0x0000001847200000) (1024K)]
  0x000001f80d645510 JavaThread "Unconstrained build operations Thread 107"        [_thread_blocked, id=22292, stack(0x0000001847200000,0x0000001847300000) (1024K)]
  0x000001f80d64c4a0 JavaThread "Unconstrained build operations Thread 108"        [_thread_blocked, id=23884, stack(0x0000001847300000,0x0000001847400000) (1024K)]
  0x000001f80d64aa60 JavaThread "Unconstrained build operations Thread 109"        [_thread_blocked, id=14404, stack(0x0000001847400000,0x0000001847500000) (1024K)]
  0x000001f80d649020 JavaThread "Unconstrained build operations Thread 110"        [_thread_blocked, id=2540, stack(0x0000001847500000,0x0000001847600000) (1024K)]
  0x000001f80d64b0f0 JavaThread "Unconstrained build operations Thread 111"        [_thread_blocked, id=8232, stack(0x0000001847600000,0x0000001847700000) (1024K)]
  0x000001f80d64cb30 JavaThread "Unconstrained build operations Thread 112"        [_thread_blocked, id=21604, stack(0x0000001847700000,0x0000001847800000) (1024K)]
  0x000001f806641150 JavaThread "Unconstrained build operations Thread 113"        [_thread_blocked, id=19904, stack(0x0000001847900000,0x0000001847a00000) (1024K)]
  0x000001f8066452f0 JavaThread "Unconstrained build operations Thread 114"        [_thread_blocked, id=16804, stack(0x0000001847a00000,0x0000001847b00000) (1024K)]
  0x000001f806641e70 JavaThread "Unconstrained build operations Thread 115"        [_thread_blocked, id=2084, stack(0x0000001847b00000,0x0000001847c00000) (1024K)]
  0x000001f806645980 JavaThread "Unconstrained build operations Thread 116"        [_thread_blocked, id=20528, stack(0x0000001847c00000,0x0000001847d00000) (1024K)]
  0x000001f806642500 JavaThread "Unconstrained build operations Thread 117"        [_thread_blocked, id=4264, stack(0x0000001847d00000,0x0000001847e00000) (1024K)]
  0x000001f806647a50 JavaThread "Unconstrained build operations Thread 118"        [_thread_blocked, id=21108, stack(0x0000001847e00000,0x0000001847f00000) (1024K)]
  0x000001f8066480e0 JavaThread "Unconstrained build operations Thread 119"        [_thread_blocked, id=9108, stack(0x0000001847f00000,0x0000001848000000) (1024K)]
  0x000001f806648e00 JavaThread "Unconstrained build operations Thread 120"        [_thread_blocked, id=5360, stack(0x0000001848000000,0x0000001848100000) (1024K)]
  0x000001f80cc8b4c0 JavaThread "WorkerExecutor Queue Thread 13"        [_thread_blocked, id=23000, stack(0x0000001847800000,0x0000001847900000) (1024K)]
  0x000001f80d49bd60 JavaThread "WorkerExecutor Queue Thread 14"        [_thread_blocked, id=3668, stack(0x0000001844700000,0x0000001844800000) (1024K)]
  0x000001f8062700c0 JavaThread "C2 CompilerThread1"         daemon [_thread_blocked, id=9536, stack(0x0000001844800000,0x0000001844900000) (1024K)]
Total: 190

Other Threads:
=>0x000001f87d0bc2a0 VMThread "VM Thread"                           [id=11636, stack(0x000000183b700000,0x000000183b800000) (1024K)]
  0x000001f87d0ab3f0 WatcherThread "VM Periodic Task Thread"        [id=5992, stack(0x000000183b600000,0x000000183b700000) (1024K)]
  0x000001f865645330 WorkerThread "GC Thread#0"                     [id=2312, stack(0x000000183b100000,0x000000183b200000) (1024K)]
  0x000001f87dee0da0 WorkerThread "GC Thread#1"                     [id=8308, stack(0x000000183c200000,0x000000183c300000) (1024K)]
  0x000001f87def79a0 WorkerThread "GC Thread#2"                     [id=5836, stack(0x000000183c300000,0x000000183c400000) (1024K)]
  0x000001f87def8560 WorkerThread "GC Thread#3"                     [id=2040, stack(0x000000183c400000,0x000000183c500000) (1024K)]
  0x000001f87defaf20 WorkerThread "GC Thread#4"                     [id=19748, stack(0x000000183c500000,0x000000183c600000) (1024K)]
  0x000001f87e0ba510 WorkerThread "GC Thread#5"                     [id=24148, stack(0x000000183d100000,0x000000183d200000) (1024K)]
  0x000001f87e29c950 WorkerThread "GC Thread#6"                     [id=22184, stack(0x000000183d200000,0x000000183d300000) (1024K)]
  0x000001f87e0dbf70 WorkerThread "GC Thread#7"                     [id=17076, stack(0x000000183d300000,0x000000183d400000) (1024K)]
  0x000001f87e0dc310 WorkerThread "GC Thread#8"                     [id=21256, stack(0x000000183d400000,0x000000183d500000) (1024K)]
  0x000001f87e0dad50 WorkerThread "GC Thread#9"                     [id=2696, stack(0x000000183d500000,0x000000183d600000) (1024K)]
  0x000001f865657060 ConcurrentGCThread "G1 Main Marker"            [id=23076, stack(0x000000183b200000,0x000000183b300000) (1024K)]
  0x000001f865658920 WorkerThread "G1 Conc#0"                       [id=3040, stack(0x000000183b300000,0x000000183b400000) (1024K)]
  0x000001f87e0db0f0 WorkerThread "G1 Conc#1"                       [id=15152, stack(0x000000183d600000,0x000000183d700000) (1024K)]
  0x000001f87e0db830 WorkerThread "G1 Conc#2"                       [id=8704, stack(0x000000183d700000,0x000000183d800000) (1024K)]
  0x000001f8656ae600 ConcurrentGCThread "G1 Refine#0"               [id=21892, stack(0x000000183b400000,0x000000183b500000) (1024K)]
  0x000001f87cf7b140 ConcurrentGCThread "G1 Service"                [id=19388, stack(0x000000183b500000,0x000000183b600000) (1024K)]
Total: 18

Threads with active compile tasks:
C2 CompilerThread0  227692 34327       4       com.android.tools.r8.ir.optimize.d0::a (523 bytes)
C2 CompilerThread1  227693 34337 %     4       com.android.tools.r8.ir.regalloc.b::b @ 2453 (4458 bytes)
Total: 2

VM state: at safepoint (normal execution)

VM Mutex/Monitor currently owned by a thread:  ([mutex/lock_event])
[0x00007ff826e885b8] Threads_lock - owner thread: 0x000001f87d0bc2a0
[0x00007ff826e886b8] Heap_lock - owner thread: 0x000001f87fd01db0

Heap address: 0x0000000080000000, size: 2048 MB, Compressed Oops mode: 32-bit

CDS archive(s) not mapped
Compressed class space mapped at: 0x0000000100000000-0x0000000140000000, reserved size: 1073741824
Narrow klass base: 0x0000000000000000, Narrow klass shift: 3, Narrow klass range: 0x140000000

GC Precious Log:
 CardTable entry size: 512
 Card Set container configuration: InlinePtr #cards 5 size 8 Array Of Cards #cards 12 size 40 Howl #buckets 4 coarsen threshold 1843 Howl Bitmap #cards 512 size 80 coarsen threshold 460 Card regions per heap region 1 cards per card region 2048
 CPUs: 12 total, 12 available
 Memory: 7863M
 Large Page Support: Disabled
 NUMA Support: Disabled
 Compressed Oops: Enabled (32-bit)
 Heap Region Size: 1M
 Heap Min Capacity: 8M
 Heap Initial Capacity: 124M
 Heap Max Capacity: 2G
 Pre-touch: Disabled
 Parallel Workers: 10
 Concurrent Workers: 3
 Concurrent Refinement Workers: 10
 Periodic GC: Disabled

Heap:
 garbage-first heap   total 698368K, used 333665K [0x0000000080000000, 0x0000000100000000)
  region size 1024K, 21 young (21504K), 21 survivors (21504K)
 Metaspace       used 158274K, committed 160448K, reserved 1245184K
  class space    used 21505K, committed 22528K, reserved 1048576K

Heap Regions: E=young(eden), S=young(survivor), O=old, HS=humongous(starts), HC=humongous(continues), CS=collection set, F=free, TAMS=top-at-mark-start, PB=parsable bottom
|   0|0x0000000080000000, 0x0000000080100000, 0x0000000080100000|100%|HS|  |TAMS 0x0000000080000000| PB 0x0000000080000000| Complete 
|   1|0x0000000080100000, 0x0000000080200000, 0x0000000080200000|100%|HC|  |TAMS 0x0000000080100000| PB 0x0000000080100000| Complete 
|   2|0x0000000080200000, 0x0000000080300000, 0x0000000080300000|100%|HC|  |TAMS 0x0000000080200000| PB 0x0000000080200000| Complete 
|   3|0x0000000080300000, 0x0000000080400000, 0x0000000080400000|100%|HC|  |TAMS 0x0000000080300000| PB 0x0000000080300000| Complete 
|   4|0x0000000080400000, 0x0000000080500000, 0x0000000080500000|100%| O|  |TAMS 0x0000000080400000| PB 0x0000000080400000| Untracked 
|   5|0x0000000080500000, 0x0000000080600000, 0x0000000080600000|100%| O|  |TAMS 0x0000000080500000| PB 0x0000000080500000| Untracked 
|   6|0x0000000080600000, 0x0000000080700000, 0x0000000080700000|100%| O|  |TAMS 0x0000000080600000| PB 0x0000000080600000| Untracked 
|   7|0x0000000080700000, 0x0000000080800000, 0x0000000080800000|100%| O|  |TAMS 0x0000000080700000| PB 0x0000000080700000| Untracked 
|   8|0x0000000080800000, 0x0000000080900000, 0x0000000080900000|100%| O|  |TAMS 0x0000000080800000| PB 0x0000000080800000| Untracked 
|   9|0x0000000080900000, 0x0000000080a00000, 0x0000000080a00000|100%| O|  |TAMS 0x0000000080900000| PB 0x0000000080900000| Untracked 
|  10|0x0000000080a00000, 0x0000000080b00000, 0x0000000080b00000|100%| O|  |TAMS 0x0000000080a00000| PB 0x0000000080a00000| Untracked 
|  11|0x0000000080b00000, 0x0000000080c00000, 0x0000000080c00000|100%| O|  |TAMS 0x0000000080b00000| PB 0x0000000080b00000| Untracked 
|  12|0x0000000080c00000, 0x0000000080d00000, 0x0000000080d00000|100%| O|  |TAMS 0x0000000080c00000| PB 0x0000000080c00000| Untracked 
|  13|0x0000000080d00000, 0x0000000080e00000, 0x0000000080e00000|100%| O|  |TAMS 0x0000000080d00000| PB 0x0000000080d00000| Untracked 
|  14|0x0000000080e00000, 0x0000000080f00000, 0x0000000080f00000|100%| O|  |TAMS 0x0000000080e00000| PB 0x0000000080e00000| Untracked 
|  15|0x0000000080f00000, 0x0000000081000000, 0x0000000081000000|100%| O|  |TAMS 0x0000000080f00000| PB 0x0000000080f00000| Untracked 
|  16|0x0000000081000000, 0x0000000081100000, 0x0000000081100000|100%| O|  |TAMS 0x0000000081000000| PB 0x0000000081000000| Untracked 
|  17|0x0000000081100000, 0x0000000081200000, 0x0000000081200000|100%| O|  |TAMS 0x0000000081100000| PB 0x0000000081100000| Untracked 
|  18|0x0000000081200000, 0x0000000081300000, 0x0000000081300000|100%| O|  |TAMS 0x0000000081200000| PB 0x0000000081200000| Untracked 
|  19|0x0000000081300000, 0x0000000081400000, 0x0000000081400000|100%| O|  |TAMS 0x0000000081300000| PB 0x0000000081300000| Untracked 
|  20|0x0000000081400000, 0x0000000081500000, 0x0000000081500000|100%| O|  |TAMS 0x0000000081400000| PB 0x0000000081400000| Untracked 
|  21|0x0000000081500000, 0x0000000081600000, 0x0000000081600000|100%| O|  |TAMS 0x0000000081500000| PB 0x0000000081500000| Untracked 
|  22|0x0000000081600000, 0x0000000081700000, 0x0000000081700000|100%| O|  |TAMS 0x0000000081600000| PB 0x0000000081600000| Untracked 
|  23|0x0000000081700000, 0x0000000081800000, 0x0000000081800000|100%| O|  |TAMS 0x0000000081700000| PB 0x0000000081700000| Untracked 
|  24|0x0000000081800000, 0x0000000081900000, 0x0000000081900000|100%| O|  |TAMS 0x0000000081800000| PB 0x0000000081800000| Untracked 
|  25|0x0000000081900000, 0x0000000081a00000, 0x0000000081a00000|100%| O|  |TAMS 0x0000000081900000| PB 0x0000000081900000| Untracked 
|  26|0x0000000081a00000, 0x0000000081b00000, 0x0000000081b00000|100%| O|  |TAMS 0x0000000081a00000| PB 0x0000000081a00000| Untracked 
|  27|0x0000000081b00000, 0x0000000081c00000, 0x0000000081c00000|100%| O|  |TAMS 0x0000000081b00000| PB 0x0000000081b00000| Untracked 
|  28|0x0000000081c00000, 0x0000000081d00000, 0x0000000081d00000|100%| O|  |TAMS 0x0000000081c00000| PB 0x0000000081c00000| Untracked 
|  29|0x0000000081d00000, 0x0000000081e00000, 0x0000000081e00000|100%| O|  |TAMS 0x0000000081d00000| PB 0x0000000081d00000| Untracked 
|  30|0x0000000081e00000, 0x0000000081f00000, 0x0000000081f00000|100%| O|  |TAMS 0x0000000081e00000| PB 0x0000000081e00000| Untracked 
|  31|0x0000000081f00000, 0x0000000082000000, 0x0000000082000000|100%| O|  |TAMS 0x0000000081f00000| PB 0x0000000081f00000| Untracked 
|  32|0x0000000082000000, 0x0000000082100000, 0x0000000082100000|100%| O|  |TAMS 0x0000000082000000| PB 0x0000000082000000| Untracked 
|  33|0x0000000082100000, 0x0000000082200000, 0x0000000082200000|100%| O|  |TAMS 0x0000000082100000| PB 0x0000000082100000| Untracked 
|  34|0x0000000082200000, 0x0000000082300000, 0x0000000082300000|100%| O|  |TAMS 0x0000000082200000| PB 0x0000000082200000| Untracked 
|  35|0x0000000082300000, 0x0000000082400000, 0x0000000082400000|100%| O|  |TAMS 0x0000000082300000| PB 0x0000000082300000| Untracked 
|  36|0x0000000082400000, 0x0000000082500000, 0x0000000082500000|100%| O|  |TAMS 0x0000000082400000| PB 0x0000000082400000| Untracked 
|  37|0x0000000082500000, 0x0000000082600000, 0x0000000082600000|100%| O|  |TAMS 0x0000000082500000| PB 0x0000000082500000| Untracked 
|  38|0x0000000082600000, 0x0000000082700000, 0x0000000082700000|100%|HS|  |TAMS 0x0000000082600000| PB 0x0000000082600000| Complete 
|  39|0x0000000082700000, 0x0000000082800000, 0x0000000082800000|100%|HC|  |TAMS 0x0000000082700000| PB 0x0000000082700000| Complete 
|  40|0x0000000082800000, 0x0000000082900000, 0x0000000082900000|100%| O|  |TAMS 0x0000000082800000| PB 0x0000000082800000| Untracked 
|  41|0x0000000082900000, 0x0000000082a00000, 0x0000000082a00000|100%| O|  |TAMS 0x0000000082900000| PB 0x0000000082900000| Untracked 
|  42|0x0000000082a00000, 0x0000000082b00000, 0x0000000082b00000|100%| O|  |TAMS 0x0000000082a00000| PB 0x0000000082a00000| Untracked 
|  43|0x0000000082b00000, 0x0000000082c00000, 0x0000000082c00000|100%| O|  |TAMS 0x0000000082b00000| PB 0x0000000082b00000| Untracked 
|  44|0x0000000082c00000, 0x0000000082d00000, 0x0000000082d00000|100%| O|  |TAMS 0x0000000082c00000| PB 0x0000000082c00000| Untracked 
|  45|0x0000000082d00000, 0x0000000082e00000, 0x0000000082e00000|100%| O|  |TAMS 0x0000000082d00000| PB 0x0000000082d00000| Untracked 
|  46|0x0000000082e00000, 0x0000000082f00000, 0x0000000082f00000|100%| O|  |TAMS 0x0000000082e00000| PB 0x0000000082e00000| Untracked 
|  47|0x0000000082f00000, 0x0000000083000000, 0x0000000083000000|100%| O|  |TAMS 0x0000000082f00000| PB 0x0000000082f00000| Untracked 
|  48|0x0000000083000000, 0x0000000083100000, 0x0000000083100000|100%| O|  |TAMS 0x0000000083000000| PB 0x0000000083000000| Untracked 
|  49|0x0000000083100000, 0x0000000083200000, 0x0000000083200000|100%|HS|  |TAMS 0x0000000083100000| PB 0x0000000083100000| Complete 
|  50|0x0000000083200000, 0x0000000083300000, 0x0000000083300000|100%|HS|  |TAMS 0x0000000083200000| PB 0x0000000083200000| Complete 
|  51|0x0000000083300000, 0x0000000083400000, 0x0000000083400000|100%|HS|  |TAMS 0x0000000083300000| PB 0x0000000083300000| Complete 
|  52|0x0000000083400000, 0x0000000083500000, 0x0000000083500000|100%| O|  |TAMS 0x0000000083400000| PB 0x0000000083400000| Untracked 
|  53|0x0000000083500000, 0x0000000083600000, 0x0000000083600000|100%| O|  |TAMS 0x0000000083500000| PB 0x0000000083500000| Untracked 
|  54|0x0000000083600000, 0x0000000083700000, 0x0000000083700000|100%|HS|  |TAMS 0x0000000083600000| PB 0x0000000083600000| Complete 
|  55|0x0000000083700000, 0x0000000083800000, 0x0000000083800000|100%|HS|  |TAMS 0x0000000083700000| PB 0x0000000083700000| Complete 
|  56|0x0000000083800000, 0x0000000083900000, 0x0000000083900000|100%| O|  |TAMS 0x0000000083800000| PB 0x0000000083800000| Untracked 
|  57|0x0000000083900000, 0x0000000083a00000, 0x0000000083a00000|100%| O|  |TAMS 0x0000000083900000| PB 0x0000000083900000| Untracked 
|  58|0x0000000083a00000, 0x0000000083b00000, 0x0000000083b00000|100%| O|  |TAMS 0x0000000083a00000| PB 0x0000000083a00000| Untracked 
|  59|0x0000000083b00000, 0x0000000083c00000, 0x0000000083c00000|100%| O|  |TAMS 0x0000000083b00000| PB 0x0000000083b00000| Untracked 
|  60|0x0000000083c00000, 0x0000000083d00000, 0x0000000083d00000|100%| O|  |TAMS 0x0000000083c00000| PB 0x0000000083c00000| Untracked 
|  61|0x0000000083d00000, 0x0000000083e00000, 0x0000000083e00000|100%| O|  |TAMS 0x0000000083d00000| PB 0x0000000083d00000| Untracked 
|  62|0x0000000083e00000, 0x0000000083f00000, 0x0000000083f00000|100%| O|  |TAMS 0x0000000083e00000| PB 0x0000000083e00000| Untracked 
|  63|0x0000000083f00000, 0x0000000084000000, 0x0000000084000000|100%| O|  |TAMS 0x0000000083f00000| PB 0x0000000083f00000| Untracked 
|  64|0x0000000084000000, 0x0000000084100000, 0x0000000084100000|100%| O|  |TAMS 0x0000000084000000| PB 0x0000000084000000| Untracked 
|  65|0x0000000084100000, 0x0000000084200000, 0x0000000084200000|100%| O|  |TAMS 0x0000000084100000| PB 0x0000000084100000| Untracked 
|  66|0x0000000084200000, 0x0000000084300000, 0x0000000084300000|100%|HS|  |TAMS 0x0000000084200000| PB 0x0000000084200000| Complete 
|  67|0x0000000084300000, 0x0000000084400000, 0x0000000084400000|100%| O|  |TAMS 0x0000000084300000| PB 0x0000000084300000| Untracked 
|  68|0x0000000084400000, 0x0000000084500000, 0x0000000084500000|100%| O|  |TAMS 0x0000000084400000| PB 0x0000000084400000| Untracked 
|  69|0x0000000084500000, 0x0000000084600000, 0x0000000084600000|100%| O|  |TAMS 0x0000000084500000| PB 0x0000000084500000| Untracked 
|  70|0x0000000084600000, 0x0000000084700000, 0x0000000084700000|100%| O|  |TAMS 0x0000000084600000| PB 0x0000000084600000| Untracked 
|  71|0x0000000084700000, 0x0000000084800000, 0x0000000084800000|100%|HS|  |TAMS 0x0000000084700000| PB 0x0000000084700000| Complete 
|  72|0x0000000084800000, 0x0000000084900000, 0x0000000084900000|100%| O|  |TAMS 0x0000000084800000| PB 0x0000000084800000| Untracked 
|  73|0x0000000084900000, 0x0000000084a00000, 0x0000000084a00000|100%| O|  |TAMS 0x0000000084900000| PB 0x0000000084900000| Untracked 
|  74|0x0000000084a00000, 0x0000000084b00000, 0x0000000084b00000|100%| O|  |TAMS 0x0000000084a00000| PB 0x0000000084a00000| Untracked 
|  75|0x0000000084b00000, 0x0000000084c00000, 0x0000000084c00000|100%| O|  |TAMS 0x0000000084b00000| PB 0x0000000084b00000| Untracked 
|  76|0x0000000084c00000, 0x0000000084d00000, 0x0000000084d00000|100%| O|  |TAMS 0x0000000084c00000| PB 0x0000000084c00000| Untracked 
|  77|0x0000000084d00000, 0x0000000084e00000, 0x0000000084e00000|100%| O|  |TAMS 0x0000000084d00000| PB 0x0000000084d00000| Untracked 
|  78|0x0000000084e00000, 0x0000000084f00000, 0x0000000084f00000|100%| O|  |TAMS 0x0000000084e00000| PB 0x0000000084e00000| Untracked 
|  79|0x0000000084f00000, 0x0000000085000000, 0x0000000085000000|100%| O|  |TAMS 0x0000000084f00000| PB 0x0000000084f00000| Untracked 
|  80|0x0000000085000000, 0x0000000085100000, 0x0000000085100000|100%| O|  |TAMS 0x0000000085000000| PB 0x0000000085000000| Untracked 
|  81|0x0000000085100000, 0x0000000085200000, 0x0000000085200000|100%| O|  |TAMS 0x0000000085100000| PB 0x0000000085100000| Untracked 
|  82|0x0000000085200000, 0x0000000085300000, 0x0000000085300000|100%| O|  |TAMS 0x0000000085200000| PB 0x0000000085200000| Untracked 
|  83|0x0000000085300000, 0x0000000085400000, 0x0000000085400000|100%| O|  |TAMS 0x0000000085300000| PB 0x0000000085300000| Untracked 
|  84|0x0000000085400000, 0x0000000085500000, 0x0000000085500000|100%| O|  |TAMS 0x0000000085400000| PB 0x0000000085400000| Untracked 
|  85|0x0000000085500000, 0x0000000085600000, 0x0000000085600000|100%| O|  |TAMS 0x0000000085500000| PB 0x0000000085500000| Untracked 
|  86|0x0000000085600000, 0x0000000085700000, 0x0000000085700000|100%| O|  |TAMS 0x0000000085600000| PB 0x0000000085600000| Untracked 
|  87|0x0000000085700000, 0x0000000085800000, 0x0000000085800000|100%| O|  |TAMS 0x0000000085700000| PB 0x0000000085700000| Untracked 
|  88|0x0000000085800000, 0x0000000085900000, 0x0000000085900000|100%| O|  |TAMS 0x0000000085800000| PB 0x0000000085800000| Untracked 
|  89|0x0000000085900000, 0x0000000085a00000, 0x0000000085a00000|100%| O|  |TAMS 0x0000000085900000| PB 0x0000000085900000| Untracked 
|  90|0x0000000085a00000, 0x0000000085b00000, 0x0000000085b00000|100%| O|  |TAMS 0x0000000085a00000| PB 0x0000000085a00000| Untracked 
|  91|0x0000000085b00000, 0x0000000085c00000, 0x0000000085c00000|100%| O|  |TAMS 0x0000000085b00000| PB 0x0000000085b00000| Untracked 
|  92|0x0000000085c00000, 0x0000000085d00000, 0x0000000085d00000|100%| O|  |TAMS 0x0000000085c00000| PB 0x0000000085c00000| Untracked 
|  93|0x0000000085d00000, 0x0000000085e00000, 0x0000000085e00000|100%| O|  |TAMS 0x0000000085d00000| PB 0x0000000085d00000| Untracked 
|  94|0x0000000085e00000, 0x0000000085f00000, 0x0000000085f00000|100%| O|  |TAMS 0x0000000085e00000| PB 0x0000000085e00000| Untracked 
|  95|0x0000000085f00000, 0x0000000086000000, 0x0000000086000000|100%| O|  |TAMS 0x0000000085f00000| PB 0x0000000085f00000| Untracked 
|  96|0x0000000086000000, 0x0000000086100000, 0x0000000086100000|100%| O|  |TAMS 0x0000000086000000| PB 0x0000000086000000| Untracked 
|  97|0x0000000086100000, 0x0000000086200000, 0x0000000086200000|100%| O|  |TAMS 0x0000000086100000| PB 0x0000000086100000| Untracked 
|  98|0x0000000086200000, 0x0000000086300000, 0x0000000086300000|100%| O|  |TAMS 0x0000000086200000| PB 0x0000000086200000| Untracked 
|  99|0x0000000086300000, 0x0000000086400000, 0x0000000086400000|100%| O|  |TAMS 0x0000000086300000| PB 0x0000000086300000| Untracked 
| 100|0x0000000086400000, 0x0000000086500000, 0x0000000086500000|100%| O|  |TAMS 0x0000000086400000| PB 0x0000000086400000| Untracked 
| 101|0x0000000086500000, 0x0000000086600000, 0x0000000086600000|100%| O|  |TAMS 0x0000000086500000| PB 0x0000000086500000| Untracked 
| 102|0x0000000086600000, 0x0000000086700000, 0x0000000086700000|100%| O|  |TAMS 0x0000000086600000| PB 0x0000000086600000| Untracked 
| 103|0x0000000086700000, 0x0000000086800000, 0x0000000086800000|100%| O|  |TAMS 0x0000000086700000| PB 0x0000000086700000| Untracked 
| 104|0x0000000086800000, 0x0000000086900000, 0x0000000086900000|100%| O|  |TAMS 0x0000000086800000| PB 0x0000000086800000| Untracked 
| 105|0x0000000086900000, 0x0000000086a00000, 0x0000000086a00000|100%| O|  |TAMS 0x0000000086900000| PB 0x0000000086900000| Untracked 
| 106|0x0000000086a00000, 0x0000000086b00000, 0x0000000086b00000|100%| O|  |TAMS 0x0000000086a00000| PB 0x0000000086a00000| Untracked 
| 107|0x0000000086b00000, 0x0000000086c00000, 0x0000000086c00000|100%| O|  |TAMS 0x0000000086b00000| PB 0x0000000086b00000| Untracked 
| 108|0x0000000086c00000, 0x0000000086d00000, 0x0000000086d00000|100%| O|  |TAMS 0x0000000086c00000| PB 0x0000000086c00000| Untracked 
| 109|0x0000000086d00000, 0x0000000086e00000, 0x0000000086e00000|100%| O|  |TAMS 0x0000000086d00000| PB 0x0000000086d00000| Untracked 
| 110|0x0000000086e00000, 0x0000000086f00000, 0x0000000086f00000|100%| O|  |TAMS 0x0000000086e00000| PB 0x0000000086e00000| Untracked 
| 111|0x0000000086f00000, 0x0000000087000000, 0x0000000087000000|100%| O|  |TAMS 0x0000000086f00000| PB 0x0000000086f00000| Untracked 
| 112|0x0000000087000000, 0x0000000087100000, 0x0000000087100000|100%| O|  |TAMS 0x0000000087000000| PB 0x0000000087000000| Untracked 
| 113|0x0000000087100000, 0x0000000087200000, 0x0000000087200000|100%| O|  |TAMS 0x0000000087100000| PB 0x0000000087100000| Untracked 
| 114|0x0000000087200000, 0x0000000087300000, 0x0000000087300000|100%| O|  |TAMS 0x0000000087200000| PB 0x0000000087200000| Untracked 
| 115|0x0000000087300000, 0x0000000087400000, 0x0000000087400000|100%| O|  |TAMS 0x0000000087300000| PB 0x0000000087300000| Untracked 
| 116|0x0000000087400000, 0x0000000087500000, 0x0000000087500000|100%| O|  |TAMS 0x0000000087400000| PB 0x0000000087400000| Untracked 
| 117|0x0000000087500000, 0x0000000087600000, 0x0000000087600000|100%| O|  |TAMS 0x0000000087500000| PB 0x0000000087500000| Untracked 
| 118|0x0000000087600000, 0x0000000087700000, 0x0000000087700000|100%| O|  |TAMS 0x0000000087600000| PB 0x0000000087600000| Untracked 
| 119|0x0000000087700000, 0x0000000087800000, 0x0000000087800000|100%| O|  |TAMS 0x0000000087700000| PB 0x0000000087700000| Untracked 
| 120|0x0000000087800000, 0x0000000087900000, 0x0000000087900000|100%| O|  |TAMS 0x0000000087800000| PB 0x0000000087800000| Untracked 
| 121|0x0000000087900000, 0x0000000087a00000, 0x0000000087a00000|100%| O|  |TAMS 0x0000000087900000| PB 0x0000000087900000| Untracked 
| 122|0x0000000087a00000, 0x0000000087b00000, 0x0000000087b00000|100%| O|  |TAMS 0x0000000087a00000| PB 0x0000000087a00000| Untracked 
| 123|0x0000000087b00000, 0x0000000087c00000, 0x0000000087c00000|100%| O|  |TAMS 0x0000000087b00000| PB 0x0000000087b00000| Untracked 
| 124|0x0000000087c00000, 0x0000000087d00000, 0x0000000087d00000|100%| O|  |TAMS 0x0000000087c00000| PB 0x0000000087c00000| Untracked 
| 125|0x0000000087d00000, 0x0000000087e00000, 0x0000000087e00000|100%| O|  |TAMS 0x0000000087d00000| PB 0x0000000087d00000| Untracked 
| 126|0x0000000087e00000, 0x0000000087f00000, 0x0000000087f00000|100%| O|  |TAMS 0x0000000087e00000| PB 0x0000000087e00000| Untracked 
| 127|0x0000000087f00000, 0x0000000088000000, 0x0000000088000000|100%| O|  |TAMS 0x0000000087f00000| PB 0x0000000087f00000| Untracked 
| 128|0x0000000088000000, 0x0000000088100000, 0x0000000088100000|100%| O|  |TAMS 0x0000000088000000| PB 0x0000000088000000| Untracked 
| 129|0x0000000088100000, 0x0000000088100000, 0x0000000088200000|  0%| F|  |TAMS 0x0000000088100000| PB 0x0000000088100000| Untracked 
| 130|0x0000000088200000, 0x0000000088300000, 0x0000000088300000|100%| O|  |TAMS 0x0000000088200000| PB 0x0000000088200000| Untracked 
| 131|0x0000000088300000, 0x0000000088400000, 0x0000000088400000|100%| O|  |TAMS 0x0000000088300000| PB 0x0000000088300000| Untracked 
| 132|0x0000000088400000, 0x0000000088500000, 0x0000000088500000|100%| O|  |TAMS 0x0000000088400000| PB 0x0000000088400000| Untracked 
| 133|0x0000000088500000, 0x0000000088500000, 0x0000000088600000|  0%| F|  |TAMS 0x0000000088500000| PB 0x0000000088500000| Untracked 
| 134|0x0000000088600000, 0x0000000088600000, 0x0000000088700000|  0%| F|  |TAMS 0x0000000088600000| PB 0x0000000088600000| Untracked 
| 135|0x0000000088700000, 0x0000000088800000, 0x0000000088800000|100%| O|  |TAMS 0x0000000088700000| PB 0x0000000088700000| Untracked 
| 136|0x0000000088800000, 0x0000000088800000, 0x0000000088900000|  0%| F|  |TAMS 0x0000000088800000| PB 0x0000000088800000| Untracked 
| 137|0x0000000088900000, 0x0000000088a00000, 0x0000000088a00000|100%| O|  |TAMS 0x0000000088900000| PB 0x0000000088900000| Untracked 
| 138|0x0000000088a00000, 0x0000000088b00000, 0x0000000088b00000|100%| O|  |TAMS 0x0000000088a00000| PB 0x0000000088a00000| Untracked 
| 139|0x0000000088b00000, 0x0000000088c00000, 0x0000000088c00000|100%| O|  |TAMS 0x0000000088b00000| PB 0x0000000088b00000| Untracked 
| 140|0x0000000088c00000, 0x0000000088c00000, 0x0000000088d00000|  0%| F|  |TAMS 0x0000000088c00000| PB 0x0000000088c00000| Untracked 
| 141|0x0000000088d00000, 0x0000000088e00000, 0x0000000088e00000|100%| O|  |TAMS 0x0000000088d00000| PB 0x0000000088d00000| Untracked 
| 142|0x0000000088e00000, 0x0000000088f00000, 0x0000000088f00000|100%| O|  |TAMS 0x0000000088e00000| PB 0x0000000088e00000| Untracked 
| 143|0x0000000088f00000, 0x0000000089000000, 0x0000000089000000|100%|HS|  |TAMS 0x0000000088f00000| PB 0x0000000088f00000| Complete 
| 144|0x0000000089000000, 0x0000000089100000, 0x0000000089100000|100%|HC|  |TAMS 0x0000000089000000| PB 0x0000000089000000| Complete 
| 145|0x0000000089100000, 0x0000000089100000, 0x0000000089200000|  0%| F|  |TAMS 0x0000000089100000| PB 0x0000000089100000| Untracked 
| 146|0x0000000089200000, 0x0000000089300000, 0x0000000089300000|100%| O|  |TAMS 0x0000000089200000| PB 0x0000000089200000| Untracked 
| 147|0x0000000089300000, 0x0000000089400000, 0x0000000089400000|100%| O|  |TAMS 0x0000000089300000| PB 0x0000000089300000| Untracked 
| 148|0x0000000089400000, 0x0000000089500000, 0x0000000089500000|100%| O|  |TAMS 0x0000000089400000| PB 0x0000000089400000| Untracked 
| 149|0x0000000089500000, 0x0000000089600000, 0x0000000089600000|100%| O|  |TAMS 0x0000000089500000| PB 0x0000000089500000| Untracked 
| 150|0x0000000089600000, 0x0000000089700000, 0x0000000089700000|100%| O|  |TAMS 0x0000000089600000| PB 0x0000000089600000| Untracked 
| 151|0x0000000089700000, 0x0000000089800000, 0x0000000089800000|100%| O|  |TAMS 0x0000000089700000| PB 0x0000000089700000| Untracked 
| 152|0x0000000089800000, 0x0000000089900000, 0x0000000089900000|100%| O|  |TAMS 0x0000000089800000| PB 0x0000000089800000| Untracked 
| 153|0x0000000089900000, 0x0000000089900000, 0x0000000089a00000|  0%| F|  |TAMS 0x0000000089900000| PB 0x0000000089900000| Untracked 
| 154|0x0000000089a00000, 0x0000000089b00000, 0x0000000089b00000|100%| O|  |TAMS 0x0000000089a00000| PB 0x0000000089a00000| Untracked 
| 155|0x0000000089b00000, 0x0000000089c00000, 0x0000000089c00000|100%| O|  |TAMS 0x0000000089b00000| PB 0x0000000089b00000| Untracked 
| 156|0x0000000089c00000, 0x0000000089d00000, 0x0000000089d00000|100%| O|  |TAMS 0x0000000089c00000| PB 0x0000000089c00000| Untracked 
| 157|0x0000000089d00000, 0x0000000089e00000, 0x0000000089e00000|100%| O|  |TAMS 0x0000000089d00000| PB 0x0000000089d00000| Untracked 
| 158|0x0000000089e00000, 0x0000000089f00000, 0x0000000089f00000|100%| O|  |TAMS 0x0000000089e00000| PB 0x0000000089e00000| Untracked 
| 159|0x0000000089f00000, 0x000000008a000000, 0x000000008a000000|100%| O|  |TAMS 0x0000000089f00000| PB 0x0000000089f00000| Untracked 
| 160|0x000000008a000000, 0x000000008a100000, 0x000000008a100000|100%| O|  |TAMS 0x000000008a000000| PB 0x000000008a000000| Untracked 
| 161|0x000000008a100000, 0x000000008a200000, 0x000000008a200000|100%| O|  |TAMS 0x000000008a100000| PB 0x000000008a100000| Untracked 
| 162|0x000000008a200000, 0x000000008a200000, 0x000000008a300000|  0%| F|  |TAMS 0x000000008a200000| PB 0x000000008a200000| Untracked 
| 163|0x000000008a300000, 0x000000008a400000, 0x000000008a400000|100%| O|  |TAMS 0x000000008a300000| PB 0x000000008a300000| Untracked 
| 164|0x000000008a400000, 0x000000008a500000, 0x000000008a500000|100%| O|  |TAMS 0x000000008a400000| PB 0x000000008a400000| Untracked 
| 165|0x000000008a500000, 0x000000008a600000, 0x000000008a600000|100%| O|  |TAMS 0x000000008a500000| PB 0x000000008a500000| Untracked 
| 166|0x000000008a600000, 0x000000008a700000, 0x000000008a700000|100%| O|  |TAMS 0x000000008a600000| PB 0x000000008a600000| Untracked 
| 167|0x000000008a700000, 0x000000008a800000, 0x000000008a800000|100%| O|  |TAMS 0x000000008a700000| PB 0x000000008a700000| Untracked 
| 168|0x000000008a800000, 0x000000008a900000, 0x000000008a900000|100%| O|  |TAMS 0x000000008a800000| PB 0x000000008a800000| Untracked 
| 169|0x000000008a900000, 0x000000008aa00000, 0x000000008aa00000|100%| O|  |TAMS 0x000000008a900000| PB 0x000000008a900000| Untracked 
| 170|0x000000008aa00000, 0x000000008ab00000, 0x000000008ab00000|100%| O|  |TAMS 0x000000008aa00000| PB 0x000000008aa00000| Untracked 
| 171|0x000000008ab00000, 0x000000008ab00000, 0x000000008ac00000|  0%| F|  |TAMS 0x000000008ab00000| PB 0x000000008ab00000| Untracked 
| 172|0x000000008ac00000, 0x000000008ac00000, 0x000000008ad00000|  0%| F|  |TAMS 0x000000008ac00000| PB 0x000000008ac00000| Untracked 
| 173|0x000000008ad00000, 0x000000008ae00000, 0x000000008ae00000|100%| O|  |TAMS 0x000000008ad00000| PB 0x000000008ad00000| Untracked 
| 174|0x000000008ae00000, 0x000000008af00000, 0x000000008af00000|100%| O|  |TAMS 0x000000008ae00000| PB 0x000000008ae00000| Untracked 
| 175|0x000000008af00000, 0x000000008b000000, 0x000000008b000000|100%| O|  |TAMS 0x000000008af00000| PB 0x000000008af00000| Untracked 
| 176|0x000000008b000000, 0x000000008b100000, 0x000000008b100000|100%| O|  |TAMS 0x000000008b000000| PB 0x000000008b000000| Untracked 
| 177|0x000000008b100000, 0x000000008b200000, 0x000000008b200000|100%| O|  |TAMS 0x000000008b100000| PB 0x000000008b100000| Untracked 
| 178|0x000000008b200000, 0x000000008b300000, 0x000000008b300000|100%| O|  |TAMS 0x000000008b200000| PB 0x000000008b200000| Untracked 
| 179|0x000000008b300000, 0x000000008b300000, 0x000000008b400000|  0%| F|  |TAMS 0x000000008b300000| PB 0x000000008b300000| Untracked 
| 180|0x000000008b400000, 0x000000008b500000, 0x000000008b500000|100%| O|  |TAMS 0x000000008b400000| PB 0x000000008b400000| Untracked 
| 181|0x000000008b500000, 0x000000008b600000, 0x000000008b600000|100%| O|  |TAMS 0x000000008b500000| PB 0x000000008b500000| Untracked 
| 182|0x000000008b600000, 0x000000008b700000, 0x000000008b700000|100%| O|  |TAMS 0x000000008b600000| PB 0x000000008b600000| Untracked 
| 183|0x000000008b700000, 0x000000008b800000, 0x000000008b800000|100%| O|  |TAMS 0x000000008b700000| PB 0x000000008b700000| Untracked 
| 184|0x000000008b800000, 0x000000008b900000, 0x000000008b900000|100%| O|  |TAMS 0x000000008b800000| PB 0x000000008b800000| Untracked 
| 185|0x000000008b900000, 0x000000008ba00000, 0x000000008ba00000|100%| O|  |TAMS 0x000000008b900000| PB 0x000000008b900000| Untracked 
| 186|0x000000008ba00000, 0x000000008ba00000, 0x000000008bb00000|  0%| F|  |TAMS 0x000000008ba00000| PB 0x000000008ba00000| Untracked 
| 187|0x000000008bb00000, 0x000000008bb00000, 0x000000008bc00000|  0%| F|  |TAMS 0x000000008bb00000| PB 0x000000008bb00000| Untracked 
| 188|0x000000008bc00000, 0x000000008bd00000, 0x000000008bd00000|100%| O|  |TAMS 0x000000008bc00000| PB 0x000000008bc00000| Untracked 
| 189|0x000000008bd00000, 0x000000008be00000, 0x000000008be00000|100%|HS|  |TAMS 0x000000008bd00000| PB 0x000000008bd00000| Complete 
| 190|0x000000008be00000, 0x000000008bf00000, 0x000000008bf00000|100%|HC|  |TAMS 0x000000008be00000| PB 0x000000008be00000| Complete 
| 191|0x000000008bf00000, 0x000000008c000000, 0x000000008c000000|100%|HC|  |TAMS 0x000000008bf00000| PB 0x000000008bf00000| Complete 
| 192|0x000000008c000000, 0x000000008c100000, 0x000000008c100000|100%|HC|  |TAMS 0x000000008c000000| PB 0x000000008c000000| Complete 
| 193|0x000000008c100000, 0x000000008c200000, 0x000000008c200000|100%|HC|  |TAMS 0x000000008c100000| PB 0x000000008c100000| Complete 
| 194|0x000000008c200000, 0x000000008c300000, 0x000000008c300000|100%|HC|  |TAMS 0x000000008c200000| PB 0x000000008c200000| Complete 
| 195|0x000000008c300000, 0x000000008c400000, 0x000000008c400000|100%|HC|  |TAMS 0x000000008c300000| PB 0x000000008c300000| Complete 
| 196|0x000000008c400000, 0x000000008c500000, 0x000000008c500000|100%| O|  |TAMS 0x000000008c400000| PB 0x000000008c400000| Untracked 
| 197|0x000000008c500000, 0x000000008c600000, 0x000000008c600000|100%| O|  |TAMS 0x000000008c500000| PB 0x000000008c500000| Untracked 
| 198|0x000000008c600000, 0x000000008c700000, 0x000000008c700000|100%| O|  |TAMS 0x000000008c600000| PB 0x000000008c600000| Untracked 
| 199|0x000000008c700000, 0x000000008c800000, 0x000000008c800000|100%| O|  |TAMS 0x000000008c700000| PB 0x000000008c700000| Untracked 
| 200|0x000000008c800000, 0x000000008c900000, 0x000000008c900000|100%| O|  |TAMS 0x000000008c800000| PB 0x000000008c800000| Untracked 
| 201|0x000000008c900000, 0x000000008ca00000, 0x000000008ca00000|100%| O|  |TAMS 0x000000008c900000| PB 0x000000008c900000| Untracked 
| 202|0x000000008ca00000, 0x000000008ca00000, 0x000000008cb00000|  0%| F|  |TAMS 0x000000008ca00000| PB 0x000000008ca00000| Untracked 
| 203|0x000000008cb00000, 0x000000008cc00000, 0x000000008cc00000|100%| O|  |TAMS 0x000000008cb00000| PB 0x000000008cb00000| Untracked 
| 204|0x000000008cc00000, 0x000000008cd00000, 0x000000008cd00000|100%| O|  |TAMS 0x000000008cc00000| PB 0x000000008cc00000| Untracked 
| 205|0x000000008cd00000, 0x000000008ce00000, 0x000000008ce00000|100%| O|  |TAMS 0x000000008cd00000| PB 0x000000008cd00000| Untracked 
| 206|0x000000008ce00000, 0x000000008cf00000, 0x000000008cf00000|100%| O|  |TAMS 0x000000008ce00000| PB 0x000000008ce00000| Untracked 
| 207|0x000000008cf00000, 0x000000008cf00000, 0x000000008d000000|  0%| F|  |TAMS 0x000000008cf00000| PB 0x000000008cf00000| Untracked 
| 208|0x000000008d000000, 0x000000008d100000, 0x000000008d100000|100%| O|  |TAMS 0x000000008d000000| PB 0x000000008d000000| Untracked 
| 209|0x000000008d100000, 0x000000008d200000, 0x000000008d200000|100%| O|  |TAMS 0x000000008d100000| PB 0x000000008d100000| Untracked 
| 210|0x000000008d200000, 0x000000008d300000, 0x000000008d300000|100%| O|  |TAMS 0x000000008d200000| PB 0x000000008d200000| Untracked 
| 211|0x000000008d300000, 0x000000008d300000, 0x000000008d400000|  0%| F|  |TAMS 0x000000008d300000| PB 0x000000008d300000| Untracked 
| 212|0x000000008d400000, 0x000000008d500000, 0x000000008d500000|100%| O|  |TAMS 0x000000008d400000| PB 0x000000008d400000| Untracked 
| 213|0x000000008d500000, 0x000000008d600000, 0x000000008d600000|100%| O|  |TAMS 0x000000008d500000| PB 0x000000008d500000| Untracked 
| 214|0x000000008d600000, 0x000000008d700000, 0x000000008d700000|100%| O|  |TAMS 0x000000008d600000| PB 0x000000008d600000| Untracked 
| 215|0x000000008d700000, 0x000000008d800000, 0x000000008d800000|100%| O|  |TAMS 0x000000008d700000| PB 0x000000008d700000| Untracked 
| 216|0x000000008d800000, 0x000000008d800000, 0x000000008d900000|  0%| F|  |TAMS 0x000000008d800000| PB 0x000000008d800000| Untracked 
| 217|0x000000008d900000, 0x000000008da00000, 0x000000008da00000|100%| O|  |TAMS 0x000000008d900000| PB 0x000000008d900000| Untracked 
| 218|0x000000008da00000, 0x000000008da00000, 0x000000008db00000|  0%| F|  |TAMS 0x000000008da00000| PB 0x000000008da00000| Untracked 
| 219|0x000000008db00000, 0x000000008dc00000, 0x000000008dc00000|100%| O|  |TAMS 0x000000008db00000| PB 0x000000008db00000| Untracked 
| 220|0x000000008dc00000, 0x000000008dc00000, 0x000000008dd00000|  0%| F|  |TAMS 0x000000008dc00000| PB 0x000000008dc00000| Untracked 
| 221|0x000000008dd00000, 0x000000008de00000, 0x000000008de00000|100%| O|  |TAMS 0x000000008dd00000| PB 0x000000008dd00000| Untracked 
| 222|0x000000008de00000, 0x000000008df00000, 0x000000008df00000|100%| O|  |TAMS 0x000000008de00000| PB 0x000000008de00000| Untracked 
| 223|0x000000008df00000, 0x000000008e000000, 0x000000008e000000|100%| O|  |TAMS 0x000000008df00000| PB 0x000000008df00000| Untracked 
| 224|0x000000008e000000, 0x000000008e100000, 0x000000008e100000|100%| O|  |TAMS 0x000000008e000000| PB 0x000000008e000000| Untracked 
| 225|0x000000008e100000, 0x000000008e200000, 0x000000008e200000|100%| O|  |TAMS 0x000000008e100000| PB 0x000000008e100000| Untracked 
| 226|0x000000008e200000, 0x000000008e300000, 0x000000008e300000|100%| O|  |TAMS 0x000000008e200000| PB 0x000000008e200000| Untracked 
| 227|0x000000008e300000, 0x000000008e300000, 0x000000008e400000|  0%| F|  |TAMS 0x000000008e300000| PB 0x000000008e300000| Untracked 
| 228|0x000000008e400000, 0x000000008e500000, 0x000000008e500000|100%| O|  |TAMS 0x000000008e400000| PB 0x000000008e400000| Untracked 
| 229|0x000000008e500000, 0x000000008e500000, 0x000000008e600000|  0%| F|  |TAMS 0x000000008e500000| PB 0x000000008e500000| Untracked 
| 230|0x000000008e600000, 0x000000008e700000, 0x000000008e700000|100%| O|  |TAMS 0x000000008e600000| PB 0x000000008e600000| Untracked 
| 231|0x000000008e700000, 0x000000008e700000, 0x000000008e800000|  0%| F|  |TAMS 0x000000008e700000| PB 0x000000008e700000| Untracked 
| 232|0x000000008e800000, 0x000000008e900000, 0x000000008e900000|100%| O|  |TAMS 0x000000008e800000| PB 0x000000008e800000| Untracked 
| 233|0x000000008e900000, 0x000000008ea00000, 0x000000008ea00000|100%| O|  |TAMS 0x000000008e900000| PB 0x000000008e900000| Untracked 
| 234|0x000000008ea00000, 0x000000008eb00000, 0x000000008eb00000|100%| O|  |TAMS 0x000000008ea00000| PB 0x000000008ea00000| Untracked 
| 235|0x000000008eb00000, 0x000000008ec00000, 0x000000008ec00000|100%| O|  |TAMS 0x000000008eb00000| PB 0x000000008eb00000| Untracked 
| 236|0x000000008ec00000, 0x000000008ec00000, 0x000000008ed00000|  0%| F|  |TAMS 0x000000008ec00000| PB 0x000000008ec00000| Untracked 
| 237|0x000000008ed00000, 0x000000008ee00000, 0x000000008ee00000|100%| O|  |TAMS 0x000000008ed00000| PB 0x000000008ed00000| Untracked 
| 238|0x000000008ee00000, 0x000000008ef00000, 0x000000008ef00000|100%| O|  |TAMS 0x000000008ee00000| PB 0x000000008ee00000| Untracked 
| 239|0x000000008ef00000, 0x000000008f000000, 0x000000008f000000|100%| O|  |TAMS 0x000000008ef00000| PB 0x000000008ef00000| Untracked 
| 240|0x000000008f000000, 0x000000008f100000, 0x000000008f100000|100%| O|  |TAMS 0x000000008f000000| PB 0x000000008f000000| Untracked 
| 241|0x000000008f100000, 0x000000008f200000, 0x000000008f200000|100%| O|  |TAMS 0x000000008f100000| PB 0x000000008f100000| Untracked 
| 242|0x000000008f200000, 0x000000008f300000, 0x000000008f300000|100%| O|  |TAMS 0x000000008f200000| PB 0x000000008f200000| Untracked 
| 243|0x000000008f300000, 0x000000008f400000, 0x000000008f400000|100%| O|  |TAMS 0x000000008f300000| PB 0x000000008f300000| Untracked 
| 244|0x000000008f400000, 0x000000008f500000, 0x000000008f500000|100%| O|  |TAMS 0x000000008f400000| PB 0x000000008f400000| Untracked 
| 245|0x000000008f500000, 0x000000008f600000, 0x000000008f600000|100%| O|  |TAMS 0x000000008f500000| PB 0x000000008f500000| Untracked 
| 246|0x000000008f600000, 0x000000008f700000, 0x000000008f700000|100%| O|  |TAMS 0x000000008f600000| PB 0x000000008f600000| Untracked 
| 247|0x000000008f700000, 0x000000008f800000, 0x000000008f800000|100%| O|  |TAMS 0x000000008f700000| PB 0x000000008f700000| Untracked 
| 248|0x000000008f800000, 0x000000008f900000, 0x000000008f900000|100%| O|  |TAMS 0x000000008f800000| PB 0x000000008f800000| Untracked 
| 249|0x000000008f900000, 0x000000008fa00000, 0x000000008fa00000|100%| O|  |TAMS 0x000000008f900000| PB 0x000000008f900000| Untracked 
| 250|0x000000008fa00000, 0x000000008fb00000, 0x000000008fb00000|100%| O|  |TAMS 0x000000008fa00000| PB 0x000000008fa00000| Untracked 
| 251|0x000000008fb00000, 0x000000008fb00000, 0x000000008fc00000|  0%| F|  |TAMS 0x000000008fb00000| PB 0x000000008fb00000| Untracked 
| 252|0x000000008fc00000, 0x000000008fc80000, 0x000000008fd00000| 50%| O|  |TAMS 0x000000008fc00000| PB 0x000000008fc00000| Untracked 
| 253|0x000000008fd00000, 0x000000008fd00000, 0x000000008fe00000|  0%| F|  |TAMS 0x000000008fd00000| PB 0x000000008fd00000| Untracked 
| 254|0x000000008fe00000, 0x000000008fe00000, 0x000000008ff00000|  0%| F|  |TAMS 0x000000008fe00000| PB 0x000000008fe00000| Untracked 
| 255|0x000000008ff00000, 0x000000008ff58740, 0x0000000090000000| 34%| S|CS|TAMS 0x000000008ff00000| PB 0x000000008ff00000| Complete 
| 256|0x0000000090000000, 0x0000000090000000, 0x0000000090100000|  0%| F|  |TAMS 0x0000000090000000| PB 0x0000000090000000| Untracked 
| 257|0x0000000090100000, 0x0000000090200000, 0x0000000090200000|100%| S|CS|TAMS 0x0000000090100000| PB 0x0000000090100000| Complete 
| 258|0x0000000090200000, 0x0000000090200000, 0x0000000090300000|  0%| F|  |TAMS 0x0000000090200000| PB 0x0000000090200000| Untracked 
| 259|0x0000000090300000, 0x0000000090400000, 0x0000000090400000|100%| S|CS|TAMS 0x0000000090300000| PB 0x0000000090300000| Complete 
| 260|0x0000000090400000, 0x0000000090400000, 0x0000000090500000|  0%| F|  |TAMS 0x0000000090400000| PB 0x0000000090400000| Untracked 
| 261|0x0000000090500000, 0x0000000090500000, 0x0000000090600000|  0%| F|  |TAMS 0x0000000090500000| PB 0x0000000090500000| Untracked 
| 262|0x0000000090600000, 0x0000000090700000, 0x0000000090700000|100%| S|CS|TAMS 0x0000000090600000| PB 0x0000000090600000| Complete 
| 263|0x0000000090700000, 0x0000000090700000, 0x0000000090800000|  0%| F|  |TAMS 0x0000000090700000| PB 0x0000000090700000| Untracked 
| 264|0x0000000090800000, 0x0000000090900000, 0x0000000090900000|100%| O|  |TAMS 0x0000000090800000| PB 0x0000000090800000| Untracked 
| 265|0x0000000090900000, 0x0000000090a00000, 0x0000000090a00000|100%| S|CS|TAMS 0x0000000090900000| PB 0x0000000090900000| Complete 
| 266|0x0000000090a00000, 0x0000000090b00000, 0x0000000090b00000|100%| S|CS|TAMS 0x0000000090a00000| PB 0x0000000090a00000| Complete 
| 267|0x0000000090b00000, 0x0000000090c00000, 0x0000000090c00000|100%| O|  |TAMS 0x0000000090b00000| PB 0x0000000090b00000| Untracked 
| 268|0x0000000090c00000, 0x0000000090d00000, 0x0000000090d00000|100%| O|  |TAMS 0x0000000090c00000| PB 0x0000000090c00000| Untracked 
| 269|0x0000000090d00000, 0x0000000090e00000, 0x0000000090e00000|100%| O|  |TAMS 0x0000000090d00000| PB 0x0000000090d00000| Untracked 
| 270|0x0000000090e00000, 0x0000000090f00000, 0x0000000090f00000|100%| S|CS|TAMS 0x0000000090e00000| PB 0x0000000090e00000| Complete 
| 271|0x0000000090f00000, 0x0000000091000000, 0x0000000091000000|100%| S|CS|TAMS 0x0000000090f00000| PB 0x0000000090f00000| Complete 
| 272|0x0000000091000000, 0x0000000091100000, 0x0000000091100000|100%| O|  |TAMS 0x0000000091000000| PB 0x0000000091000000| Untracked 
| 273|0x0000000091100000, 0x0000000091200000, 0x0000000091200000|100%| O|  |TAMS 0x0000000091100000| PB 0x0000000091100000| Untracked 
| 274|0x0000000091200000, 0x0000000091300000, 0x0000000091300000|100%| S|CS|TAMS 0x0000000091200000| PB 0x0000000091200000| Complete 
| 275|0x0000000091300000, 0x0000000091400000, 0x0000000091400000|100%| S|CS|TAMS 0x0000000091300000| PB 0x0000000091300000| Complete 
| 276|0x0000000091400000, 0x0000000091500000, 0x0000000091500000|100%| S|CS|TAMS 0x0000000091400000| PB 0x0000000091400000| Complete 
| 277|0x0000000091500000, 0x0000000091500000, 0x0000000091600000|  0%| F|  |TAMS 0x0000000091500000| PB 0x0000000091500000| Untracked 
| 278|0x0000000091600000, 0x0000000091700000, 0x0000000091700000|100%| S|CS|TAMS 0x0000000091600000| PB 0x0000000091600000| Complete 
| 279|0x0000000091700000, 0x0000000091800000, 0x0000000091800000|100%| O|  |TAMS 0x0000000091700000| PB 0x0000000091700000| Untracked 
| 280|0x0000000091800000, 0x0000000091900000, 0x0000000091900000|100%| O|  |TAMS 0x0000000091800000| PB 0x0000000091800000| Untracked 
| 281|0x0000000091900000, 0x0000000091900000, 0x0000000091a00000|  0%| F|  |TAMS 0x0000000091900000| PB 0x0000000091900000| Untracked 
| 282|0x0000000091a00000, 0x0000000091a00000, 0x0000000091b00000|  0%| F|  |TAMS 0x0000000091a00000| PB 0x0000000091a00000| Untracked 
| 283|0x0000000091b00000, 0x0000000091b00000, 0x0000000091c00000|  0%| F|  |TAMS 0x0000000091b00000| PB 0x0000000091b00000| Untracked 
| 284|0x0000000091c00000, 0x0000000091d00000, 0x0000000091d00000|100%| O|  |TAMS 0x0000000091c00000| PB 0x0000000091c00000| Untracked 
| 285|0x0000000091d00000, 0x0000000091e00000, 0x0000000091e00000|100%| O|  |TAMS 0x0000000091d00000| PB 0x0000000091d00000| Untracked 
| 286|0x0000000091e00000, 0x0000000091f00000, 0x0000000091f00000|100%| O|  |TAMS 0x0000000091e00000| PB 0x0000000091e00000| Untracked 
| 287|0x0000000091f00000, 0x0000000091f00000, 0x0000000092000000|  0%| F|  |TAMS 0x0000000091f00000| PB 0x0000000091f00000| Untracked 
| 288|0x0000000092000000, 0x0000000092100000, 0x0000000092100000|100%| O|  |TAMS 0x0000000092000000| PB 0x0000000092000000| Untracked 
| 289|0x0000000092100000, 0x0000000092200000, 0x0000000092200000|100%| O|  |TAMS 0x0000000092100000| PB 0x0000000092100000| Untracked 
| 290|0x0000000092200000, 0x0000000092200000, 0x0000000092300000|  0%| F|  |TAMS 0x0000000092200000| PB 0x0000000092200000| Untracked 
| 291|0x0000000092300000, 0x0000000092300000, 0x0000000092400000|  0%| F|  |TAMS 0x0000000092300000| PB 0x0000000092300000| Untracked 
| 292|0x0000000092400000, 0x0000000092500000, 0x0000000092500000|100%| O|  |TAMS 0x0000000092400000| PB 0x0000000092400000| Untracked 
| 293|0x0000000092500000, 0x0000000092500000, 0x0000000092600000|  0%| F|  |TAMS 0x0000000092500000| PB 0x0000000092500000| Untracked 
| 294|0x0000000092600000, 0x0000000092700000, 0x0000000092700000|100%| O|  |TAMS 0x0000000092600000| PB 0x0000000092600000| Untracked 
| 295|0x0000000092700000, 0x0000000092800000, 0x0000000092800000|100%| S|CS|TAMS 0x0000000092700000| PB 0x0000000092700000| Complete 
| 296|0x0000000092800000, 0x0000000092900000, 0x0000000092900000|100%| O|  |TAMS 0x0000000092800000| PB 0x0000000092800000| Untracked 
| 297|0x0000000092900000, 0x0000000092900000, 0x0000000092a00000|  0%| F|  |TAMS 0x0000000092900000| PB 0x0000000092900000| Untracked 
| 298|0x0000000092a00000, 0x0000000092b00000, 0x0000000092b00000|100%| O|  |TAMS 0x0000000092a00000| PB 0x0000000092a00000| Untracked 
| 299|0x0000000092b00000, 0x0000000092b00000, 0x0000000092c00000|  0%| F|  |TAMS 0x0000000092b00000| PB 0x0000000092b00000| Untracked 
| 300|0x0000000092c00000, 0x0000000092d00000, 0x0000000092d00000|100%| O|  |TAMS 0x0000000092c00000| PB 0x0000000092c00000| Untracked 
| 301|0x0000000092d00000, 0x0000000092e00000, 0x0000000092e00000|100%| O|  |TAMS 0x0000000092d00000| PB 0x0000000092d00000| Untracked 
| 302|0x0000000092e00000, 0x0000000092f00000, 0x0000000092f00000|100%| O|  |TAMS 0x0000000092e00000| PB 0x0000000092e00000| Untracked 
| 303|0x0000000092f00000, 0x0000000093000000, 0x0000000093000000|100%| O|  |TAMS 0x0000000092f00000| PB 0x0000000092f00000| Untracked 
| 304|0x0000000093000000, 0x0000000093100000, 0x0000000093100000|100%| O|  |TAMS 0x0000000093000000| PB 0x0000000093000000| Untracked 
| 305|0x0000000093100000, 0x0000000093200000, 0x0000000093200000|100%| O|  |TAMS 0x0000000093100000| PB 0x0000000093100000| Untracked 
| 306|0x0000000093200000, 0x0000000093300000, 0x0000000093300000|100%| O|  |TAMS 0x0000000093200000| PB 0x0000000093200000| Untracked 
| 307|0x0000000093300000, 0x0000000093400000, 0x0000000093400000|100%| O|  |TAMS 0x0000000093300000| PB 0x0000000093300000| Untracked 
| 308|0x0000000093400000, 0x0000000093400000, 0x0000000093500000|  0%| F|  |TAMS 0x0000000093400000| PB 0x0000000093400000| Untracked 
| 309|0x0000000093500000, 0x0000000093600000, 0x0000000093600000|100%| O|  |TAMS 0x0000000093500000| PB 0x0000000093500000| Untracked 
| 310|0x0000000093600000, 0x0000000093600000, 0x0000000093700000|  0%| F|  |TAMS 0x0000000093600000| PB 0x0000000093600000| Untracked 
| 311|0x0000000093700000, 0x0000000093800000, 0x0000000093800000|100%| O|  |TAMS 0x0000000093700000| PB 0x0000000093700000| Untracked 
| 312|0x0000000093800000, 0x0000000093800000, 0x0000000093900000|  0%| F|  |TAMS 0x0000000093800000| PB 0x0000000093800000| Untracked 
| 313|0x0000000093900000, 0x0000000093a00000, 0x0000000093a00000|100%| O|  |TAMS 0x0000000093900000| PB 0x0000000093900000| Untracked 
| 314|0x0000000093a00000, 0x0000000093a00000, 0x0000000093b00000|  0%| F|  |TAMS 0x0000000093a00000| PB 0x0000000093a00000| Untracked 
| 315|0x0000000093b00000, 0x0000000093c00000, 0x0000000093c00000|100%| O|  |TAMS 0x0000000093b00000| PB 0x0000000093b00000| Untracked 
| 316|0x0000000093c00000, 0x0000000093d00000, 0x0000000093d00000|100%| O|  |TAMS 0x0000000093c00000| PB 0x0000000093c00000| Untracked 
| 317|0x0000000093d00000, 0x0000000093d00000, 0x0000000093e00000|  0%| F|  |TAMS 0x0000000093d00000| PB 0x0000000093d00000| Untracked 
| 318|0x0000000093e00000, 0x0000000093f00000, 0x0000000093f00000|100%| O|  |TAMS 0x0000000093e00000| PB 0x0000000093e00000| Untracked 
| 319|0x0000000093f00000, 0x0000000094000000, 0x0000000094000000|100%| O|  |TAMS 0x0000000093f00000| PB 0x0000000093f00000| Untracked 
| 320|0x0000000094000000, 0x0000000094100000, 0x0000000094100000|100%| O|  |TAMS 0x0000000094000000| PB 0x0000000094000000| Untracked 
| 321|0x0000000094100000, 0x0000000094100000, 0x0000000094200000|  0%| F|  |TAMS 0x0000000094100000| PB 0x0000000094100000| Untracked 
| 322|0x0000000094200000, 0x0000000094300000, 0x0000000094300000|100%| O|  |TAMS 0x0000000094200000| PB 0x0000000094200000| Untracked 
| 323|0x0000000094300000, 0x0000000094300000, 0x0000000094400000|  0%| F|  |TAMS 0x0000000094300000| PB 0x0000000094300000| Untracked 
| 324|0x0000000094400000, 0x0000000094500000, 0x0000000094500000|100%| O|  |TAMS 0x0000000094400000| PB 0x0000000094400000| Untracked 
| 325|0x0000000094500000, 0x0000000094600000, 0x0000000094600000|100%| O|  |TAMS 0x0000000094500000| PB 0x0000000094500000| Untracked 
| 326|0x0000000094600000, 0x0000000094700000, 0x0000000094700000|100%| O|  |TAMS 0x0000000094600000| PB 0x0000000094600000| Untracked 
| 327|0x0000000094700000, 0x0000000094800000, 0x0000000094800000|100%| O|  |TAMS 0x0000000094700000| PB 0x0000000094700000| Untracked 
| 328|0x0000000094800000, 0x0000000094900000, 0x0000000094900000|100%| O|  |TAMS 0x0000000094800000| PB 0x0000000094800000| Untracked 
| 329|0x0000000094900000, 0x0000000094a00000, 0x0000000094a00000|100%| O|  |TAMS 0x0000000094900000| PB 0x0000000094900000| Untracked 
| 330|0x0000000094a00000, 0x0000000094b00000, 0x0000000094b00000|100%| O|  |TAMS 0x0000000094a00000| PB 0x0000000094a00000| Untracked 
| 331|0x0000000094b00000, 0x0000000094c00000, 0x0000000094c00000|100%| O|  |TAMS 0x0000000094b00000| PB 0x0000000094b00000| Untracked 
| 332|0x0000000094c00000, 0x0000000094c00000, 0x0000000094d00000|  0%| F|  |TAMS 0x0000000094c00000| PB 0x0000000094c00000| Untracked 
| 333|0x0000000094d00000, 0x0000000094e00000, 0x0000000094e00000|100%| O|  |TAMS 0x0000000094d00000| PB 0x0000000094d00000| Untracked 
| 334|0x0000000094e00000, 0x0000000094e00000, 0x0000000094f00000|  0%| F|  |TAMS 0x0000000094e00000| PB 0x0000000094e00000| Untracked 
| 335|0x0000000094f00000, 0x0000000095000000, 0x0000000095000000|100%| O|  |TAMS 0x0000000094f00000| PB 0x0000000094f00000| Untracked 
| 336|0x0000000095000000, 0x0000000095100000, 0x0000000095100000|100%| O|  |TAMS 0x0000000095000000| PB 0x0000000095000000| Untracked 
| 337|0x0000000095100000, 0x0000000095200000, 0x0000000095200000|100%| O|  |TAMS 0x0000000095100000| PB 0x0000000095100000| Untracked 
| 338|0x0000000095200000, 0x0000000095300000, 0x0000000095300000|100%| O|  |TAMS 0x0000000095200000| PB 0x0000000095200000| Untracked 
| 339|0x0000000095300000, 0x0000000095400000, 0x0000000095400000|100%| O|  |TAMS 0x0000000095300000| PB 0x0000000095300000| Untracked 
| 340|0x0000000095400000, 0x0000000095500000, 0x0000000095500000|100%| O|  |TAMS 0x0000000095400000| PB 0x0000000095400000| Untracked 
| 341|0x0000000095500000, 0x0000000095500000, 0x0000000095600000|  0%| F|  |TAMS 0x0000000095500000| PB 0x0000000095500000| Untracked 
| 342|0x0000000095600000, 0x0000000095600000, 0x0000000095700000|  0%| F|  |TAMS 0x0000000095600000| PB 0x0000000095600000| Untracked 
| 343|0x0000000095700000, 0x0000000095800000, 0x0000000095800000|100%| O|  |TAMS 0x0000000095700000| PB 0x0000000095700000| Untracked 
| 344|0x0000000095800000, 0x0000000095900000, 0x0000000095900000|100%| O|  |TAMS 0x0000000095800000| PB 0x0000000095800000| Untracked 
| 345|0x0000000095900000, 0x0000000095a00000, 0x0000000095a00000|100%| O|  |TAMS 0x0000000095900000| PB 0x0000000095900000| Untracked 
| 346|0x0000000095a00000, 0x0000000095b00000, 0x0000000095b00000|100%| O|  |TAMS 0x0000000095a00000| PB 0x0000000095a00000| Untracked 
| 347|0x0000000095b00000, 0x0000000095c00000, 0x0000000095c00000|100%| O|  |TAMS 0x0000000095b00000| PB 0x0000000095b00000| Untracked 
| 348|0x0000000095c00000, 0x0000000095d00000, 0x0000000095d00000|100%| O|  |TAMS 0x0000000095c00000| PB 0x0000000095c00000| Untracked 
| 349|0x0000000095d00000, 0x0000000095e00000, 0x0000000095e00000|100%| O|  |TAMS 0x0000000095d00000| PB 0x0000000095d00000| Untracked 
| 350|0x0000000095e00000, 0x0000000095f00000, 0x0000000095f00000|100%| O|  |TAMS 0x0000000095e00000| PB 0x0000000095e00000| Untracked 
| 351|0x0000000095f00000, 0x0000000096000000, 0x0000000096000000|100%| O|  |TAMS 0x0000000095f00000| PB 0x0000000095f00000| Untracked 
| 352|0x0000000096000000, 0x0000000096000000, 0x0000000096100000|  0%| F|  |TAMS 0x0000000096000000| PB 0x0000000096000000| Untracked 
| 353|0x0000000096100000, 0x0000000096100000, 0x0000000096200000|  0%| F|  |TAMS 0x0000000096100000| PB 0x0000000096100000| Untracked 
| 354|0x0000000096200000, 0x0000000096300000, 0x0000000096300000|100%| O|  |TAMS 0x0000000096200000| PB 0x0000000096200000| Untracked 
| 355|0x0000000096300000, 0x0000000096400000, 0x0000000096400000|100%| O|  |TAMS 0x0000000096300000| PB 0x0000000096300000| Untracked 
| 356|0x0000000096400000, 0x0000000096500000, 0x0000000096500000|100%| S|CS|TAMS 0x0000000096400000| PB 0x0000000096400000| Complete 
| 357|0x0000000096500000, 0x0000000096600000, 0x0000000096600000|100%| S|CS|TAMS 0x0000000096500000| PB 0x0000000096500000| Complete 
| 358|0x0000000096600000, 0x0000000096600000, 0x0000000096700000|  0%| F|  |TAMS 0x0000000096600000| PB 0x0000000096600000| Untracked 
| 359|0x0000000096700000, 0x0000000096800000, 0x0000000096800000|100%| O|  |TAMS 0x0000000096700000| PB 0x0000000096700000| Untracked 
| 360|0x0000000096800000, 0x0000000096800000, 0x0000000096900000|  0%| F|  |TAMS 0x0000000096800000| PB 0x0000000096800000| Untracked 
| 361|0x0000000096900000, 0x0000000096a00000, 0x0000000096a00000|100%| O|  |TAMS 0x0000000096900000| PB 0x0000000096900000| Untracked 
| 362|0x0000000096a00000, 0x0000000096a00000, 0x0000000096b00000|  0%| F|  |TAMS 0x0000000096a00000| PB 0x0000000096a00000| Untracked 
| 363|0x0000000096b00000, 0x0000000096b00000, 0x0000000096c00000|  0%| F|  |TAMS 0x0000000096b00000| PB 0x0000000096b00000| Untracked 
| 364|0x0000000096c00000, 0x0000000096d00000, 0x0000000096d00000|100%| O|  |TAMS 0x0000000096c00000| PB 0x0000000096c00000| Untracked 
| 365|0x0000000096d00000, 0x0000000096e00000, 0x0000000096e00000|100%| O|  |TAMS 0x0000000096d00000| PB 0x0000000096d00000| Untracked 
| 366|0x0000000096e00000, 0x0000000096f00000, 0x0000000096f00000|100%| O|  |TAMS 0x0000000096e00000| PB 0x0000000096e00000| Untracked 
| 367|0x0000000096f00000, 0x0000000097000000, 0x0000000097000000|100%| O|  |TAMS 0x0000000096f00000| PB 0x0000000096f00000| Untracked 
| 368|0x0000000097000000, 0x0000000097100000, 0x0000000097100000|100%| O|  |TAMS 0x0000000097000000| PB 0x0000000097000000| Untracked 
| 369|0x0000000097100000, 0x0000000097200000, 0x0000000097200000|100%| O|  |TAMS 0x0000000097100000| PB 0x0000000097100000| Untracked 
| 370|0x0000000097200000, 0x0000000097300000, 0x0000000097300000|100%| O|  |TAMS 0x0000000097200000| PB 0x0000000097200000| Untracked 
| 371|0x0000000097300000, 0x0000000097400000, 0x0000000097400000|100%| O|  |TAMS 0x0000000097300000| PB 0x0000000097300000| Untracked 
| 372|0x0000000097400000, 0x0000000097400000, 0x0000000097500000|  0%| F|  |TAMS 0x0000000097400000| PB 0x0000000097400000| Untracked 
| 373|0x0000000097500000, 0x0000000097500000, 0x0000000097600000|  0%| F|  |TAMS 0x0000000097500000| PB 0x0000000097500000| Untracked 
| 374|0x0000000097600000, 0x0000000097700000, 0x0000000097700000|100%| O|  |TAMS 0x0000000097600000| PB 0x0000000097600000| Untracked 
| 375|0x0000000097700000, 0x0000000097700000, 0x0000000097800000|  0%| F|  |TAMS 0x0000000097700000| PB 0x0000000097700000| Untracked 
| 376|0x0000000097800000, 0x0000000097900000, 0x0000000097900000|100%| O|  |TAMS 0x0000000097800000| PB 0x0000000097800000| Untracked 
| 377|0x0000000097900000, 0x0000000097a00000, 0x0000000097a00000|100%| O|  |TAMS 0x0000000097900000| PB 0x0000000097900000| Untracked 
| 378|0x0000000097a00000, 0x0000000097b00000, 0x0000000097b00000|100%| S|CS|TAMS 0x0000000097a00000| PB 0x0000000097a00000| Complete 
| 379|0x0000000097b00000, 0x0000000097c00000, 0x0000000097c00000|100%| S|CS|TAMS 0x0000000097b00000| PB 0x0000000097b00000| Complete 
| 380|0x0000000097c00000, 0x0000000097d00000, 0x0000000097d00000|100%| S|CS|TAMS 0x0000000097c00000| PB 0x0000000097c00000| Complete 
| 381|0x0000000097d00000, 0x0000000097e00000, 0x0000000097e00000|100%| S|CS|TAMS 0x0000000097d00000| PB 0x0000000097d00000| Complete 
| 382|0x0000000097e00000, 0x0000000097f00000, 0x0000000097f00000|100%| S|CS|TAMS 0x0000000097e00000| PB 0x0000000097e00000| Complete 
| 383|0x0000000097f00000, 0x0000000098000000, 0x0000000098000000|100%| S|CS|TAMS 0x0000000097f00000| PB 0x0000000097f00000| Complete 
| 384|0x0000000098000000, 0x0000000098000000, 0x0000000098100000|  0%| F|  |TAMS 0x0000000098000000| PB 0x0000000098000000| Untracked 
| 385|0x0000000098100000, 0x0000000098100000, 0x0000000098200000|  0%| F|  |TAMS 0x0000000098100000| PB 0x0000000098100000| Untracked 
| 386|0x0000000098200000, 0x0000000098200000, 0x0000000098300000|  0%| F|  |TAMS 0x0000000098200000| PB 0x0000000098200000| Untracked 
| 387|0x0000000098300000, 0x0000000098300000, 0x0000000098400000|  0%| F|  |TAMS 0x0000000098300000| PB 0x0000000098300000| Untracked 
| 388|0x0000000098400000, 0x0000000098400000, 0x0000000098500000|  0%| F|  |TAMS 0x0000000098400000| PB 0x0000000098400000| Untracked 
| 389|0x0000000098500000, 0x0000000098500000, 0x0000000098600000|  0%| F|  |TAMS 0x0000000098500000| PB 0x0000000098500000| Untracked 
| 390|0x0000000098600000, 0x0000000098600000, 0x0000000098700000|  0%| F|  |TAMS 0x0000000098600000| PB 0x0000000098600000| Untracked 
| 391|0x0000000098700000, 0x0000000098700000, 0x0000000098800000|  0%| F|  |TAMS 0x0000000098700000| PB 0x0000000098700000| Untracked 
| 392|0x0000000098800000, 0x0000000098800000, 0x0000000098900000|  0%| F|  |TAMS 0x0000000098800000| PB 0x0000000098800000| Untracked 
| 393|0x0000000098900000, 0x0000000098900000, 0x0000000098a00000|  0%| F|  |TAMS 0x0000000098900000| PB 0x0000000098900000| Untracked 
| 394|0x0000000098a00000, 0x0000000098a00000, 0x0000000098b00000|  0%| F|  |TAMS 0x0000000098a00000| PB 0x0000000098a00000| Untracked 
| 395|0x0000000098b00000, 0x0000000098b00000, 0x0000000098c00000|  0%| F|  |TAMS 0x0000000098b00000| PB 0x0000000098b00000| Untracked 
| 396|0x0000000098c00000, 0x0000000098c00000, 0x0000000098d00000|  0%| F|  |TAMS 0x0000000098c00000| PB 0x0000000098c00000| Untracked 
| 397|0x0000000098d00000, 0x0000000098d00000, 0x0000000098e00000|  0%| F|  |TAMS 0x0000000098d00000| PB 0x0000000098d00000| Untracked 
| 398|0x0000000098e00000, 0x0000000098e00000, 0x0000000098f00000|  0%| F|  |TAMS 0x0000000098e00000| PB 0x0000000098e00000| Untracked 
| 399|0x0000000098f00000, 0x0000000098f00000, 0x0000000099000000|  0%| F|  |TAMS 0x0000000098f00000| PB 0x0000000098f00000| Untracked 
| 400|0x0000000099000000, 0x0000000099000000, 0x0000000099100000|  0%| F|  |TAMS 0x0000000099000000| PB 0x0000000099000000| Untracked 
| 401|0x0000000099100000, 0x0000000099100000, 0x0000000099200000|  0%| F|  |TAMS 0x0000000099100000| PB 0x0000000099100000| Untracked 
| 402|0x0000000099200000, 0x0000000099200000, 0x0000000099300000|  0%| F|  |TAMS 0x0000000099200000| PB 0x0000000099200000| Untracked 
| 403|0x0000000099300000, 0x0000000099300000, 0x0000000099400000|  0%| F|  |TAMS 0x0000000099300000| PB 0x0000000099300000| Untracked 
| 404|0x0000000099400000, 0x0000000099400000, 0x0000000099500000|  0%| F|  |TAMS 0x0000000099400000| PB 0x0000000099400000| Untracked 
| 405|0x0000000099500000, 0x0000000099500000, 0x0000000099600000|  0%| F|  |TAMS 0x0000000099500000| PB 0x0000000099500000| Untracked 
| 406|0x0000000099600000, 0x0000000099600000, 0x0000000099700000|  0%| F|  |TAMS 0x0000000099600000| PB 0x0000000099600000| Untracked 
| 407|0x0000000099700000, 0x0000000099700000, 0x0000000099800000|  0%| F|  |TAMS 0x0000000099700000| PB 0x0000000099700000| Untracked 
| 408|0x0000000099800000, 0x0000000099800000, 0x0000000099900000|  0%| F|  |TAMS 0x0000000099800000| PB 0x0000000099800000| Untracked 
| 409|0x0000000099900000, 0x0000000099900000, 0x0000000099a00000|  0%| F|  |TAMS 0x0000000099900000| PB 0x0000000099900000| Untracked 
| 410|0x0000000099a00000, 0x0000000099a00000, 0x0000000099b00000|  0%| F|  |TAMS 0x0000000099a00000| PB 0x0000000099a00000| Untracked 
| 411|0x0000000099b00000, 0x0000000099b00000, 0x0000000099c00000|  0%| F|  |TAMS 0x0000000099b00000| PB 0x0000000099b00000| Untracked 
| 412|0x0000000099c00000, 0x0000000099c00000, 0x0000000099d00000|  0%| F|  |TAMS 0x0000000099c00000| PB 0x0000000099c00000| Untracked 
| 413|0x0000000099d00000, 0x0000000099d00000, 0x0000000099e00000|  0%| F|  |TAMS 0x0000000099d00000| PB 0x0000000099d00000| Untracked 
| 414|0x0000000099e00000, 0x0000000099e00000, 0x0000000099f00000|  0%| F|  |TAMS 0x0000000099e00000| PB 0x0000000099e00000| Untracked 
| 415|0x0000000099f00000, 0x0000000099f00000, 0x000000009a000000|  0%| F|  |TAMS 0x0000000099f00000| PB 0x0000000099f00000| Untracked 
| 416|0x000000009a000000, 0x000000009a000000, 0x000000009a100000|  0%| F|  |TAMS 0x000000009a000000| PB 0x000000009a000000| Untracked 
| 417|0x000000009a100000, 0x000000009a100000, 0x000000009a200000|  0%| F|  |TAMS 0x000000009a100000| PB 0x000000009a100000| Untracked 
| 418|0x000000009a200000, 0x000000009a200000, 0x000000009a300000|  0%| F|  |TAMS 0x000000009a200000| PB 0x000000009a200000| Untracked 
| 419|0x000000009a300000, 0x000000009a300000, 0x000000009a400000|  0%| F|  |TAMS 0x000000009a300000| PB 0x000000009a300000| Untracked 
| 420|0x000000009a400000, 0x000000009a400000, 0x000000009a500000|  0%| F|  |TAMS 0x000000009a400000| PB 0x000000009a400000| Untracked 
| 421|0x000000009a500000, 0x000000009a500000, 0x000000009a600000|  0%| F|  |TAMS 0x000000009a500000| PB 0x000000009a500000| Untracked 
| 422|0x000000009a600000, 0x000000009a600000, 0x000000009a700000|  0%| F|  |TAMS 0x000000009a600000| PB 0x000000009a600000| Untracked 
| 423|0x000000009a700000, 0x000000009a700000, 0x000000009a800000|  0%| F|  |TAMS 0x000000009a700000| PB 0x000000009a700000| Untracked 
| 424|0x000000009a800000, 0x000000009a800000, 0x000000009a900000|  0%| F|  |TAMS 0x000000009a800000| PB 0x000000009a800000| Untracked 
| 425|0x000000009a900000, 0x000000009a900000, 0x000000009aa00000|  0%| F|  |TAMS 0x000000009a900000| PB 0x000000009a900000| Untracked 
| 426|0x000000009aa00000, 0x000000009aa00000, 0x000000009ab00000|  0%| F|  |TAMS 0x000000009aa00000| PB 0x000000009aa00000| Untracked 
| 427|0x000000009ab00000, 0x000000009ab00000, 0x000000009ac00000|  0%| F|  |TAMS 0x000000009ab00000| PB 0x000000009ab00000| Untracked 
| 428|0x000000009ac00000, 0x000000009ac00000, 0x000000009ad00000|  0%| F|  |TAMS 0x000000009ac00000| PB 0x000000009ac00000| Untracked 
| 429|0x000000009ad00000, 0x000000009ad00000, 0x000000009ae00000|  0%| F|  |TAMS 0x000000009ad00000| PB 0x000000009ad00000| Untracked 
| 430|0x000000009ae00000, 0x000000009ae00000, 0x000000009af00000|  0%| F|  |TAMS 0x000000009ae00000| PB 0x000000009ae00000| Untracked 
| 431|0x000000009af00000, 0x000000009af00000, 0x000000009b000000|  0%| F|  |TAMS 0x000000009af00000| PB 0x000000009af00000| Untracked 
| 432|0x000000009b000000, 0x000000009b000000, 0x000000009b100000|  0%| F|  |TAMS 0x000000009b000000| PB 0x000000009b000000| Untracked 
| 433|0x000000009b100000, 0x000000009b100000, 0x000000009b200000|  0%| F|  |TAMS 0x000000009b100000| PB 0x000000009b100000| Untracked 
| 434|0x000000009b200000, 0x000000009b200000, 0x000000009b300000|  0%| F|  |TAMS 0x000000009b200000| PB 0x000000009b200000| Untracked 
| 435|0x000000009b300000, 0x000000009b300000, 0x000000009b400000|  0%| F|  |TAMS 0x000000009b300000| PB 0x000000009b300000| Untracked 
| 436|0x000000009b400000, 0x000000009b400000, 0x000000009b500000|  0%| F|  |TAMS 0x000000009b400000| PB 0x000000009b400000| Untracked 
| 437|0x000000009b500000, 0x000000009b500000, 0x000000009b600000|  0%| F|  |TAMS 0x000000009b500000| PB 0x000000009b500000| Untracked 
| 438|0x000000009b600000, 0x000000009b600000, 0x000000009b700000|  0%| F|  |TAMS 0x000000009b600000| PB 0x000000009b600000| Untracked 
| 439|0x000000009b700000, 0x000000009b700000, 0x000000009b800000|  0%| F|  |TAMS 0x000000009b700000| PB 0x000000009b700000| Untracked 
| 440|0x000000009b800000, 0x000000009b800000, 0x000000009b900000|  0%| F|  |TAMS 0x000000009b800000| PB 0x000000009b800000| Untracked 
| 441|0x000000009b900000, 0x000000009b900000, 0x000000009ba00000|  0%| F|  |TAMS 0x000000009b900000| PB 0x000000009b900000| Untracked 
| 442|0x000000009ba00000, 0x000000009ba00000, 0x000000009bb00000|  0%| F|  |TAMS 0x000000009ba00000| PB 0x000000009ba00000| Untracked 
| 443|0x000000009bb00000, 0x000000009bb00000, 0x000000009bc00000|  0%| F|  |TAMS 0x000000009bb00000| PB 0x000000009bb00000| Untracked 
| 444|0x000000009bc00000, 0x000000009bc00000, 0x000000009bd00000|  0%| F|  |TAMS 0x000000009bc00000| PB 0x000000009bc00000| Untracked 
| 445|0x000000009bd00000, 0x000000009bd00000, 0x000000009be00000|  0%| F|  |TAMS 0x000000009bd00000| PB 0x000000009bd00000| Untracked 
| 446|0x000000009be00000, 0x000000009be00000, 0x000000009bf00000|  0%| F|  |TAMS 0x000000009be00000| PB 0x000000009be00000| Untracked 
| 447|0x000000009bf00000, 0x000000009bf00000, 0x000000009c000000|  0%| F|  |TAMS 0x000000009bf00000| PB 0x000000009bf00000| Untracked 
| 448|0x000000009c000000, 0x000000009c000000, 0x000000009c100000|  0%| F|  |TAMS 0x000000009c000000| PB 0x000000009c000000| Untracked 
| 449|0x000000009c100000, 0x000000009c100000, 0x000000009c200000|  0%| F|  |TAMS 0x000000009c100000| PB 0x000000009c100000| Untracked 
| 450|0x000000009c200000, 0x000000009c200000, 0x000000009c300000|  0%| F|  |TAMS 0x000000009c200000| PB 0x000000009c200000| Untracked 
| 451|0x000000009c300000, 0x000000009c300000, 0x000000009c400000|  0%| F|  |TAMS 0x000000009c300000| PB 0x000000009c300000| Untracked 
| 452|0x000000009c400000, 0x000000009c400000, 0x000000009c500000|  0%| F|  |TAMS 0x000000009c400000| PB 0x000000009c400000| Untracked 
| 453|0x000000009c500000, 0x000000009c500000, 0x000000009c600000|  0%| F|  |TAMS 0x000000009c500000| PB 0x000000009c500000| Untracked 
| 454|0x000000009c600000, 0x000000009c600000, 0x000000009c700000|  0%| F|  |TAMS 0x000000009c600000| PB 0x000000009c600000| Untracked 
| 455|0x000000009c700000, 0x000000009c700000, 0x000000009c800000|  0%| F|  |TAMS 0x000000009c700000| PB 0x000000009c700000| Untracked 
| 456|0x000000009c800000, 0x000000009c800000, 0x000000009c900000|  0%| F|  |TAMS 0x000000009c800000| PB 0x000000009c800000| Untracked 
| 457|0x000000009c900000, 0x000000009c900000, 0x000000009ca00000|  0%| F|  |TAMS 0x000000009c900000| PB 0x000000009c900000| Untracked 
| 458|0x000000009ca00000, 0x000000009ca00000, 0x000000009cb00000|  0%| F|  |TAMS 0x000000009ca00000| PB 0x000000009ca00000| Untracked 
| 459|0x000000009cb00000, 0x000000009cb00000, 0x000000009cc00000|  0%| F|  |TAMS 0x000000009cb00000| PB 0x000000009cb00000| Untracked 
| 460|0x000000009cc00000, 0x000000009cc00000, 0x000000009cd00000|  0%| F|  |TAMS 0x000000009cc00000| PB 0x000000009cc00000| Untracked 
| 461|0x000000009cd00000, 0x000000009cd00000, 0x000000009ce00000|  0%| F|  |TAMS 0x000000009cd00000| PB 0x000000009cd00000| Untracked 
| 462|0x000000009ce00000, 0x000000009ce00000, 0x000000009cf00000|  0%| F|  |TAMS 0x000000009ce00000| PB 0x000000009ce00000| Untracked 
| 463|0x000000009cf00000, 0x000000009cf00000, 0x000000009d000000|  0%| F|  |TAMS 0x000000009cf00000| PB 0x000000009cf00000| Untracked 
| 464|0x000000009d000000, 0x000000009d000000, 0x000000009d100000|  0%| F|  |TAMS 0x000000009d000000| PB 0x000000009d000000| Untracked 
| 465|0x000000009d100000, 0x000000009d100000, 0x000000009d200000|  0%| F|  |TAMS 0x000000009d100000| PB 0x000000009d100000| Untracked 
| 466|0x000000009d200000, 0x000000009d200000, 0x000000009d300000|  0%| F|  |TAMS 0x000000009d200000| PB 0x000000009d200000| Untracked 
| 467|0x000000009d300000, 0x000000009d300000, 0x000000009d400000|  0%| F|  |TAMS 0x000000009d300000| PB 0x000000009d300000| Untracked 
| 468|0x000000009d400000, 0x000000009d400000, 0x000000009d500000|  0%| F|  |TAMS 0x000000009d400000| PB 0x000000009d400000| Untracked 
| 469|0x000000009d500000, 0x000000009d500000, 0x000000009d600000|  0%| F|  |TAMS 0x000000009d500000| PB 0x000000009d500000| Untracked 
| 470|0x000000009d600000, 0x000000009d600000, 0x000000009d700000|  0%| F|  |TAMS 0x000000009d600000| PB 0x000000009d600000| Untracked 
| 471|0x000000009d700000, 0x000000009d700000, 0x000000009d800000|  0%| F|  |TAMS 0x000000009d700000| PB 0x000000009d700000| Untracked 
| 472|0x000000009d800000, 0x000000009d800000, 0x000000009d900000|  0%| F|  |TAMS 0x000000009d800000| PB 0x000000009d800000| Untracked 
| 473|0x000000009d900000, 0x000000009d900000, 0x000000009da00000|  0%| F|  |TAMS 0x000000009d900000| PB 0x000000009d900000| Untracked 
| 474|0x000000009da00000, 0x000000009da00000, 0x000000009db00000|  0%| F|  |TAMS 0x000000009da00000| PB 0x000000009da00000| Untracked 
| 475|0x000000009db00000, 0x000000009db00000, 0x000000009dc00000|  0%| F|  |TAMS 0x000000009db00000| PB 0x000000009db00000| Untracked 
| 476|0x000000009dc00000, 0x000000009dc00000, 0x000000009dd00000|  0%| F|  |TAMS 0x000000009dc00000| PB 0x000000009dc00000| Untracked 
| 477|0x000000009dd00000, 0x000000009dd00000, 0x000000009de00000|  0%| F|  |TAMS 0x000000009dd00000| PB 0x000000009dd00000| Untracked 
| 478|0x000000009de00000, 0x000000009de00000, 0x000000009df00000|  0%| F|  |TAMS 0x000000009de00000| PB 0x000000009de00000| Untracked 
| 479|0x000000009df00000, 0x000000009df00000, 0x000000009e000000|  0%| F|  |TAMS 0x000000009df00000| PB 0x000000009df00000| Untracked 
| 480|0x000000009e000000, 0x000000009e000000, 0x000000009e100000|  0%| F|  |TAMS 0x000000009e000000| PB 0x000000009e000000| Untracked 
| 481|0x000000009e100000, 0x000000009e100000, 0x000000009e200000|  0%| F|  |TAMS 0x000000009e100000| PB 0x000000009e100000| Untracked 
| 482|0x000000009e200000, 0x000000009e200000, 0x000000009e300000|  0%| F|  |TAMS 0x000000009e200000| PB 0x000000009e200000| Untracked 
| 483|0x000000009e300000, 0x000000009e300000, 0x000000009e400000|  0%| F|  |TAMS 0x000000009e300000| PB 0x000000009e300000| Untracked 
| 484|0x000000009e400000, 0x000000009e400000, 0x000000009e500000|  0%| F|  |TAMS 0x000000009e400000| PB 0x000000009e400000| Untracked 
| 485|0x000000009e500000, 0x000000009e500000, 0x000000009e600000|  0%| F|  |TAMS 0x000000009e500000| PB 0x000000009e500000| Untracked 
| 486|0x000000009e600000, 0x000000009e600000, 0x000000009e700000|  0%| F|  |TAMS 0x000000009e600000| PB 0x000000009e600000| Untracked 
| 487|0x000000009e700000, 0x000000009e700000, 0x000000009e800000|  0%| F|  |TAMS 0x000000009e700000| PB 0x000000009e700000| Untracked 
| 488|0x000000009e800000, 0x000000009e800000, 0x000000009e900000|  0%| F|  |TAMS 0x000000009e800000| PB 0x000000009e800000| Untracked 
| 489|0x000000009e900000, 0x000000009e900000, 0x000000009ea00000|  0%| F|  |TAMS 0x000000009e900000| PB 0x000000009e900000| Untracked 
| 490|0x000000009ea00000, 0x000000009ea00000, 0x000000009eb00000|  0%| F|  |TAMS 0x000000009ea00000| PB 0x000000009ea00000| Untracked 
| 491|0x000000009eb00000, 0x000000009eb00000, 0x000000009ec00000|  0%| F|  |TAMS 0x000000009eb00000| PB 0x000000009eb00000| Untracked 
| 492|0x000000009ec00000, 0x000000009ec00000, 0x000000009ed00000|  0%| F|  |TAMS 0x000000009ec00000| PB 0x000000009ec00000| Untracked 
| 493|0x000000009ed00000, 0x000000009ed00000, 0x000000009ee00000|  0%| F|  |TAMS 0x000000009ed00000| PB 0x000000009ed00000| Untracked 
| 494|0x000000009ee00000, 0x000000009ee00000, 0x000000009ef00000|  0%| F|  |TAMS 0x000000009ee00000| PB 0x000000009ee00000| Untracked 
| 495|0x000000009ef00000, 0x000000009ef00000, 0x000000009f000000|  0%| F|  |TAMS 0x000000009ef00000| PB 0x000000009ef00000| Untracked 
| 496|0x000000009f000000, 0x000000009f000000, 0x000000009f100000|  0%| F|  |TAMS 0x000000009f000000| PB 0x000000009f000000| Untracked 
| 497|0x000000009f100000, 0x000000009f100000, 0x000000009f200000|  0%| F|  |TAMS 0x000000009f100000| PB 0x000000009f100000| Untracked 
| 498|0x000000009f200000, 0x000000009f200000, 0x000000009f300000|  0%| F|  |TAMS 0x000000009f200000| PB 0x000000009f200000| Untracked 
| 499|0x000000009f300000, 0x000000009f300000, 0x000000009f400000|  0%| F|  |TAMS 0x000000009f300000| PB 0x000000009f300000| Untracked 
| 500|0x000000009f400000, 0x000000009f400000, 0x000000009f500000|  0%| F|  |TAMS 0x000000009f400000| PB 0x000000009f400000| Untracked 
| 501|0x000000009f500000, 0x000000009f500000, 0x000000009f600000|  0%| F|  |TAMS 0x000000009f500000| PB 0x000000009f500000| Untracked 
| 502|0x000000009f600000, 0x000000009f600000, 0x000000009f700000|  0%| F|  |TAMS 0x000000009f600000| PB 0x000000009f600000| Untracked 
| 503|0x000000009f700000, 0x000000009f700000, 0x000000009f800000|  0%| F|  |TAMS 0x000000009f700000| PB 0x000000009f700000| Untracked 
| 504|0x000000009f800000, 0x000000009f800000, 0x000000009f900000|  0%| F|  |TAMS 0x000000009f800000| PB 0x000000009f800000| Untracked 
| 505|0x000000009f900000, 0x000000009f900000, 0x000000009fa00000|  0%| F|  |TAMS 0x000000009f900000| PB 0x000000009f900000| Untracked 
| 506|0x000000009fa00000, 0x000000009fa00000, 0x000000009fb00000|  0%| F|  |TAMS 0x000000009fa00000| PB 0x000000009fa00000| Untracked 
| 507|0x000000009fb00000, 0x000000009fb00000, 0x000000009fc00000|  0%| F|  |TAMS 0x000000009fb00000| PB 0x000000009fb00000| Untracked 
| 508|0x000000009fc00000, 0x000000009fc00000, 0x000000009fd00000|  0%| F|  |TAMS 0x000000009fc00000| PB 0x000000009fc00000| Untracked 
| 509|0x000000009fd00000, 0x000000009fd00000, 0x000000009fe00000|  0%| F|  |TAMS 0x000000009fd00000| PB 0x000000009fd00000| Untracked 
| 510|0x000000009fe00000, 0x000000009fe00000, 0x000000009ff00000|  0%| F|  |TAMS 0x000000009fe00000| PB 0x000000009fe00000| Untracked 
| 511|0x000000009ff00000, 0x000000009ff00000, 0x00000000a0000000|  0%| F|  |TAMS 0x000000009ff00000| PB 0x000000009ff00000| Untracked 
| 512|0x00000000a0000000, 0x00000000a0000000, 0x00000000a0100000|  0%| F|  |TAMS 0x00000000a0000000| PB 0x00000000a0000000| Untracked 
| 513|0x00000000a0100000, 0x00000000a0100000, 0x00000000a0200000|  0%| F|  |TAMS 0x00000000a0100000| PB 0x00000000a0100000| Untracked 
| 514|0x00000000a0200000, 0x00000000a0200000, 0x00000000a0300000|  0%| F|  |TAMS 0x00000000a0200000| PB 0x00000000a0200000| Untracked 
| 515|0x00000000a0300000, 0x00000000a0300000, 0x00000000a0400000|  0%| F|  |TAMS 0x00000000a0300000| PB 0x00000000a0300000| Untracked 
| 516|0x00000000a0400000, 0x00000000a0400000, 0x00000000a0500000|  0%| F|  |TAMS 0x00000000a0400000| PB 0x00000000a0400000| Untracked 
| 517|0x00000000a0500000, 0x00000000a0500000, 0x00000000a0600000|  0%| F|  |TAMS 0x00000000a0500000| PB 0x00000000a0500000| Untracked 
| 518|0x00000000a0600000, 0x00000000a0600000, 0x00000000a0700000|  0%| F|  |TAMS 0x00000000a0600000| PB 0x00000000a0600000| Untracked 
| 519|0x00000000a0700000, 0x00000000a0700000, 0x00000000a0800000|  0%| F|  |TAMS 0x00000000a0700000| PB 0x00000000a0700000| Untracked 
| 520|0x00000000a0800000, 0x00000000a0800000, 0x00000000a0900000|  0%| F|  |TAMS 0x00000000a0800000| PB 0x00000000a0800000| Untracked 
| 521|0x00000000a0900000, 0x00000000a0900000, 0x00000000a0a00000|  0%| F|  |TAMS 0x00000000a0900000| PB 0x00000000a0900000| Untracked 
| 522|0x00000000a0a00000, 0x00000000a0a00000, 0x00000000a0b00000|  0%| F|  |TAMS 0x00000000a0a00000| PB 0x00000000a0a00000| Untracked 
| 523|0x00000000a0b00000, 0x00000000a0b00000, 0x00000000a0c00000|  0%| F|  |TAMS 0x00000000a0b00000| PB 0x00000000a0b00000| Untracked 
| 524|0x00000000a0c00000, 0x00000000a0c00000, 0x00000000a0d00000|  0%| F|  |TAMS 0x00000000a0c00000| PB 0x00000000a0c00000| Untracked 
| 525|0x00000000a0d00000, 0x00000000a0d00000, 0x00000000a0e00000|  0%| F|  |TAMS 0x00000000a0d00000| PB 0x00000000a0d00000| Untracked 
| 526|0x00000000a0e00000, 0x00000000a0e00000, 0x00000000a0f00000|  0%| F|  |TAMS 0x00000000a0e00000| PB 0x00000000a0e00000| Untracked 
| 527|0x00000000a0f00000, 0x00000000a0f00000, 0x00000000a1000000|  0%| F|  |TAMS 0x00000000a0f00000| PB 0x00000000a0f00000| Untracked 
| 528|0x00000000a1000000, 0x00000000a1000000, 0x00000000a1100000|  0%| F|  |TAMS 0x00000000a1000000| PB 0x00000000a1000000| Untracked 
| 529|0x00000000a1100000, 0x00000000a1100000, 0x00000000a1200000|  0%| F|  |TAMS 0x00000000a1100000| PB 0x00000000a1100000| Untracked 
| 530|0x00000000a1200000, 0x00000000a1200000, 0x00000000a1300000|  0%| F|  |TAMS 0x00000000a1200000| PB 0x00000000a1200000| Untracked 
| 531|0x00000000a1300000, 0x00000000a1300000, 0x00000000a1400000|  0%| F|  |TAMS 0x00000000a1300000| PB 0x00000000a1300000| Untracked 
| 532|0x00000000a1400000, 0x00000000a1400000, 0x00000000a1500000|  0%| F|  |TAMS 0x00000000a1400000| PB 0x00000000a1400000| Untracked 
| 533|0x00000000a1500000, 0x00000000a1500000, 0x00000000a1600000|  0%| F|  |TAMS 0x00000000a1500000| PB 0x00000000a1500000| Untracked 
| 534|0x00000000a1600000, 0x00000000a1600000, 0x00000000a1700000|  0%| F|  |TAMS 0x00000000a1600000| PB 0x00000000a1600000| Untracked 
| 535|0x00000000a1700000, 0x00000000a1700000, 0x00000000a1800000|  0%| F|  |TAMS 0x00000000a1700000| PB 0x00000000a1700000| Untracked 
| 536|0x00000000a1800000, 0x00000000a1800000, 0x00000000a1900000|  0%| F|  |TAMS 0x00000000a1800000| PB 0x00000000a1800000| Untracked 
| 537|0x00000000a1900000, 0x00000000a1900000, 0x00000000a1a00000|  0%| F|  |TAMS 0x00000000a1900000| PB 0x00000000a1900000| Untracked 
| 538|0x00000000a1a00000, 0x00000000a1a00000, 0x00000000a1b00000|  0%| F|  |TAMS 0x00000000a1a00000| PB 0x00000000a1a00000| Untracked 
| 539|0x00000000a1b00000, 0x00000000a1b00000, 0x00000000a1c00000|  0%| F|  |TAMS 0x00000000a1b00000| PB 0x00000000a1b00000| Untracked 
| 540|0x00000000a1c00000, 0x00000000a1c00000, 0x00000000a1d00000|  0%| F|  |TAMS 0x00000000a1c00000| PB 0x00000000a1c00000| Untracked 
| 541|0x00000000a1d00000, 0x00000000a1d00000, 0x00000000a1e00000|  0%| F|  |TAMS 0x00000000a1d00000| PB 0x00000000a1d00000| Untracked 
| 542|0x00000000a1e00000, 0x00000000a1e00000, 0x00000000a1f00000|  0%| F|  |TAMS 0x00000000a1e00000| PB 0x00000000a1e00000| Untracked 
| 543|0x00000000a1f00000, 0x00000000a1f00000, 0x00000000a2000000|  0%| F|  |TAMS 0x00000000a1f00000| PB 0x00000000a1f00000| Untracked 
| 544|0x00000000a2000000, 0x00000000a2000000, 0x00000000a2100000|  0%| F|  |TAMS 0x00000000a2000000| PB 0x00000000a2000000| Untracked 
| 545|0x00000000a2100000, 0x00000000a2100000, 0x00000000a2200000|  0%| F|  |TAMS 0x00000000a2100000| PB 0x00000000a2100000| Untracked 
| 546|0x00000000a2200000, 0x00000000a2200000, 0x00000000a2300000|  0%| F|  |TAMS 0x00000000a2200000| PB 0x00000000a2200000| Untracked 
| 547|0x00000000a2300000, 0x00000000a2300000, 0x00000000a2400000|  0%| F|  |TAMS 0x00000000a2300000| PB 0x00000000a2300000| Untracked 
| 548|0x00000000a2400000, 0x00000000a2400000, 0x00000000a2500000|  0%| F|  |TAMS 0x00000000a2400000| PB 0x00000000a2400000| Untracked 
| 549|0x00000000a2500000, 0x00000000a2500000, 0x00000000a2600000|  0%| F|  |TAMS 0x00000000a2500000| PB 0x00000000a2500000| Untracked 
| 550|0x00000000a2600000, 0x00000000a2600000, 0x00000000a2700000|  0%| F|  |TAMS 0x00000000a2600000| PB 0x00000000a2600000| Untracked 
| 551|0x00000000a2700000, 0x00000000a2700000, 0x00000000a2800000|  0%| F|  |TAMS 0x00000000a2700000| PB 0x00000000a2700000| Untracked 
| 552|0x00000000a2800000, 0x00000000a2800000, 0x00000000a2900000|  0%| F|  |TAMS 0x00000000a2800000| PB 0x00000000a2800000| Untracked 
| 553|0x00000000a2900000, 0x00000000a2900000, 0x00000000a2a00000|  0%| F|  |TAMS 0x00000000a2900000| PB 0x00000000a2900000| Untracked 
| 554|0x00000000a2a00000, 0x00000000a2a00000, 0x00000000a2b00000|  0%| F|  |TAMS 0x00000000a2a00000| PB 0x00000000a2a00000| Untracked 
| 555|0x00000000a2b00000, 0x00000000a2b00000, 0x00000000a2c00000|  0%| F|  |TAMS 0x00000000a2b00000| PB 0x00000000a2b00000| Untracked 
| 556|0x00000000a2c00000, 0x00000000a2c00000, 0x00000000a2d00000|  0%| F|  |TAMS 0x00000000a2c00000| PB 0x00000000a2c00000| Untracked 
| 557|0x00000000a2d00000, 0x00000000a2d00000, 0x00000000a2e00000|  0%| F|  |TAMS 0x00000000a2d00000| PB 0x00000000a2d00000| Untracked 
| 558|0x00000000a2e00000, 0x00000000a2e00000, 0x00000000a2f00000|  0%| F|  |TAMS 0x00000000a2e00000| PB 0x00000000a2e00000| Untracked 
| 559|0x00000000a2f00000, 0x00000000a2f00000, 0x00000000a3000000|  0%| F|  |TAMS 0x00000000a2f00000| PB 0x00000000a2f00000| Untracked 
| 560|0x00000000a3000000, 0x00000000a3000000, 0x00000000a3100000|  0%| F|  |TAMS 0x00000000a3000000| PB 0x00000000a3000000| Untracked 
| 561|0x00000000a3100000, 0x00000000a3100000, 0x00000000a3200000|  0%| F|  |TAMS 0x00000000a3100000| PB 0x00000000a3100000| Untracked 
| 562|0x00000000a3200000, 0x00000000a3200000, 0x00000000a3300000|  0%| F|  |TAMS 0x00000000a3200000| PB 0x00000000a3200000| Untracked 
| 563|0x00000000a3300000, 0x00000000a3300000, 0x00000000a3400000|  0%| F|  |TAMS 0x00000000a3300000| PB 0x00000000a3300000| Untracked 
| 564|0x00000000a3400000, 0x00000000a3400000, 0x00000000a3500000|  0%| F|  |TAMS 0x00000000a3400000| PB 0x00000000a3400000| Untracked 
| 565|0x00000000a3500000, 0x00000000a3500000, 0x00000000a3600000|  0%| F|  |TAMS 0x00000000a3500000| PB 0x00000000a3500000| Untracked 
| 566|0x00000000a3600000, 0x00000000a3600000, 0x00000000a3700000|  0%| F|  |TAMS 0x00000000a3600000| PB 0x00000000a3600000| Untracked 
| 567|0x00000000a3700000, 0x00000000a3700000, 0x00000000a3800000|  0%| F|  |TAMS 0x00000000a3700000| PB 0x00000000a3700000| Untracked 
| 568|0x00000000a3800000, 0x00000000a3800000, 0x00000000a3900000|  0%| F|  |TAMS 0x00000000a3800000| PB 0x00000000a3800000| Untracked 
| 569|0x00000000a3900000, 0x00000000a3900000, 0x00000000a3a00000|  0%| F|  |TAMS 0x00000000a3900000| PB 0x00000000a3900000| Untracked 
| 570|0x00000000a3a00000, 0x00000000a3a00000, 0x00000000a3b00000|  0%| F|  |TAMS 0x00000000a3a00000| PB 0x00000000a3a00000| Untracked 
| 571|0x00000000a3b00000, 0x00000000a3b00000, 0x00000000a3c00000|  0%| F|  |TAMS 0x00000000a3b00000| PB 0x00000000a3b00000| Untracked 
| 572|0x00000000a3c00000, 0x00000000a3c00000, 0x00000000a3d00000|  0%| F|  |TAMS 0x00000000a3c00000| PB 0x00000000a3c00000| Untracked 
| 573|0x00000000a3d00000, 0x00000000a3d00000, 0x00000000a3e00000|  0%| F|  |TAMS 0x00000000a3d00000| PB 0x00000000a3d00000| Untracked 
| 574|0x00000000a3e00000, 0x00000000a3e00000, 0x00000000a3f00000|  0%| F|  |TAMS 0x00000000a3e00000| PB 0x00000000a3e00000| Untracked 
| 575|0x00000000a3f00000, 0x00000000a3f00000, 0x00000000a4000000|  0%| F|  |TAMS 0x00000000a3f00000| PB 0x00000000a3f00000| Untracked 
| 576|0x00000000a4000000, 0x00000000a4000000, 0x00000000a4100000|  0%| F|  |TAMS 0x00000000a4000000| PB 0x00000000a4000000| Untracked 
| 577|0x00000000a4100000, 0x00000000a4100000, 0x00000000a4200000|  0%| F|  |TAMS 0x00000000a4100000| PB 0x00000000a4100000| Untracked 
| 578|0x00000000a4200000, 0x00000000a4200000, 0x00000000a4300000|  0%| F|  |TAMS 0x00000000a4200000| PB 0x00000000a4200000| Untracked 
| 579|0x00000000a4300000, 0x00000000a4300000, 0x00000000a4400000|  0%| F|  |TAMS 0x00000000a4300000| PB 0x00000000a4300000| Untracked 
| 580|0x00000000a4400000, 0x00000000a4400000, 0x00000000a4500000|  0%| F|  |TAMS 0x00000000a4400000| PB 0x00000000a4400000| Untracked 
| 581|0x00000000a4500000, 0x00000000a4500000, 0x00000000a4600000|  0%| F|  |TAMS 0x00000000a4500000| PB 0x00000000a4500000| Untracked 
| 582|0x00000000a4600000, 0x00000000a4600000, 0x00000000a4700000|  0%| F|  |TAMS 0x00000000a4600000| PB 0x00000000a4600000| Untracked 
| 583|0x00000000a4700000, 0x00000000a4700000, 0x00000000a4800000|  0%| F|  |TAMS 0x00000000a4700000| PB 0x00000000a4700000| Untracked 
| 584|0x00000000a4800000, 0x00000000a4800000, 0x00000000a4900000|  0%| F|  |TAMS 0x00000000a4800000| PB 0x00000000a4800000| Untracked 
| 585|0x00000000a4900000, 0x00000000a4900000, 0x00000000a4a00000|  0%| F|  |TAMS 0x00000000a4900000| PB 0x00000000a4900000| Untracked 
| 586|0x00000000a4a00000, 0x00000000a4a00000, 0x00000000a4b00000|  0%| F|  |TAMS 0x00000000a4a00000| PB 0x00000000a4a00000| Untracked 
| 587|0x00000000a4b00000, 0x00000000a4b00000, 0x00000000a4c00000|  0%| F|  |TAMS 0x00000000a4b00000| PB 0x00000000a4b00000| Untracked 
| 588|0x00000000a4c00000, 0x00000000a4c00000, 0x00000000a4d00000|  0%| F|  |TAMS 0x00000000a4c00000| PB 0x00000000a4c00000| Untracked 
| 589|0x00000000a4d00000, 0x00000000a4d00000, 0x00000000a4e00000|  0%| F|  |TAMS 0x00000000a4d00000| PB 0x00000000a4d00000| Untracked 
| 590|0x00000000a4e00000, 0x00000000a4e00000, 0x00000000a4f00000|  0%| F|  |TAMS 0x00000000a4e00000| PB 0x00000000a4e00000| Untracked 
| 591|0x00000000a4f00000, 0x00000000a4f00000, 0x00000000a5000000|  0%| F|  |TAMS 0x00000000a4f00000| PB 0x00000000a4f00000| Untracked 
| 592|0x00000000a5000000, 0x00000000a5000000, 0x00000000a5100000|  0%| F|  |TAMS 0x00000000a5000000| PB 0x00000000a5000000| Untracked 
| 593|0x00000000a5100000, 0x00000000a5100000, 0x00000000a5200000|  0%| F|  |TAMS 0x00000000a5100000| PB 0x00000000a5100000| Untracked 
| 594|0x00000000a5200000, 0x00000000a5200000, 0x00000000a5300000|  0%| F|  |TAMS 0x00000000a5200000| PB 0x00000000a5200000| Untracked 
| 595|0x00000000a5300000, 0x00000000a5300000, 0x00000000a5400000|  0%| F|  |TAMS 0x00000000a5300000| PB 0x00000000a5300000| Untracked 
| 596|0x00000000a5400000, 0x00000000a5400000, 0x00000000a5500000|  0%| F|  |TAMS 0x00000000a5400000| PB 0x00000000a5400000| Untracked 
| 597|0x00000000a5500000, 0x00000000a5500000, 0x00000000a5600000|  0%| F|  |TAMS 0x00000000a5500000| PB 0x00000000a5500000| Untracked 
| 598|0x00000000a5600000, 0x00000000a5600000, 0x00000000a5700000|  0%| F|  |TAMS 0x00000000a5600000| PB 0x00000000a5600000| Untracked 
| 599|0x00000000a5700000, 0x00000000a5700000, 0x00000000a5800000|  0%| F|  |TAMS 0x00000000a5700000| PB 0x00000000a5700000| Untracked 
| 600|0x00000000a5800000, 0x00000000a5800000, 0x00000000a5900000|  0%| F|  |TAMS 0x00000000a5800000| PB 0x00000000a5800000| Untracked 
| 601|0x00000000a5900000, 0x00000000a5900000, 0x00000000a5a00000|  0%| F|  |TAMS 0x00000000a5900000| PB 0x00000000a5900000| Untracked 
| 602|0x00000000a5a00000, 0x00000000a5a00000, 0x00000000a5b00000|  0%| F|  |TAMS 0x00000000a5a00000| PB 0x00000000a5a00000| Untracked 
| 603|0x00000000a5b00000, 0x00000000a5b00000, 0x00000000a5c00000|  0%| F|  |TAMS 0x00000000a5b00000| PB 0x00000000a5b00000| Untracked 
| 604|0x00000000a5c00000, 0x00000000a5c00000, 0x00000000a5d00000|  0%| F|  |TAMS 0x00000000a5c00000| PB 0x00000000a5c00000| Untracked 
| 605|0x00000000a5d00000, 0x00000000a5d00000, 0x00000000a5e00000|  0%| F|  |TAMS 0x00000000a5d00000| PB 0x00000000a5d00000| Untracked 
| 606|0x00000000a5e00000, 0x00000000a5e00000, 0x00000000a5f00000|  0%| F|  |TAMS 0x00000000a5e00000| PB 0x00000000a5e00000| Untracked 
| 607|0x00000000a5f00000, 0x00000000a5f00000, 0x00000000a6000000|  0%| F|  |TAMS 0x00000000a5f00000| PB 0x00000000a5f00000| Untracked 
| 608|0x00000000a6000000, 0x00000000a6000000, 0x00000000a6100000|  0%| F|  |TAMS 0x00000000a6000000| PB 0x00000000a6000000| Untracked 
| 609|0x00000000a6100000, 0x00000000a6100000, 0x00000000a6200000|  0%| F|  |TAMS 0x00000000a6100000| PB 0x00000000a6100000| Untracked 
| 610|0x00000000a6200000, 0x00000000a6200000, 0x00000000a6300000|  0%| F|  |TAMS 0x00000000a6200000| PB 0x00000000a6200000| Untracked 
| 611|0x00000000a6300000, 0x00000000a6300000, 0x00000000a6400000|  0%| F|  |TAMS 0x00000000a6300000| PB 0x00000000a6300000| Untracked 
| 612|0x00000000a6400000, 0x00000000a6400000, 0x00000000a6500000|  0%| F|  |TAMS 0x00000000a6400000| PB 0x00000000a6400000| Untracked 
| 613|0x00000000a6500000, 0x00000000a6500000, 0x00000000a6600000|  0%| F|  |TAMS 0x00000000a6500000| PB 0x00000000a6500000| Untracked 
| 614|0x00000000a6600000, 0x00000000a6600000, 0x00000000a6700000|  0%| F|  |TAMS 0x00000000a6600000| PB 0x00000000a6600000| Untracked 
| 615|0x00000000a6700000, 0x00000000a6700000, 0x00000000a6800000|  0%| F|  |TAMS 0x00000000a6700000| PB 0x00000000a6700000| Untracked 
| 616|0x00000000a6800000, 0x00000000a6800000, 0x00000000a6900000|  0%| F|  |TAMS 0x00000000a6800000| PB 0x00000000a6800000| Untracked 
| 617|0x00000000a6900000, 0x00000000a6900000, 0x00000000a6a00000|  0%| F|  |TAMS 0x00000000a6900000| PB 0x00000000a6900000| Untracked 
| 618|0x00000000a6a00000, 0x00000000a6a00000, 0x00000000a6b00000|  0%| F|  |TAMS 0x00000000a6a00000| PB 0x00000000a6a00000| Untracked 
| 619|0x00000000a6b00000, 0x00000000a6b00000, 0x00000000a6c00000|  0%| F|  |TAMS 0x00000000a6b00000| PB 0x00000000a6b00000| Untracked 
| 620|0x00000000a6c00000, 0x00000000a6c00000, 0x00000000a6d00000|  0%| F|  |TAMS 0x00000000a6c00000| PB 0x00000000a6c00000| Untracked 
| 621|0x00000000a6d00000, 0x00000000a6d00000, 0x00000000a6e00000|  0%| F|  |TAMS 0x00000000a6d00000| PB 0x00000000a6d00000| Untracked 
| 622|0x00000000a6e00000, 0x00000000a6e00000, 0x00000000a6f00000|  0%| F|  |TAMS 0x00000000a6e00000| PB 0x00000000a6e00000| Untracked 
| 623|0x00000000a6f00000, 0x00000000a6f00000, 0x00000000a7000000|  0%| F|  |TAMS 0x00000000a6f00000| PB 0x00000000a6f00000| Untracked 
| 624|0x00000000a7000000, 0x00000000a7000000, 0x00000000a7100000|  0%| F|  |TAMS 0x00000000a7000000| PB 0x00000000a7000000| Untracked 
| 625|0x00000000a7100000, 0x00000000a7100000, 0x00000000a7200000|  0%| F|  |TAMS 0x00000000a7100000| PB 0x00000000a7100000| Untracked 
| 626|0x00000000a7200000, 0x00000000a7200000, 0x00000000a7300000|  0%| F|  |TAMS 0x00000000a7200000| PB 0x00000000a7200000| Untracked 
| 627|0x00000000a7300000, 0x00000000a7300000, 0x00000000a7400000|  0%| F|  |TAMS 0x00000000a7300000| PB 0x00000000a7300000| Untracked 
| 628|0x00000000a7400000, 0x00000000a7400000, 0x00000000a7500000|  0%| F|  |TAMS 0x00000000a7400000| PB 0x00000000a7400000| Untracked 
| 629|0x00000000a7500000, 0x00000000a7500000, 0x00000000a7600000|  0%| F|  |TAMS 0x00000000a7500000| PB 0x00000000a7500000| Untracked 
| 630|0x00000000a7600000, 0x00000000a7600000, 0x00000000a7700000|  0%| F|  |TAMS 0x00000000a7600000| PB 0x00000000a7600000| Untracked 
| 631|0x00000000a7700000, 0x00000000a7700000, 0x00000000a7800000|  0%| F|  |TAMS 0x00000000a7700000| PB 0x00000000a7700000| Untracked 
| 632|0x00000000a7800000, 0x00000000a7800000, 0x00000000a7900000|  0%| F|  |TAMS 0x00000000a7800000| PB 0x00000000a7800000| Untracked 
| 633|0x00000000a7900000, 0x00000000a7900000, 0x00000000a7a00000|  0%| F|  |TAMS 0x00000000a7900000| PB 0x00000000a7900000| Untracked 
| 634|0x00000000a7a00000, 0x00000000a7a00000, 0x00000000a7b00000|  0%| F|  |TAMS 0x00000000a7a00000| PB 0x00000000a7a00000| Untracked 
| 635|0x00000000a7b00000, 0x00000000a7b00000, 0x00000000a7c00000|  0%| F|  |TAMS 0x00000000a7b00000| PB 0x00000000a7b00000| Untracked 
| 636|0x00000000a7c00000, 0x00000000a7c00000, 0x00000000a7d00000|  0%| F|  |TAMS 0x00000000a7c00000| PB 0x00000000a7c00000| Untracked 
| 637|0x00000000a7d00000, 0x00000000a7d00000, 0x00000000a7e00000|  0%| F|  |TAMS 0x00000000a7d00000| PB 0x00000000a7d00000| Untracked 
| 638|0x00000000a7e00000, 0x00000000a7e00000, 0x00000000a7f00000|  0%| F|  |TAMS 0x00000000a7e00000| PB 0x00000000a7e00000| Untracked 
| 639|0x00000000a7f00000, 0x00000000a7f00000, 0x00000000a8000000|  0%| F|  |TAMS 0x00000000a7f00000| PB 0x00000000a7f00000| Untracked 
| 640|0x00000000a8000000, 0x00000000a8000000, 0x00000000a8100000|  0%| F|  |TAMS 0x00000000a8000000| PB 0x00000000a8000000| Untracked 
| 641|0x00000000a8100000, 0x00000000a8100000, 0x00000000a8200000|  0%| F|  |TAMS 0x00000000a8100000| PB 0x00000000a8100000| Untracked 
| 642|0x00000000a8200000, 0x00000000a8200000, 0x00000000a8300000|  0%| F|  |TAMS 0x00000000a8200000| PB 0x00000000a8200000| Untracked 
| 643|0x00000000a8300000, 0x00000000a8300000, 0x00000000a8400000|  0%| F|  |TAMS 0x00000000a8300000| PB 0x00000000a8300000| Untracked 
| 644|0x00000000a8400000, 0x00000000a8400000, 0x00000000a8500000|  0%| F|  |TAMS 0x00000000a8400000| PB 0x00000000a8400000| Untracked 
| 645|0x00000000a8500000, 0x00000000a8500000, 0x00000000a8600000|  0%| F|  |TAMS 0x00000000a8500000| PB 0x00000000a8500000| Untracked 
| 646|0x00000000a8600000, 0x00000000a8600000, 0x00000000a8700000|  0%| F|  |TAMS 0x00000000a8600000| PB 0x00000000a8600000| Untracked 
| 647|0x00000000a8700000, 0x00000000a8700000, 0x00000000a8800000|  0%| F|  |TAMS 0x00000000a8700000| PB 0x00000000a8700000| Untracked 
| 648|0x00000000a8800000, 0x00000000a8800000, 0x00000000a8900000|  0%| F|  |TAMS 0x00000000a8800000| PB 0x00000000a8800000| Untracked 
| 649|0x00000000a8900000, 0x00000000a8900000, 0x00000000a8a00000|  0%| F|  |TAMS 0x00000000a8900000| PB 0x00000000a8900000| Untracked 
| 650|0x00000000a8a00000, 0x00000000a8a00000, 0x00000000a8b00000|  0%| F|  |TAMS 0x00000000a8a00000| PB 0x00000000a8a00000| Untracked 
| 651|0x00000000a8b00000, 0x00000000a8b00000, 0x00000000a8c00000|  0%| F|  |TAMS 0x00000000a8b00000| PB 0x00000000a8b00000| Untracked 
| 652|0x00000000a8c00000, 0x00000000a8c00000, 0x00000000a8d00000|  0%| F|  |TAMS 0x00000000a8c00000| PB 0x00000000a8c00000| Untracked 
| 653|0x00000000a8d00000, 0x00000000a8d00000, 0x00000000a8e00000|  0%| F|  |TAMS 0x00000000a8d00000| PB 0x00000000a8d00000| Untracked 
|2020|0x00000000fe400000, 0x00000000fe400000, 0x00000000fe500000|  0%| F|  |TAMS 0x00000000fe400000| PB 0x00000000fe400000| Untracked 
|2021|0x00000000fe500000, 0x00000000fe500000, 0x00000000fe600000|  0%| F|  |TAMS 0x00000000fe500000| PB 0x00000000fe500000| Untracked 
|2022|0x00000000fe600000, 0x00000000fe600000, 0x00000000fe700000|  0%| F|  |TAMS 0x00000000fe600000| PB 0x00000000fe600000| Untracked 
|2023|0x00000000fe700000, 0x00000000fe700000, 0x00000000fe800000|  0%| F|  |TAMS 0x00000000fe700000| PB 0x00000000fe700000| Untracked 
|2024|0x00000000fe800000, 0x00000000fe800000, 0x00000000fe900000|  0%| F|  |TAMS 0x00000000fe800000| PB 0x00000000fe800000| Untracked 
|2025|0x00000000fe900000, 0x00000000fea00000, 0x00000000fea00000|100%| O|  |TAMS 0x00000000fe900000| PB 0x00000000fe900000| Untracked 
|2026|0x00000000fea00000, 0x00000000feb00000, 0x00000000feb00000|100%| O|  |TAMS 0x00000000fea00000| PB 0x00000000fea00000| Untracked 
|2027|0x00000000feb00000, 0x00000000feb00000, 0x00000000fec00000|  0%| F|  |TAMS 0x00000000feb00000| PB 0x00000000feb00000| Untracked 
|2028|0x00000000fec00000, 0x00000000fec00000, 0x00000000fed00000|  0%| F|  |TAMS 0x00000000fec00000| PB 0x00000000fec00000| Untracked 
|2029|0x00000000fed00000, 0x00000000fed00000, 0x00000000fee00000|  0%| F|  |TAMS 0x00000000fed00000| PB 0x00000000fed00000| Untracked 
|2030|0x00000000fee00000, 0x00000000fee00000, 0x00000000fef00000|  0%| F|  |TAMS 0x00000000fee00000| PB 0x00000000fee00000| Untracked 
|2031|0x00000000fef00000, 0x00000000fef00000, 0x00000000ff000000|  0%| F|  |TAMS 0x00000000fef00000| PB 0x00000000fef00000| Untracked 
|2032|0x00000000ff000000, 0x00000000ff000000, 0x00000000ff100000|  0%| F|  |TAMS 0x00000000ff000000| PB 0x00000000ff000000| Untracked 
|2033|0x00000000ff100000, 0x00000000ff100000, 0x00000000ff200000|  0%| F|  |TAMS 0x00000000ff100000| PB 0x00000000ff100000| Untracked 
|2034|0x00000000ff200000, 0x00000000ff200000, 0x00000000ff300000|  0%| F|  |TAMS 0x00000000ff200000| PB 0x00000000ff200000| Untracked 
|2035|0x00000000ff300000, 0x00000000ff300000, 0x00000000ff400000|  0%| F|  |TAMS 0x00000000ff300000| PB 0x00000000ff300000| Untracked 
|2036|0x00000000ff400000, 0x00000000ff400000, 0x00000000ff500000|  0%| F|  |TAMS 0x00000000ff400000| PB 0x00000000ff400000| Untracked 
|2037|0x00000000ff500000, 0x00000000ff500000, 0x00000000ff600000|  0%| F|  |TAMS 0x00000000ff500000| PB 0x00000000ff500000| Untracked 
|2038|0x00000000ff600000, 0x00000000ff600000, 0x00000000ff700000|  0%| F|  |TAMS 0x00000000ff600000| PB 0x00000000ff600000| Untracked 
|2039|0x00000000ff700000, 0x00000000ff700000, 0x00000000ff800000|  0%| F|  |TAMS 0x00000000ff700000| PB 0x00000000ff700000| Untracked 
|2040|0x00000000ff800000, 0x00000000ff800000, 0x00000000ff900000|  0%| F|  |TAMS 0x00000000ff800000| PB 0x00000000ff800000| Untracked 
|2041|0x00000000ff900000, 0x00000000ff900000, 0x00000000ffa00000|  0%| F|  |TAMS 0x00000000ff900000| PB 0x00000000ff900000| Untracked 
|2042|0x00000000ffa00000, 0x00000000ffa00000, 0x00000000ffb00000|  0%| F|  |TAMS 0x00000000ffa00000| PB 0x00000000ffa00000| Untracked 
|2043|0x00000000ffb00000, 0x00000000ffb00000, 0x00000000ffc00000|  0%| F|  |TAMS 0x00000000ffb00000| PB 0x00000000ffb00000| Untracked 
|2044|0x00000000ffc00000, 0x00000000ffc00000, 0x00000000ffd00000|  0%| F|  |TAMS 0x00000000ffc00000| PB 0x00000000ffc00000| Untracked 
|2045|0x00000000ffd00000, 0x00000000ffd00000, 0x00000000ffe00000|  0%| F|  |TAMS 0x00000000ffd00000| PB 0x00000000ffd00000| Untracked 
|2046|0x00000000ffe00000, 0x00000000fff00000, 0x00000000fff00000|100%| O|  |TAMS 0x00000000ffe00000| PB 0x00000000ffe00000| Untracked 
|2047|0x00000000fff00000, 0x0000000100000000, 0x0000000100000000|100%| O|  |TAMS 0x00000000fff00000| PB 0x00000000fff00000| Untracked 

Card table byte_map: [0x000001f878090000,0x000001f878490000] _byte_map_base: 0x000001f877c90000

Marking Bits: (CMBitMap*) 0x000001f865645940
 Bits: [0x000001f878490000, 0x000001f87a490000)

Polling page: 0x000001f863930000

Metaspace:

Usage:
  Non-class:    133.56 MB used.
      Class:     21.00 MB used.
       Both:    154.56 MB used.

Virtual space:
  Non-class space:      192.00 MB reserved,     134.69 MB ( 70%) committed,  3 nodes.
      Class space:        1.00 GB reserved,      22.00 MB (  2%) committed,  1 nodes.
             Both:        1.19 GB reserved,     156.69 MB ( 13%) committed. 

Chunk freelists:
   Non-Class:  8.72 MB
       Class:  9.88 MB
        Both:  18.60 MB

MaxMetaspaceSize: unlimited
CompressedClassSpaceSize: 1.00 GB
Initial GC threshold: 21.00 MB
Current GC threshold: 261.06 MB
CDS: off
 - commit_granule_bytes: 65536.
 - commit_granule_words: 8192.
 - virtual_space_node_default_size: 8388608.
 - enlarge_chunks_in_place: 1.
 - use_allocation_guard: 0.


Internal statistics:

num_allocs_failed_limit: 6.
num_arena_births: 4360.
num_arena_deaths: 74.
num_vsnodes_births: 4.
num_vsnodes_deaths: 0.
num_space_committed: 2500.
num_space_uncommitted: 0.
num_chunks_returned_to_freelist: 124.
num_chunks_taken_from_freelist: 10829.
num_chunk_merges: 37.
num_chunk_splits: 7185.
num_chunks_enlarged: 4779.
num_inconsistent_stats: 0.

CodeHeap 'non-profiled nmethods': size=120000Kb used=13957Kb max_used=15850Kb free=106042Kb
 bounds [0x000001f870210000, 0x000001f8711c0000, 0x000001f877740000]
CodeHeap 'profiled nmethods': size=120000Kb used=34067Kb max_used=41200Kb free=85932Kb
 bounds [0x000001f868740000, 0x000001f86afa0000, 0x000001f86fc70000]
CodeHeap 'non-nmethods': size=5760Kb used=3015Kb max_used=3093Kb free=2744Kb
 bounds [0x000001f86fc70000, 0x000001f86ff80000, 0x000001f870210000]
CodeCache: size=245760Kb, used=51039Kb, max_used=60143Kb, free=194718Kb
 total_blobs=16579, nmethods=15492, adapters=990, full_count=0
Compilation: enabled, stopped_count=0, restarted_count=0

Compilation events (20 events):
Event: 227.382 Thread 0x000001f87d2d4310 34330       1       com.android.tools.r8.H::isBase (2 bytes)
Event: 227.382 Thread 0x000001f87d2d4310 nmethod 34330 0x000001f8704dae10 code [0x000001f8704dafa0, 0x000001f8704db068]
Event: 227.383 Thread 0x000001f87d2d4310 34331       1       com.android.tools.r8.graph.E0::getOrigin (5 bytes)
Event: 227.383 Thread 0x000001f87d2d4310 nmethod 34331 0x000001f8704e9890 code [0x000001f8704e9a20, 0x000001f8704e9ae8]
Event: 227.392 Thread 0x000001f87d2d4310 34332       2       com.android.tools.r8.internal.bg::a (24 bytes)
Event: 227.393 Thread 0x000001f87d2d4310 nmethod 34332 0x000001f868bef690 code [0x000001f868bef840, 0x000001f868bef9c8]
Event: 227.393 Thread 0x000001f87d2d4310 34333       2       com.android.tools.r8.internal.bg::a (26 bytes)
Event: 227.394 Thread 0x000001f87d2d4310 nmethod 34333 0x000001f8699aa110 code [0x000001f8699aa2e0, 0x000001f8699aa4f0]
Event: 227.394 Thread 0x000001f87d2d4310 34334       2       com.android.tools.r8.internal.Uw::b (13 bytes)
Event: 227.395 Thread 0x000001f87d2d4310 nmethod 34334 0x000001f86a3f6610 code [0x000001f86a3f67c0, 0x000001f86a3f6900]
Event: 227.395 Thread 0x000001f87d2d4310 34335       2       com.android.tools.r8.dex.code.Y0::a (17 bytes)
Event: 227.396 Thread 0x000001f87d2d4310 nmethod 34335 0x000001f868bf3810 code [0x000001f868bf39c0, 0x000001f868bf3b40]
Event: 227.396 Thread 0x000001f87d2d4310 34336       2       com.android.tools.r8.dex.code.Y0$$Lambda/0x0000000101566e50::a (5 bytes)
Event: 227.396 Thread 0x000001f87d2d4310 nmethod 34336 0x000001f86a436f10 code [0x000001f86a4370c0, 0x000001f86a4371e0]
Event: 227.501 Thread 0x000001f8062700c0 nmethod 34291 0x000001f8704b4610 code [0x000001f8704b4f20, 0x000001f8704bb150]
Event: 227.502 Thread 0x000001f8062700c0 34337 %     4       com.android.tools.r8.ir.regalloc.b::b @ 2453 (4458 bytes)
Event: 227.526 Thread 0x000001f87d2d4310 34341       2       com.android.tools.r8.graph.E0::getReference (5 bytes)
Event: 227.527 Thread 0x000001f87d2d4310 nmethod 34341 0x000001f86a468890 code [0x000001f86a468a20, 0x000001f86a468b28]
Event: 227.528 Thread 0x000001f87d2d4310 34342       3       java.util.concurrent.ConcurrentHashMap$TreeNode::findTreeNode (177 bytes)
Event: 227.530 Thread 0x000001f87d2d4310 nmethod 34342 0x000001f868ea3790 code [0x000001f868ea39e0, 0x000001f868ea43a0]

GC Heap History (20 events):
Event: 218.407 GC heap after
{Heap after GC invocations=114 (full 0):
 garbage-first heap   total 611328K, used 308224K [0x0000000080000000, 0x0000000100000000)
  region size 1024K, 22 young (22528K), 22 survivors (22528K)
 Metaspace       used 154079K, committed 156288K, reserved 1245184K
  class space    used 21102K, committed 22144K, reserved 1048576K
}
Event: 219.107 GC heap before
{Heap before GC invocations=114 (full 0):
 garbage-first heap   total 611328K, used 545792K [0x0000000080000000, 0x0000000100000000)
  region size 1024K, 255 young (261120K), 22 survivors (22528K)
 Metaspace       used 155265K, committed 157504K, reserved 1245184K
  class space    used 21259K, committed 22336K, reserved 1048576K
}
Event: 219.135 GC heap after
{Heap after GC invocations=115 (full 0):
 garbage-first heap   total 611328K, used 325522K [0x0000000080000000, 0x0000000100000000)
  region size 1024K, 18 young (18432K), 18 survivors (18432K)
 Metaspace       used 155265K, committed 157504K, reserved 1245184K
  class space    used 21259K, committed 22336K, reserved 1048576K
}
Event: 220.493 GC heap before
{Heap before GC invocations=115 (full 0):
 garbage-first heap   total 611328K, used 538514K [0x0000000080000000, 0x0000000100000000)
  region size 1024K, 241 young (246784K), 18 survivors (18432K)
 Metaspace       used 156377K, committed 158464K, reserved 1245184K
  class space    used 21389K, committed 22400K, reserved 1048576K
}
Event: 220.524 GC heap after
{Heap after GC invocations=116 (full 0):
 garbage-first heap   total 698368K, used 326516K [0x0000000080000000, 0x0000000100000000)
  region size 1024K, 16 young (16384K), 16 survivors (16384K)
 Metaspace       used 156377K, committed 158464K, reserved 1245184K
  class space    used 21389K, committed 22400K, reserved 1048576K
}
Event: 221.554 GC heap before
{Heap before GC invocations=117 (full 0):
 garbage-first heap   total 698368K, used 625524K [0x0000000080000000, 0x0000000100000000)
  region size 1024K, 309 young (316416K), 16 survivors (16384K)
 Metaspace       used 156957K, committed 159168K, reserved 1245184K
  class space    used 21427K, committed 22464K, reserved 1048576K
}
Event: 221.590 GC heap after
{Heap after GC invocations=118 (full 0):
 garbage-first heap   total 698368K, used 351570K [0x0000000080000000, 0x0000000100000000)
  region size 1024K, 39 young (39936K), 39 survivors (39936K)
 Metaspace       used 156957K, committed 159168K, reserved 1245184K
  class space    used 21427K, committed 22464K, reserved 1048576K
}
Event: 222.597 GC heap before
{Heap before GC invocations=118 (full 0):
 garbage-first heap   total 698368K, used 620882K [0x0000000080000000, 0x0000000100000000)
  region size 1024K, 303 young (310272K), 39 survivors (39936K)
 Metaspace       used 157401K, committed 159616K, reserved 1245184K
  class space    used 21446K, committed 22528K, reserved 1048576K
}
Event: 222.645 GC heap after
{Heap after GC invocations=119 (full 0):
 garbage-first heap   total 698368K, used 364032K [0x0000000080000000, 0x0000000100000000)
  region size 1024K, 26 young (26624K), 26 survivors (26624K)
 Metaspace       used 157401K, committed 159616K, reserved 1245184K
  class space    used 21446K, committed 22528K, reserved 1048576K
}
Event: 223.410 GC heap before
{Heap before GC invocations=119 (full 0):
 garbage-first heap   total 698368K, used 631296K [0x0000000080000000, 0x0000000100000000)
  region size 1024K, 288 young (294912K), 26 survivors (26624K)
 Metaspace       used 157725K, committed 159936K, reserved 1245184K
  class space    used 21472K, committed 22528K, reserved 1048576K
}
Event: 223.442 GC heap after
{Heap after GC invocations=120 (full 0):
 garbage-first heap   total 698368K, used 381433K [0x0000000080000000, 0x0000000100000000)
  region size 1024K, 19 young (19456K), 19 survivors (19456K)
 Metaspace       used 157725K, committed 159936K, reserved 1245184K
  class space    used 21472K, committed 22528K, reserved 1048576K
}
Event: 224.257 GC heap before
{Heap before GC invocations=121 (full 0):
 garbage-first heap   total 698368K, used 636409K [0x0000000080000000, 0x0000000100000000)
  region size 1024K, 270 young (276480K), 19 survivors (19456K)
 Metaspace       used 157836K, committed 160000K, reserved 1245184K
  class space    used 21480K, committed 22528K, reserved 1048576K
}
Event: 224.280 GC heap after
{Heap after GC invocations=122 (full 0):
 garbage-first heap   total 698368K, used 387584K [0x0000000080000000, 0x0000000100000000)
  region size 1024K, 26 young (26624K), 26 survivors (26624K)
 Metaspace       used 157836K, committed 160000K, reserved 1245184K
  class space    used 21480K, committed 22528K, reserved 1048576K
}
Event: 224.927 GC heap before
{Heap before GC invocations=122 (full 0):
 garbage-first heap   total 698368K, used 634368K [0x0000000080000000, 0x0000000100000000)
  region size 1024K, 268 young (274432K), 26 survivors (26624K)
 Metaspace       used 157970K, committed 160128K, reserved 1245184K
  class space    used 21483K, committed 22528K, reserved 1048576K
}
Event: 224.970 GC heap after
{Heap after GC invocations=123 (full 0):
 garbage-first heap   total 698368K, used 355461K [0x0000000080000000, 0x0000000100000000)
  region size 1024K, 20 young (20480K), 20 survivors (20480K)
 Metaspace       used 157970K, committed 160128K, reserved 1245184K
  class space    used 21483K, committed 22528K, reserved 1048576K
}
Event: 225.686 GC heap before
{Heap before GC invocations=123 (full 0):
 garbage-first heap   total 698368K, used 640133K [0x0000000080000000, 0x0000000100000000)
  region size 1024K, 299 young (306176K), 20 survivors (20480K)
 Metaspace       used 158169K, committed 160320K, reserved 1245184K
  class space    used 21502K, committed 22528K, reserved 1048576K
}
Event: 225.707 GC heap after
{Heap after GC invocations=124 (full 0):
 garbage-first heap   total 698368K, used 359655K [0x0000000080000000, 0x0000000100000000)
  region size 1024K, 24 young (24576K), 24 survivors (24576K)
 Metaspace       used 158169K, committed 160320K, reserved 1245184K
  class space    used 21502K, committed 22528K, reserved 1048576K
}
Event: 226.711 GC heap before
{Heap before GC invocations=125 (full 0):
 garbage-first heap   total 698368K, used 637159K [0x0000000080000000, 0x0000000100000000)
  region size 1024K, 295 young (302080K), 24 survivors (24576K)
 Metaspace       used 158253K, committed 160384K, reserved 1245184K
  class space    used 21505K, committed 22528K, reserved 1048576K
}
Event: 226.733 GC heap after
{Heap after GC invocations=126 (full 0):
 garbage-first heap   total 698368K, used 362918K [0x0000000080000000, 0x0000000100000000)
  region size 1024K, 19 young (19456K), 19 survivors (19456K)
 Metaspace       used 158253K, committed 160384K, reserved 1245184K
  class space    used 21505K, committed 22528K, reserved 1048576K
}
Event: 227.537 GC heap before
{Heap before GC invocations=126 (full 0):
 garbage-first heap   total 698368K, used 641446K [0x0000000080000000, 0x0000000100000000)
  region size 1024K, 292 young (299008K), 19 survivors (19456K)
 Metaspace       used 158274K, committed 160448K, reserved 1245184K
  class space    used 21505K, committed 22528K, reserved 1048576K
}

Dll operation events (3 events):
Event: 0.056 Loaded shared library D:\android studio\jbr\bin\java.dll
Event: 0.077 Loaded shared library D:\android studio\jbr\bin\zip.dll
Event: 1.838 Loaded shared library D:\android studio\jbr\bin\verify.dll

Deoptimization events (20 events):
Event: 227.102 Thread 0x000001f806dec670 DEOPT PACKING pc=0x000001f86aacea27 sp=0x0000001843ff9990
Event: 227.102 Thread 0x000001f806dec670 DEOPT UNPACKING pc=0x000001f86fcc4e42 sp=0x0000001843ff91f0 mode 0
Event: 227.113 Thread 0x000001f80cf208a0 DEOPT PACKING pc=0x000001f86aacea27 sp=0x00000018451f8fd0
Event: 227.113 Thread 0x000001f80cf208a0 DEOPT UNPACKING pc=0x000001f86fcc4e42 sp=0x00000018451f8830 mode 0
Event: 227.179 Thread 0x000001f87ea5e960 DEOPT PACKING pc=0x000001f86ac2b49c sp=0x00000018441f97d0
Event: 227.179 Thread 0x000001f87ea5e960 DEOPT UNPACKING pc=0x000001f86fcc4e42 sp=0x00000018441f8db0 mode 0
Event: 227.233 Thread 0x000001f806dec670 DEOPT PACKING pc=0x000001f86aacea27 sp=0x0000001843ff9990
Event: 227.233 Thread 0x000001f806dec670 DEOPT UNPACKING pc=0x000001f86fcc4e42 sp=0x0000001843ff91f0 mode 0
Event: 227.310 Thread 0x000001f87fd04510 DEOPT PACKING pc=0x000001f86aace44d sp=0x00000018443f93d0
Event: 227.310 Thread 0x000001f87fd04510 DEOPT UNPACKING pc=0x000001f86fcc4e42 sp=0x00000018443f8c38 mode 0
Event: 227.353 Thread 0x000001f87fd04510 DEOPT PACKING pc=0x000001f86ac2b49c sp=0x00000018443f9650
Event: 227.353 Thread 0x000001f87fd04510 DEOPT UNPACKING pc=0x000001f86fcc4e42 sp=0x00000018443f8c30 mode 0
Event: 227.461 Thread 0x000001f87fd01db0 DEOPT PACKING pc=0x000001f86ac255c6 sp=0x00000018415f6c60
Event: 227.461 Thread 0x000001f87fd01db0 DEOPT UNPACKING pc=0x000001f86fcc4e42 sp=0x00000018415f6268 mode 0
Event: 227.476 Thread 0x000001f806de8b60 DEOPT PACKING pc=0x000001f86aacea27 sp=0x0000001843df96a0
Event: 227.476 Thread 0x000001f806de8b60 DEOPT UNPACKING pc=0x000001f86fcc4e42 sp=0x0000001843df8f00 mode 0
Event: 227.510 Thread 0x000001f87ea5e960 DEOPT PACKING pc=0x000001f86ac2b49c sp=0x00000018441f97d0
Event: 227.510 Thread 0x000001f87ea5e960 DEOPT UNPACKING pc=0x000001f86fcc4e42 sp=0x00000018441f8db0 mode 0
Event: 227.527 Thread 0x000001f87fd04510 DEOPT PACKING pc=0x000001f86aace44d sp=0x00000018443f93d0
Event: 227.527 Thread 0x000001f87fd04510 DEOPT UNPACKING pc=0x000001f86fcc4e42 sp=0x00000018443f8c38 mode 0

Classes loaded (20 events):
Event: 215.621 Loading class java/util/SortedSet$1
Event: 215.622 Loading class java/util/SortedSet$1 done
Event: 215.631 Loading class java/util/stream/SliceOps
Event: 215.633 Loading class java/util/stream/SliceOps done
Event: 215.633 Loading class java/util/stream/SliceOps$1
Event: 215.635 Loading class java/util/stream/SliceOps$1 done
Event: 215.636 Loading class java/util/stream/SliceOps$1$1
Event: 215.636 Loading class java/util/stream/SliceOps$1$1 done
Event: 215.656 Loading class java/util/PriorityQueue
Event: 215.657 Loading class java/util/PriorityQueue done
Event: 215.842 Loading class java/util/AbstractList$SubList
Event: 215.844 Loading class java/util/AbstractList$SubList done
Event: 215.844 Loading class java/util/AbstractList$SubList$1
Event: 215.845 Loading class java/util/AbstractList$SubList$1 done
Event: 217.756 Loading class java/nio/ByteBufferAsShortBufferL
Event: 217.759 Loading class java/nio/ByteBufferAsShortBufferL done
Event: 217.783 Loading class java/util/zip/Adler32
Event: 217.790 Loading class java/util/zip/Adler32 done
Event: 217.812 Loading class java/nio/file/Files$2
Event: 217.814 Loading class java/nio/file/Files$2 done

Classes unloaded (20 events):
Event: 219.457 Thread 0x000001f87d0bc2a0 Unloading class 0x00000001014de000 'java/lang/invoke/LambdaForm$DMH+0x00000001014de000'
Event: 219.457 Thread 0x000001f87d0bc2a0 Unloading class 0x00000001014dd800 'java/lang/invoke/LambdaForm$DMH+0x00000001014dd800'
Event: 219.457 Thread 0x000001f87d0bc2a0 Unloading class 0x00000001014dc800 'java/lang/invoke/LambdaForm$DMH+0x00000001014dc800'
Event: 219.457 Thread 0x000001f87d0bc2a0 Unloading class 0x00000001014dc400 'java/lang/invoke/LambdaForm$DMH+0x00000001014dc400'
Event: 219.457 Thread 0x000001f87d0bc2a0 Unloading class 0x00000001014dcc00 'java/lang/invoke/LambdaForm$DMH+0x00000001014dcc00'
Event: 219.457 Thread 0x000001f87d0bc2a0 Unloading class 0x00000001014ddc00 'java/lang/invoke/LambdaForm$DMH+0x00000001014ddc00'
Event: 219.457 Thread 0x000001f87d0bc2a0 Unloading class 0x00000001014dc000 'java/lang/invoke/LambdaForm$DMH+0x00000001014dc000'
Event: 219.457 Thread 0x000001f87d0bc2a0 Unloading class 0x00000001014dd400 'java/lang/invoke/LambdaForm$DMH+0x00000001014dd400'
Event: 219.457 Thread 0x000001f87d0bc2a0 Unloading class 0x00000001014a0c00 'java/lang/invoke/LambdaForm$DMH+0x00000001014a0c00'
Event: 219.457 Thread 0x000001f87d0bc2a0 Unloading class 0x00000001014a0800 'java/lang/invoke/LambdaForm$DMH+0x00000001014a0800'
Event: 219.457 Thread 0x000001f87d0bc2a0 Unloading class 0x00000001014a0000 'java/lang/invoke/LambdaForm$DMH+0x00000001014a0000'
Event: 219.457 Thread 0x000001f87d0bc2a0 Unloading class 0x0000000101434400 'java/lang/invoke/LambdaForm$DMH+0x0000000101434400'
Event: 219.457 Thread 0x000001f87d0bc2a0 Unloading class 0x000000010140d400 'java/lang/invoke/LambdaForm$DMH+0x000000010140d400'
Event: 219.457 Thread 0x000001f87d0bc2a0 Unloading class 0x000000010140d000 'java/lang/invoke/LambdaForm$DMH+0x000000010140d000'
Event: 219.457 Thread 0x000001f87d0bc2a0 Unloading class 0x000000010140cc00 'java/lang/invoke/LambdaForm$DMH+0x000000010140cc00'
Event: 219.457 Thread 0x000001f87d0bc2a0 Unloading class 0x000000010140c800 'java/lang/invoke/LambdaForm$DMH+0x000000010140c800'
Event: 219.457 Thread 0x000001f87d0bc2a0 Unloading class 0x000000010140c000 'java/lang/invoke/LambdaForm$DMH+0x000000010140c000'
Event: 219.457 Thread 0x000001f87d0bc2a0 Unloading class 0x0000000101388800 'java/lang/invoke/LambdaForm$DMH+0x0000000101388800'
Event: 219.457 Thread 0x000001f87d0bc2a0 Unloading class 0x0000000101388400 'java/lang/invoke/LambdaForm$DMH+0x0000000101388400'
Event: 219.457 Thread 0x000001f87d0bc2a0 Unloading class 0x0000000101324400 'java/lang/invoke/LambdaForm$DMH+0x0000000101324400'

Classes redefined (0 events):
No events

Internal exceptions (20 events):
Event: 219.339 Thread 0x000001f87ea5e960 Exception <a 'sun/nio/fs/WindowsException'{0x00000000a2c8fdd8}> (0x00000000a2c8fdd8) 
thrown [s\src\hotspot\share\prims\jni.cpp, line 537]
Event: 220.473 Thread 0x000001f80cf1dab0 Exception <a 'sun/nio/fs/WindowsException'{0x000000009700fcb0}> (0x000000009700fcb0) 
thrown [s\src\hotspot\share\prims\jni.cpp, line 537]
Event: 220.735 Thread 0x000001f806ded390 Exception <a 'sun/nio/fs/WindowsException'{0x00000000a6cddd48}> (0x00000000a6cddd48) 
thrown [s\src\hotspot\share\prims\jni.cpp, line 537]
Event: 221.125 Thread 0x000001f87fd04510 Exception <a 'sun/nio/fs/WindowsException'{0x00000000a101ba40}> (0x00000000a101ba40) 
thrown [s\src\hotspot\share\prims\jni.cpp, line 537]
Event: 221.136 Thread 0x000001f806de8b60 Exception <a 'sun/nio/fs/WindowsException'{0x00000000a1909890}> (0x00000000a1909890) 
thrown [s\src\hotspot\share\prims\jni.cpp, line 537]
Event: 221.812 Thread 0x000001f806ded390 Exception <a 'sun/nio/fs/WindowsException'{0x00000000a6fdc730}> (0x00000000a6fdc730) 
thrown [s\src\hotspot\share\prims\jni.cpp, line 537]
Event: 222.417 Thread 0x000001f806dec670 Exception <a 'sun/nio/fs/WindowsException'{0x000000009ea43758}> (0x000000009ea43758) 
thrown [s\src\hotspot\share\prims\jni.cpp, line 537]
Event: 222.797 Thread 0x000001f806de8b60 Exception <a 'sun/nio/fs/WindowsException'{0x00000000a831b938}> (0x00000000a831b938) 
thrown [s\src\hotspot\share\prims\jni.cpp, line 537]
Event: 223.092 Thread 0x000001f80cf1dab0 Exception <a 'sun/nio/fs/WindowsException'{0x00000000a1268738}> (0x00000000a1268738) 
thrown [s\src\hotspot\share\prims\jni.cpp, line 537]
Event: 223.383 Thread 0x000001f8068f8d10 Exception <a 'sun/nio/fs/WindowsException'{0x000000009ac84130}> (0x000000009ac84130) 
thrown [s\src\hotspot\share\prims\jni.cpp, line 537]
Event: 223.967 Thread 0x000001f8068f8d10 Exception <a 'sun/nio/fs/WindowsException'{0x00000000a0eb7080}> (0x00000000a0eb7080) 
thrown [s\src\hotspot\share\prims\jni.cpp, line 537]
Event: 224.765 Thread 0x000001f806dec670 Implicit null exception at 0x000001f8708e1158 to 0x000001f8708e15fc
Event: 225.021 Thread 0x000001f806de8b60 Exception <a 'sun/nio/fs/WindowsException'{0x00000000feb096c8}> (0x00000000feb096c8) 
thrown [s\src\hotspot\share\prims\jni.cpp, line 537]
Event: 225.116 Thread 0x000001f8068f8680 Exception <a 'sun/nio/fs/WindowsException'{0x00000000a620cd20}> (0x00000000a620cd20) 
thrown [s\src\hotspot\share\prims\jni.cpp, line 537]
Event: 225.419 Thread 0x000001f806de8b60 Exception <a 'sun/nio/fs/WindowsException'{0x000000009e7e6ac8}> (0x000000009e7e6ac8) 
thrown [s\src\hotspot\share\prims\jni.cpp, line 537]
Event: 225.563 Thread 0x000001f806ded390 Exception <a 'java/lang/NoSuchMethodError'{0x000000009bbc4160}: 'java.lang.Object java.lang.invoke.DirectMethodHandle$Holder.newInvokeSpecial(java.lang.Object, int, java.lang.Object, java.lang.Object)'> (0x000000009bbc4160) 
thrown [s\src\hotspot\share\interpreter\linkResolver.cpp, line 784]
Event: 225.571 Thread 0x000001f806ded390 Exception <a 'java/lang/NoSuchMethodError'{0x000000009bbc84d0}: 'java.lang.Object java.lang.invoke.DirectMethodHandle$Holder.invokeSpecial(java.lang.Object, java.lang.Object, int, java.lang.Object, java.lang.Object)'> (0x000000009bbc84d0) 
thrown [s\src\hotspot\share\interpreter\linkResolver.cpp, line 784]
Event: 225.763 Thread 0x000001f80cf1e140 Implicit null exception at 0x000001f870399806 to 0x000001f8703999e8
Event: 225.827 Thread 0x000001f806ded390 Exception <a 'sun/nio/fs/WindowsException'{0x00000000a88b6410}> (0x00000000a88b6410) 
thrown [s\src\hotspot\share\prims\jni.cpp, line 537]
Event: 226.334 Thread 0x000001f8068f8d10 Exception <a 'sun/nio/fs/WindowsException'{0x00000000a1280498}> (0x00000000a1280498) 
thrown [s\src\hotspot\share\prims\jni.cpp, line 537]

ZGC Phase Switch (0 events):
No events

VM Operations (20 events):
Event: 223.826 Executing VM operation: G1PauseRemark done
Event: 224.160 Executing VM operation: G1PauseCleanup
Event: 224.162 Executing VM operation: G1PauseCleanup done
Event: 224.253 Executing VM operation: G1CollectForAllocation (G1 Evacuation Pause)
Event: 224.280 Executing VM operation: G1CollectForAllocation (G1 Evacuation Pause) done
Event: 224.914 Executing VM operation: ICBufferFull
Event: 224.915 Executing VM operation: ICBufferFull done
Event: 224.926 Executing VM operation: G1CollectForAllocation (G1 Evacuation Pause)
Event: 224.970 Executing VM operation: G1CollectForAllocation (G1 Evacuation Pause) done
Event: 225.553 Executing VM operation: ICBufferFull
Event: 225.554 Executing VM operation: ICBufferFull done
Event: 225.686 Executing VM operation: G1CollectForAllocation (G1 Evacuation Pause)
Event: 225.707 Executing VM operation: G1CollectForAllocation (G1 Evacuation Pause) done
Event: 226.053 Executing VM operation: G1PauseRemark
Event: 226.070 Executing VM operation: G1PauseRemark done
Event: 226.442 Executing VM operation: G1PauseCleanup
Event: 226.443 Executing VM operation: G1PauseCleanup done
Event: 226.711 Executing VM operation: G1CollectForAllocation (G1 Evacuation Pause)
Event: 226.733 Executing VM operation: G1CollectForAllocation (G1 Evacuation Pause) done
Event: 227.537 Executing VM operation: G1CollectForAllocation (G1 Evacuation Pause)

Memory protections (0 events):
No events

Nmethod flushes (20 events):
Event: 226.067 Thread 0x000001f87d0bc2a0 flushing  nmethod 0x000001f869f51890
Event: 226.067 Thread 0x000001f87d0bc2a0 flushing  nmethod 0x000001f869f53010
Event: 226.067 Thread 0x000001f87d0bc2a0 flushing  nmethod 0x000001f869f96710
Event: 226.067 Thread 0x000001f87d0bc2a0 flushing  nmethod 0x000001f86a199a90
Event: 226.067 Thread 0x000001f87d0bc2a0 flushing  nmethod 0x000001f86a1a1990
Event: 226.067 Thread 0x000001f87d0bc2a0 flushing  nmethod 0x000001f86a1d8d10
Event: 226.067 Thread 0x000001f87d0bc2a0 flushing  nmethod 0x000001f86a2f1b90
Event: 226.067 Thread 0x000001f87d0bc2a0 flushing  nmethod 0x000001f86a2f3990
Event: 226.067 Thread 0x000001f87d0bc2a0 flushing  nmethod 0x000001f86a36a310
Event: 226.067 Thread 0x000001f87d0bc2a0 flushing  nmethod 0x000001f86a3b4090
Event: 226.067 Thread 0x000001f87d0bc2a0 flushing  nmethod 0x000001f86a3b6a90
Event: 226.067 Thread 0x000001f87d0bc2a0 flushing  nmethod 0x000001f86a508790
Event: 226.067 Thread 0x000001f87d0bc2a0 flushing  nmethod 0x000001f86a509e10
Event: 226.067 Thread 0x000001f87d0bc2a0 flushing  nmethod 0x000001f86a8cd810
Event: 226.067 Thread 0x000001f87d0bc2a0 flushing  nmethod 0x000001f86ac7b390
Event: 226.067 Thread 0x000001f87d0bc2a0 flushing  nmethod 0x000001f86ac80e90
Event: 226.067 Thread 0x000001f87d0bc2a0 flushing  nmethod 0x000001f86ad10490
Event: 226.067 Thread 0x000001f87d0bc2a0 flushing  nmethod 0x000001f86ada8c90
Event: 226.067 Thread 0x000001f87d0bc2a0 flushing  nmethod 0x000001f86ada9790
Event: 226.067 Thread 0x000001f87d0bc2a0 flushing osr nmethod 0x000001f86af32290

Events (20 events):
Event: 171.502 Thread 0x000001f87fcfd580 Thread added: 0x000001f806647a50
Event: 171.503 Thread 0x000001f87fcfd580 Thread added: 0x000001f8066480e0
Event: 171.503 Thread 0x000001f87fcfd580 Thread added: 0x000001f806648e00
Event: 173.014 Thread 0x000001f80e575be0 Thread exited: 0x000001f80e575be0
Event: 190.254 Thread 0x000001f87fd01db0 Thread added: 0x000001f80cc8b4c0
Event: 192.293 Thread 0x000001f806644c60 Thread exited: 0x000001f806644c60
Event: 192.320 Thread 0x000001f806648770 Thread exited: 0x000001f806648770
Event: 192.348 Thread 0x000001f806646d30 Thread exited: 0x000001f806646d30
Event: 192.890 Thread 0x000001f87d2d4310 Thread added: 0x000001f80cc77cc0
Event: 193.102 Thread 0x000001f80cc77cc0 Thread exited: 0x000001f80cc77cc0
Event: 194.003 Thread 0x000001f87d2d4310 Thread added: 0x000001f806dcf450
Event: 194.953 Thread 0x000001f87d2d3870 Thread added: 0x000001f80e560fa0
Event: 196.954 Thread 0x000001f80e560fa0 Thread exited: 0x000001f80e560fa0
Event: 196.954 Thread 0x000001f806dcf450 Thread exited: 0x000001f806dcf450
Event: 200.478 Thread 0x000001f87d2d4310 Thread added: 0x000001f80d6360b0
Event: 203.960 Thread 0x000001f80d6360b0 Thread exited: 0x000001f80d6360b0
Event: 204.008 Thread 0x000001f87d2d3870 Thread added: 0x000001f80c8ba1a0
Event: 205.141 Thread 0x000001f80c8ba1a0 Thread exited: 0x000001f80c8ba1a0
Event: 205.272 Thread 0x000001f87fd01db0 Thread added: 0x000001f80d49bd60
Event: 208.944 Thread 0x000001f87d2d3870 Thread added: 0x000001f8062700c0


Dynamic libraries:
0x00007ff6da420000 - 0x00007ff6da42a000 	D:\android studio\jbr\bin\java.exe
0x00007ff8b2e00000 - 0x00007ff8b3067000 	C:\WINDOWS\SYSTEM32\ntdll.dll
0x00007ff8b26a0000 - 0x00007ff8b2769000 	C:\WINDOWS\System32\KERNEL32.DLL
0x00007ff8b03d0000 - 0x00007ff8b07c4000 	C:\WINDOWS\System32\KERNELBASE.dll
0x00007ff8b0990000 - 0x00007ff8b0adb000 	C:\WINDOWS\System32\ucrtbase.dll
0x00007ff8aee20000 - 0x00007ff8aee38000 	D:\android studio\jbr\bin\jli.dll
0x00007ff8b24c0000 - 0x00007ff8b2685000 	C:\WINDOWS\System32\USER32.dll
0x00007ff8afff0000 - 0x00007ff8b0017000 	C:\WINDOWS\System32\win32u.dll
0x00007ff8b0fd0000 - 0x00007ff8b0ffb000 	C:\WINDOWS\System32\GDI32.dll
0x00007ff86da20000 - 0x00007ff86da3b000 	D:\android studio\jbr\bin\VCRUNTIME140.dll
0x00007ff8aead0000 - 0x00007ff8aed63000 	C:\WINDOWS\WinSxS\amd64_microsoft.windows.common-controls_6595b64144ccf1df_6.0.26100.8115_none_3e075c82e3354f9c\COMCTL32.dll
0x00007ff8b07d0000 - 0x00007ff8b08fb000 	C:\WINDOWS\System32\gdi32full.dll
0x00007ff8b0d70000 - 0x00007ff8b0e19000 	C:\WINDOWS\System32\msvcrt.dll
0x00007ff8b0ae0000 - 0x00007ff8b0b83000 	C:\WINDOWS\System32\msvcp_win.dll
0x00007ff8b0e20000 - 0x00007ff8b0e52000 	C:\WINDOWS\System32\IMM32.DLL
0x00007ff87bd70000 - 0x00007ff87bd7c000 	D:\android studio\jbr\bin\vcruntime140_1.dll
0x00007ff899da0000 - 0x00007ff899e2d000 	D:\android studio\jbr\bin\msvcp140.dll
0x00007ff8262d0000 - 0x00007ff826f66000 	D:\android studio\jbr\bin\server\jvm.dll
0x00007ff8b1210000 - 0x00007ff8b12c6000 	C:\WINDOWS\System32\ADVAPI32.dll
0x00007ff8b2d10000 - 0x00007ff8b2db7000 	C:\WINDOWS\System32\sechost.dll
0x00007ff8b1020000 - 0x00007ff8b1138000 	C:\WINDOWS\System32\RPCRT4.dll
0x00007ff8b2c00000 - 0x00007ff8b2c80000 	C:\WINDOWS\System32\WS2_32.dll
0x00007ff8a2ed0000 - 0x00007ff8a2f06000 	C:\WINDOWS\SYSTEM32\WINMM.dll
0x00007ff8a5bf0000 - 0x00007ff8a5bfb000 	C:\WINDOWS\SYSTEM32\VERSION.dll
0x00007ff8af550000 - 0x00007ff8af5ae000 	C:\WINDOWS\SYSTEM32\POWRPROF.dll
0x00007ff8af510000 - 0x00007ff8af524000 	C:\WINDOWS\SYSTEM32\UMPDC.dll
0x00007ff8adaf0000 - 0x00007ff8adb0b000 	C:\WINDOWS\SYSTEM32\kernel.appcore.dll
0x00007ff86dc30000 - 0x00007ff86dc3a000 	D:\android studio\jbr\bin\jimage.dll
0x00007ff8aee80000 - 0x00007ff8af0c2000 	C:\WINDOWS\SYSTEM32\DBGHELP.DLL
0x00007ff8b2130000 - 0x00007ff8b24b2000 	C:\WINDOWS\System32\combase.dll
0x00007ff8b1fd0000 - 0x00007ff8b20a8000 	C:\WINDOWS\System32\OLEAUT32.dll
0x00007ff8aed70000 - 0x00007ff8aedab000 	C:\WINDOWS\SYSTEM32\dbgcore.DLL
0x00007ff8af6d0000 - 0x00007ff8af775000 	C:\WINDOWS\System32\bcryptPrimitives.dll
0x00007ff8aee10000 - 0x00007ff8aee1e000 	D:\android studio\jbr\bin\instrument.dll
0x00007ff82eae0000 - 0x00007ff82eb00000 	D:\android studio\jbr\bin\java.dll
0x00007ff82eac0000 - 0x00007ff82ead8000 	D:\android studio\jbr\bin\zip.dll
0x00007ff8b13d0000 - 0x00007ff8b1b37000 	C:\WINDOWS\System32\SHELL32.dll
0x00007ff8b0260000 - 0x00007ff8b03ca000 	C:\WINDOWS\System32\wintypes.dll
0x00007ff8af780000 - 0x00007ff8affe8000 	C:\WINDOWS\System32\windows.storage.dll
0x00007ff8b2b00000 - 0x00007ff8b2bf8000 	C:\WINDOWS\System32\SHCORE.dll
0x00007ff8b1140000 - 0x00007ff8b11a6000 	C:\WINDOWS\System32\shlwapi.dll
0x00007ff8af5f0000 - 0x00007ff8af619000 	C:\WINDOWS\SYSTEM32\profapi.dll
0x00007ff86da90000 - 0x00007ff86daa0000 	D:\android studio\jbr\bin\net.dll
0x00007ff8a5e80000 - 0x00007ff8a5fad000 	C:\WINDOWS\SYSTEM32\WINHTTP.dll
0x00007ff8ae000000 - 0x00007ff8ae06c000 	C:\WINDOWS\system32\mswsock.dll
0x00007ff82eaa0000 - 0x00007ff82eab6000 	D:\android studio\jbr\bin\nio.dll
0x00007ff82e7f0000 - 0x00007ff82e800000 	D:\android studio\jbr\bin\verify.dll
0x00007ff88bcb0000 - 0x00007ff88bcd7000 	D:\gradle\native\c067742578af261105cb4f569cf0c3c89f3d7b1fecec35dd04571415982c5e48\windows-amd64\native-platform.dll
0x00007ff88b3b0000 - 0x00007ff88b4f4000 	D:\gradle\native\38dada09dfb8b06ba9b0570ebf7e218e3eb74d4ef43ca46872605cf95ebc2f47\windows-amd64\native-platform-file-events.dll
0x00007ff82e5b0000 - 0x00007ff82e5b9000 	D:\android studio\jbr\bin\management.dll
0x00007ff82cd30000 - 0x00007ff82cd3b000 	D:\android studio\jbr\bin\management_ext.dll
0x00007ff8b0e60000 - 0x00007ff8b0e68000 	C:\WINDOWS\System32\PSAPI.DLL
0x00007ff8af1f0000 - 0x00007ff8af20b000 	C:\WINDOWS\SYSTEM32\CRYPTSP.dll
0x00007ff8ae4d0000 - 0x00007ff8ae509000 	C:\WINDOWS\system32\rsaenh.dll
0x00007ff8ae070000 - 0x00007ff8ae0a3000 	C:\WINDOWS\SYSTEM32\USERENV.dll
0x00007ff8af5c0000 - 0x00007ff8af5ea000 	C:\WINDOWS\SYSTEM32\bcrypt.dll
0x00007ff8ae4c0000 - 0x00007ff8ae4cc000 	C:\WINDOWS\SYSTEM32\CRYPTBASE.dll
0x00007ff8ad560000 - 0x00007ff8ad592000 	C:\WINDOWS\SYSTEM32\IPHLPAPI.DLL
0x00007ff8b2950000 - 0x00007ff8b295a000 	C:\WINDOWS\System32\NSI.dll
0x00007ff85b4d0000 - 0x00007ff85b4d9000 	D:\android studio\jbr\bin\extnet.dll
0x00007ff86e020000 - 0x00007ff86e028000 	C:\WINDOWS\system32\wshunix.dll
0x00007ff8ad600000 - 0x00007ff8ad732000 	C:\WINDOWS\SYSTEM32\DNSAPI.dll
0x00007ff8a5920000 - 0x00007ff8a592b000 	C:\Windows\System32\rasadhlp.dll
0x00007ff8a90a0000 - 0x00007ff8a9126000 	C:\WINDOWS\System32\fwpuclnt.dll
0x00007ff8aee40000 - 0x00007ff8aee76000 	C:\WINDOWS\SYSTEM32\ntmarta.dll

JVMTI agents:
D:\gradle\wrapper\dists\gradle-8.7-bin\bhs2wmbdwecv87pi65oeuq5iu\gradle-8.7\lib\agents\gradle-instrumentation-agent-8.7.jar path:D:\android studio\jbr\bin\instrument.dll, loaded, initialized, instrumentlib options:none

dbghelp: loaded successfully - version: 4.0.5 - missing functions: none
symbol engine: initialized successfully - sym options: 0x614 - pdb path: .;D:\android studio\jbr\bin;C:\WINDOWS\SYSTEM32;C:\WINDOWS\WinSxS\amd64_microsoft.windows.common-controls_6595b64144ccf1df_6.0.26100.8115_none_3e075c82e3354f9c;D:\android studio\jbr\bin\server;D:\gradle\native\c067742578af261105cb4f569cf0c3c89f3d7b1fecec35dd04571415982c5e48\windows-amd64;D:\gradle\native\38dada09dfb8b06ba9b0570ebf7e218e3eb74d4ef43ca46872605cf95ebc2f47\windows-amd64

VM Arguments:
jvm_args: --add-opens=java.base/java.util=ALL-UNNAMED --add-opens=java.base/java.lang=ALL-UNNAMED --add-opens=java.base/java.lang.invoke=ALL-UNNAMED --add-opens=java.prefs/java.util.prefs=ALL-UNNAMED --add-opens=java.base/java.nio.charset=ALL-UNNAMED --add-opens=java.base/java.net=ALL-UNNAMED --add-opens=java.base/java.util.concurrent.atomic=ALL-UNNAMED -Xmx2048m -Dfile.encoding=UTF-8 -Duser.country=US -Duser.language=en -Duser.variant -javaagent:D:\gradle\wrapper\dists\gradle-8.7-bin\bhs2wmbdwecv87pi65oeuq5iu\gradle-8.7\lib\agents\gradle-instrumentation-agent-8.7.jar 
java_command: org.gradle.launcher.daemon.bootstrap.GradleDaemon 8.7
java_class_path (initial): D:\gradle\wrapper\dists\gradle-8.7-bin\bhs2wmbdwecv87pi65oeuq5iu\gradle-8.7\lib\gradle-launcher-8.7.jar
Launcher Type: SUN_STANDARD

[Global flags]
     intx CICompilerCount                          = 4                                         {product} {ergonomic}
     uint ConcGCThreads                            = 3                                         {product} {ergonomic}
     uint G1ConcRefinementThreads                  = 10                                        {product} {ergonomic}
   size_t G1HeapRegionSize                         = 1048576                                   {product} {ergonomic}
    uintx GCDrainStackTargetSize                   = 64                                        {product} {ergonomic}
   size_t InitialHeapSize                          = 130023424                                 {product} {ergonomic}
   size_t MarkStackSize                            = 4194304                                   {product} {ergonomic}
   size_t MaxHeapSize                              = 2147483648                                {product} {command line}
   size_t MaxNewSize                               = 1287651328                                {product} {ergonomic}
   size_t MinHeapDeltaBytes                        = 1048576                                   {product} {ergonomic}
   size_t MinHeapSize                              = 8388608                                   {product} {ergonomic}
    uintx NonNMethodCodeHeapSize                   = 5839372                                {pd product} {ergonomic}
    uintx NonProfiledCodeHeapSize                  = 122909434                              {pd product} {ergonomic}
    uintx ProfiledCodeHeapSize                     = 122909434                              {pd product} {ergonomic}
    uintx ReservedCodeCacheSize                    = 251658240                              {pd product} {ergonomic}
     bool SegmentedCodeCache                       = true                                      {product} {ergonomic}
   size_t SoftMaxHeapSize                          = 2147483648                             {manageable} {ergonomic}
     bool UseCompressedOops                        = true                           {product lp64_product} {ergonomic}
     bool UseG1GC                                  = true                                      {product} {ergonomic}
     bool UseLargePagesIndividualAllocation        = false                                  {pd product} {ergonomic}

Logging:
Log output configuration:
 #0: stdout all=warning uptime,level,tags foldmultilines=false
 #1: stderr all=off uptime,level,tags foldmultilines=false

Environment Variables:
PATH=D:\Eclipse Temurin JDK\bin;C:\Program Files\Common Files\Oracle\Java\javapath;C:\WINDOWS\system32;C:\WINDOWS;C:\WINDOWS\System32\Wbem;C:\WINDOWS\System32\WindowsPowerShell\v1.0\;C:\WINDOWS\System32\OpenSSH\;D:\Git\cmd;C:\Users\hp\AppData\Local\Programs\Python\Python39;C:\Users\hp\AppData\Local\Programs\Python\Python39\Scripts;C:\Users\hp\AppData\Local\Programs\Python\Python39\Scripts\;C:\Users\hp\AppData\Local\Programs\Python\Python39\;C:\Users\hp\AppData\Local\Programs\Python\Python314\Scripts\;C:\Users\hp\AppData\Local\Programs\Python\Python314\;C:\Users\hp\AppData\Local\Microsoft\WindowsApps;C:\Users\hp\AppData\Local\Programs\Microsoft VS Code\bin;D:\Antigravity\bin
USERNAME=hp
OS=Windows_NT
PROCESSOR_IDENTIFIER=Intel64 Family 6 Model 154 Stepping 4, GenuineIntel
TMP=C:\Users\hp\AppData\Local\Temp
TEMP=C:\Users\hp\AppData\Local\Temp




Periodic native trim disabled

JNI global refs:
JNI global refs: 30, weak refs: 269

JNI global refs memory usage: 835, weak refs: 3361

Process memory usage:
Resident Set Size: 960984K (11% of 8052072K total physical memory with 306600K free physical memory)

OOME stack traces (most recent first):
Classloader memory used:
Loader org.gradle.internal.classloader.VisitableURLClassLoader$InstrumentingVisitableURLClassLoader: 60151K
Loader org.gradle.internal.classloader.VisitableURLClassLoader                         : 47063K
Loader bootstrap                                                                       : 35937K
Loader org.gradle.initialization.MixInLegacyTypesClassLoader                           : 13263K
Loader jdk.internal.loader.ClassLoaders$PlatformClassLoader                            : 864K
Loader jdk.internal.reflect.DelegatingClassLoader                                      : 378K
Loader org.gradle.groovy.scripts.internal.DefaultScriptCompilationHandler$ScriptClassLoader: 335K
Loader jdk.internal.loader.ClassLoaders$AppClassLoader                                 : 232K
Loader org.codehaus.groovy.runtime.callsite.CallSiteClassLoader                        : 48096B

Classes loaded by more than one classloader:
Class com.google.common.io.LineReader                                                 : loaded 2 times (x 72B)
Class com.google.common.base.PairwiseEquivalence                                      : loaded 2 times (x 83B)
Class com.google.common.base.Equivalence$Identity                                     : loaded 2 times (x 82B)
Class com.google.common.collect.RegularImmutableMap$KeySet                            : loaded 2 times (x 150B)
Class org.gradle.internal.classloader.FilteringClassLoader                            : loaded 2 times (x 105B)
Class [Lcom.google.common.collect.MapMakerInternalMap$Segment;                        : loaded 2 times (x 69B)
Class com.google.common.io.FileWriteMode                                              : loaded 2 times (x 79B)
Class [Lcom.google.common.base.AbstractIterator$State;                                : loaded 2 times (x 69B)
Class com.google.common.base.CharMatcher$IsEither                                     : loaded 2 times (x 111B)
Class build_bumm7xms9c1ba80569l1r8et4$_run_closure1$_closure3                         : loaded 2 times (x 139B)
Class org.gradle.internal.classloader.ClassLoaderHierarchy                            : loaded 2 times (x 70B)
Class com.google.common.collect.AbstractMapBasedMultimap$WrappedCollection            : loaded 2 times (x 124B)
Class com.google.common.collect.ImmutableEnumSet                                      : loaded 2 times (x 146B)
Class com.google.common.util.concurrent.ExecutionError                                : loaded 2 times (x 82B)
Class com.google.common.collect.ImmutableList$1                                       : loaded 2 times (x 97B)
Class org.gradle.api.internal.classpath.ManifestUtil                                  : loaded 2 times (x 71B)
Class com.google.common.io.ByteArrayDataOutput                                        : loaded 2 times (x 70B)
Class com.google.gson.stream.MalformedJsonException                                   : loaded 2 times (x 82B)
Class com.google.common.collect.RegularImmutableMap                                   : loaded 2 times (x 121B)
Class com.google.common.collect.ImmutableMap$MapViewOfValuesAsSingletonSets           : loaded 2 times (x 125B)
Class org.apache.commons.io.function.IOFunction                                       : loaded 2 times (x 70B)
Class com.google.common.collect.TransformedListIterator                               : loaded 2 times (x 93B)
Class [Lorg.objectweb.asm.Symbol;                                                     : loaded 2 times (x 69B)
Class org.objectweb.asm.ClassVisitor                                                  : loaded 2 times (x 88B)
Class com.google.common.collect.UnmodifiableListIterator                              : loaded 2 times (x 95B)
Class com.google.common.collect.MapMakerInternalMap$StrongKeyDummyValueEntry$LinkedStrongKeyDummyValueEntry: loaded 2 times (x 82B)
Class com.google.common.collect.MapMakerInternalMap$Strength                          : loaded 2 times (x 80B)
Class org.objectweb.asm.MethodTooLargeException                                       : loaded 2 times (x 83B)
Class [Lcom.google.common.cache.CacheBuilder$OneWeigher;                              : loaded 2 times (x 69B)
Class com.google.common.base.Suppliers                                                : loaded 2 times (x 71B)
Class com.google.common.base.Platform$JdkPatternCompiler                              : loaded 2 times (x 75B)
Class org.gradle.internal.classloader.DefaultClassLoaderFactory                       : loaded 2 times (x 82B)
Class com.google.common.io.ByteSource$ConcatenatedByteSource                          : loaded 2 times (x 85B)
Class com.google.common.base.CharMatcher$None                                         : loaded 2 times (x 112B)
Class org.gradle.internal.classloader.ClassLoaderVisitor                              : loaded 2 times (x 76B)
Class [Lcom.google.common.collect.ImmutableMapEntry;                                  : loaded 2 times (x 69B)
Class org.gradle.api.internal.classpath.EffectiveClassPath                            : loaded 2 times (x 90B)
Class com.google.common.collect.ImmutableRangeSet                                     : loaded 2 times (x 115B)
Class [Lorg.apache.commons.io.StandardLineSeparator;                                  : loaded 2 times (x 69B)
Class org.apache.commons.io.output.StringBuilderWriter                                : loaded 2 times (x 100B)
Class com.google.common.collect.ImmutableEnumMap                                      : loaded 2 times (x 125B)
Class com.google.common.collect.ListMultimap                                          : loaded 2 times (x 70B)
Class com.google.common.collect.Iterators$EmptyModifiableIterator                     : loaded 2 times (x 86B)
Class com.google.common.collect.Sets$1                                                : loaded 2 times (x 139B)
Class org.objectweb.asm.AnnotationVisitor                                             : loaded 2 times (x 78B)
Class com.google.common.base.Splitter                                                 : loaded 2 times (x 72B)
Class org.gradle.api.internal.DefaultClassPathProvider                                : loaded 2 times (x 76B)
Class org.apache.commons.io.FilenameUtils                                             : loaded 2 times (x 71B)
Class com.google.common.collect.MapMakerInternalMap$Strength$1                        : loaded 2 times (x 80B)
Class com.google.common.collect.Maps$ViewCachingAbstractMap                           : loaded 2 times (x 125B)
Class com.google.common.collect.Sets$2                                                : loaded 2 times (x 139B)
Class [Lorg.gradle.api.internal.ClassPathProvider;                                    : loaded 2 times (x 69B)
Class org.gradle.api.internal.ClassPathProvider                                       : loaded 2 times (x 70B)
Class com.google.common.collect.MapMakerInternalMap$Strength$2                        : loaded 2 times (x 80B)
Class [Lorg.objectweb.asm.AnnotationVisitor;                                          : loaded 2 times (x 69B)
Class com.google.common.collect.Sets$3                                                : loaded 2 times (x 139B)
Class com.google.common.util.concurrent.AbstractFuture$SafeAtomicHelper               : loaded 2 times (x 79B)
Class com.google.common.cache.LocalCache$LocalLoadingCache                            : loaded 2 times (x 134B)
Class com.google.common.base.AbstractIterator$State                                   : loaded 2 times (x 79B)
Class org.gradle.internal.service.UnknownServiceException                             : loaded 2 times (x 83B)
Class com.google.common.collect.MapMakerInternalMap$StrongValueEntry                  : loaded 2 times (x 70B)
Class com.google.common.io.ByteArrayDataInput                                         : loaded 2 times (x 70B)
Class com.google.common.collect.Sets$4                                                : loaded 2 times (x 139B)
Class org.objectweb.asm.ModuleVisitor                                                 : loaded 2 times (x 81B)
Class com.google.common.cache.LocalCache$Strength$1                                   : loaded 2 times (x 81B)
Class com.google.common.util.concurrent.SettableFuture                                : loaded 2 times (x 114B)
Class com.google.common.cache.LocalCache$Strength$2                                   : loaded 2 times (x 81B)
Class com.google.common.collect.Interners$InternerImpl                                : loaded 2 times (x 75B)
Class com.google.common.collect.Interner                                              : loaded 2 times (x 70B)
Class com.google.common.collect.TransformedIterator                                   : loaded 2 times (x 80B)
Class org.objectweb.asm.Handle                                                        : loaded 2 times (x 72B)
Class com.google.common.io.ByteStreams                                                : loaded 2 times (x 71B)
Class com.google.common.cache.LocalCache$Strength$3                                   : loaded 2 times (x 81B)
Class com.google.common.collect.MapDifference                                         : loaded 2 times (x 70B)
Class com.google.common.base.Splitter$1                                               : loaded 2 times (x 77B)
Class com.google.common.collect.MapMaker$Dummy                                        : loaded 2 times (x 79B)
Class org.objectweb.asm.FieldWriter                                                   : loaded 2 times (x 78B)
Class com.google.common.cache.CacheBuilder$NullListener                               : loaded 2 times (x 82B)
Class org.gradle.internal.classpath.TransformedClassPath                              : loaded 2 times (x 96B)
Class com.google.common.collect.ImmutableListMultimap                                 : loaded 2 times (x 176B)
Class com.google.common.collect.ImmutableRangeSet$AsSet                               : loaded 2 times (x 299B)
Class org.apache.commons.io.output.UnsynchronizedByteArrayOutputStream                : loaded 2 times (x 102B)
Class com.google.common.cache.CacheLoader$FunctionToCacheLoader                       : loaded 2 times (x 75B)
Class com.google.common.collect.Iterators$ArrayItr                                    : loaded 2 times (x 97B)
Class com.google.common.collect.ImmutableCollection$Builder                           : loaded 2 times (x 76B)
Class com.google.common.collect.EmptyImmutableListMultimap                            : loaded 2 times (x 176B)
Class com.google.common.collect.BaseImmutableMultimap                                 : loaded 2 times (x 123B)
Class org.apache.commons.io.output.ByteArrayOutputStream                              : loaded 2 times (x 102B)
Class com.google.common.base.Joiner                                                   : loaded 2 times (x 79B)
Class com.google.common.base.MoreObjects                                              : loaded 2 times (x 71B)
Class [Lorg.objectweb.asm.Attribute;                                                  : loaded 2 times (x 69B)
Class [Lorg.objectweb.asm.Type;                                                       : loaded 2 times (x 69B)
Class com.google.common.collect.Platform                                              : loaded 2 times (x 71B)
Class com.google.common.collect.UnmodifiableIterator                                  : loaded 2 times (x 80B)
Class org.gradle.internal.service.ServiceLocator                                      : loaded 2 times (x 70B)
Class org.apache.commons.io.FileExistsException                                       : loaded 2 times (x 82B)
Class com.google.common.base.Ascii                                                    : loaded 2 times (x 71B)
Class com.google.common.collect.SingletonImmutableBiMap                               : loaded 2 times (x 143B)
Class com.google.common.cache.LocalCache$1                                            : loaded 2 times (x 89B)
Class com.google.common.collect.AbstractMapEntry                                      : loaded 2 times (x 81B)
Class com.google.common.collect.MapMakerInternalMap$AbstractStrongKeyEntry            : loaded 2 times (x 80B)
Class com.google.common.io.ByteSource$ByteArrayByteSource                             : loaded 2 times (x 85B)
Class com.google.common.collect.Sets$ImprovedAbstractSet                              : loaded 2 times (x 135B)
Class com.google.common.collect.ImmutableList$Builder                                 : loaded 2 times (x 77B)
Class com.google.common.cache.LocalCache$2                                            : loaded 2 times (x 142B)
Class com.google.common.collect.AbstractMultimap                                      : loaded 2 times (x 123B)
Class com.google.common.collect.ImmutableRangeSet$1                                   : loaded 2 times (x 209B)
Class com.google.common.util.concurrent.AbstractFuture$UnsafeAtomicHelper$1           : loaded 2 times (x 76B)
Class com.google.common.collect.RegularImmutableAsList                                : loaded 2 times (x 216B)
Class com.google.common.base.Optional                                                 : loaded 2 times (x 80B)
Class com.google.common.collect.Range                                                 : loaded 2 times (x 87B)
Class com.google.common.util.concurrent.AbstractFuture$Trusted                        : loaded 2 times (x 70B)
Class com.google.common.collect.Iterators                                             : loaded 2 times (x 71B)
Class com.google.common.base.CharMatcher$RangesMatcher                                : loaded 2 times (x 112B)
Class com.google.common.io.ByteSink$AsCharSink                                        : loaded 2 times (x 80B)
Class com.google.common.util.concurrent.UncheckedExecutionException                   : loaded 2 times (x 82B)
Class com.google.common.collect.Lists$StringAsImmutableList                           : loaded 2 times (x 207B)
Class ijKotlinCoroutineJvmDebugInit1_3p1rs4353hnyo5rk0eh2glui6$_run_closure1$_closure2: loaded 2 times (x 139B)
Class ijJvmDebugger1_2mezv50hp7pm2cagazdip430c                                        : loaded 2 times (x 179B)
Class com.google.common.collect.ImmutableSortedSetFauxverideShim                      : loaded 2 times (x 147B)
Class com.google.common.base.CharMatcher$JavaLetterOrDigit                            : loaded 2 times (x 111B)
Class org.gradle.internal.InternalTransformer                                         : loaded 2 times (x 70B)
Class com.google.common.collect.AbstractMapBasedMultimap$KeySet$1                     : loaded 2 times (x 82B)
Class org.objectweb.asm.ClassWriter                                                   : loaded 2 times (x 106B)
Class com.google.common.cache.CacheLoader$UnsupportedLoadingOperationException        : loaded 2 times (x 82B)
Class com.google.common.base.CharMatcher$And                                          : loaded 2 times (x 112B)
Class org.gradle.internal.classloader.ClasspathUtil$1                                 : loaded 2 times (x 76B)
Class com.google.common.base.Objects                                                  : loaded 2 times (x 71B)
Class org.objectweb.asm.FieldVisitor                                                  : loaded 2 times (x 77B)
Class com.google.common.collect.IndexedImmutableSet                                   : loaded 2 times (x 150B)
Class com.google.common.collect.ImmutableMap$1                                        : loaded 2 times (x 81B)
Class com.google.common.collect.BiMap                                                 : loaded 2 times (x 70B)
Class org.gradle.api.internal.classpath.DefaultModuleRegistry$DefaultModule           : loaded 2 times (x 86B)
Class com.google.common.primitives.Ints                                               : loaded 2 times (x 71B)
Class com.google.common.collect.AbstractIterator                                      : loaded 2 times (x 82B)
Class com.google.common.math.MathPreconditions                                        : loaded 2 times (x 71B)
Class com.google.common.collect.Multiset                                              : loaded 2 times (x 70B)
Class com.google.common.collect.ArrayListMultimapGwtSerializationDependencies         : loaded 2 times (x 172B)
Class com.google.common.collect.ObjectArrays                                          : loaded 2 times (x 71B)
Class com.google.common.collect.AbstractIndexedListIterator                           : loaded 2 times (x 96B)
Class org.apache.commons.io.output.NullOutputStream                                   : loaded 2 times (x 85B)
Class com.google.common.collect.ImmutableMapEntrySet                                  : loaded 2 times (x 151B)
Class org.gradle.api.internal.classpath.Module                                        : loaded 2 times (x 70B)
Class com.google.common.cache.Weigher                                                 : loaded 2 times (x 70B)
Class org.gradle.api.internal.classpath.UnknownModuleException                        : loaded 2 times (x 82B)
Class org.gradle.cache.GlobalCache                                                    : loaded 2 times (x 70B)
Class org.apache.commons.io.Charsets                                                  : loaded 2 times (x 71B)
Class com.google.common.base.Stopwatch                                                : loaded 2 times (x 72B)
Class com.google.common.cache.LocalCache$Strength                                     : loaded 2 times (x 81B)
Class com.google.common.cache.Cache                                                   : loaded 2 times (x 70B)
Class com.google.gson.stream.JsonReader$1                                             : loaded 2 times (x 72B)
Class com.google.common.io.AppendableWriter                                           : loaded 2 times (x 100B)
Class org.apache.commons.io.filefilter.IOFileFilter                                   : loaded 2 times (x 70B)
Class com.google.common.io.Files$2                                                    : loaded 2 times (x 76B)
Class com.google.common.util.concurrent.AbstractFuture$Cancellation                   : loaded 2 times (x 72B)
Class com.google.common.collect.ImmutableMap$Builder                                  : loaded 2 times (x 82B)
Class com.google.common.base.NullnessCasts                                            : loaded 2 times (x 71B)
Class com.google.common.base.Present                                                  : loaded 2 times (x 81B)
Class com.google.common.collect.AbstractMapBasedMultimap$WrappedCollection$WrappedIterator: loaded 2 times (x 84B)
Class com.google.common.cache.RemovalListener                                         : loaded 2 times (x 70B)
Class org.gradle.api.internal.DefaultClassPathRegistry                                : loaded 2 times (x 76B)
Class com.google.common.collect.ImmutableMultimap$Keys                                : loaded 2 times (x 166B)
Class com.google.common.primitives.IntsMethodsForWeb                                  : loaded 2 times (x 71B)
Class com.google.common.collect.Multimap                                              : loaded 2 times (x 70B)
Class org.gradle.api.internal.ClassPathRegistry                                       : loaded 2 times (x 70B)
Class org.gradle.internal.classpath.DefaultClassPath$ImmutableUniqueList              : loaded 2 times (x 199B)
Class build_7kpn8c1kbft84l4uum8ipdam9                                                 : loaded 2 times (x 180B)
Class com.google.common.collect.MapMakerInternalMap$Segment                           : loaded 2 times (x 142B)
Class com.google.common.base.ExtraObjectsMethodsForWeb                                : loaded 2 times (x 71B)
Class org.apache.commons.io.IOUtils                                                   : loaded 2 times (x 71B)
Class com.google.common.io.ByteSink                                                   : loaded 2 times (x 76B)
Class com.google.common.cache.CacheBuilder                                            : loaded 2 times (x 72B)
Class com.google.common.collect.SingletonImmutableList                                : loaded 2 times (x 207B)
Class org.gradle.internal.classpath.ClassPath                                         : loaded 2 times (x 70B)
Class org.gradle.api.UncheckedIOException                                             : loaded 2 times (x 82B)
Class com.google.common.collect.Interners$InternerBuilder                             : loaded 2 times (x 76B)
Class com.google.common.io.Files$FileByteSource                                       : loaded 2 times (x 85B)
Class com.google.common.collect.ImmutableList$ReverseImmutableList                    : loaded 2 times (x 208B)
Class com.google.common.base.JdkPattern                                               : loaded 2 times (x 75B)
Class com.google.common.io.CharStreams$NullWriter                                     : loaded 2 times (x 99B)
Class org.objectweb.asm.SymbolTable$Entry                                             : loaded 2 times (x 74B)
Class com.google.common.util.concurrent.AbstractFuture$AtomicHelper                   : loaded 2 times (x 78B)
Class com.google.gson.internal.JsonReaderInternalAccess                               : loaded 2 times (x 72B)
Class org.gradle.internal.Factory                                                     : loaded 2 times (x 70B)
Class org.objectweb.asm.Edge                                                          : loaded 2 times (x 72B)
Class com.google.common.base.Suppliers$SupplierOfInstance                             : loaded 2 times (x 79B)
Class com.google.common.collect.Iterators$1                                           : loaded 2 times (x 81B)
Class com.google.common.cache.LocalCache$ComputingValueReference                      : loaded 2 times (x 96B)
Class com.google.common.collect.SingletonImmutableSet                                 : loaded 2 times (x 146B)
Class com.google.common.collect.ImmutableMap$IteratorBasedImmutableMap                : loaded 2 times (x 125B)
Class org.objectweb.asm.TypePath                                                      : loaded 2 times (x 72B)
Class com.google.common.cache.LocalCache$Segment                                      : loaded 2 times (x 154B)
Class com.google.common.collect.SortedIterable                                        : loaded 2 times (x 70B)
Class [Lorg.objectweb.asm.SymbolTable$Entry;                                          : loaded 2 times (x 69B)
Class com.google.common.cache.CacheLoader                                             : loaded 2 times (x 74B)
Class com.google.common.collect.Iterators$4                                           : loaded 2 times (x 82B)
Class com.google.common.collect.ImmutableBiMap                                        : loaded 2 times (x 143B)
Class com.google.common.collect.AbstractListMultimap                                  : loaded 2 times (x 172B)
Class org.gradle.internal.installation.GradleInstallation$1                           : loaded 2 times (x 75B)
Class org.gradle.api.internal.classpath.ModuleRegistry                                : loaded 2 times (x 70B)
Class com.google.common.util.concurrent.internal.InternalFutureFailureAccess          : loaded 2 times (x 72B)
Class com.google.common.collect.Iterators$5                                           : loaded 2 times (x 82B)
Class com.google.common.collect.ImmutableSet$JdkBackedSetBuilderImpl                  : loaded 2 times (x 76B)
Class com.google.common.base.Splitter$SplittingIterator                               : loaded 2 times (x 84B)
Class com.google.common.collect.ImmutableMultimap$Values                              : loaded 2 times (x 126B)
Class com.google.common.io.Closer$SuppressingSuppressor                               : loaded 2 times (x 75B)
Class com.google.common.util.concurrent.AbstractFuture$UnsafeAtomicHelper             : loaded 2 times (x 78B)
Class com.google.common.cache.LocalCache$LocalManualCache$1                           : loaded 2 times (x 75B)
Class com.google.common.base.CharMatcher$ForPredicate                                 : loaded 2 times (x 112B)
Class com.google.common.collect.ImmutableCollection                                   : loaded 2 times (x 125B)
Class com.google.common.base.CharMatcher$AnyOf                                        : loaded 2 times (x 112B)
Class ijKotlinCoroutineJvmDebugInit1_3p1rs4353hnyo5rk0eh2glui6$_run_closure1          : loaded 2 times (x 139B)
Class org.gradle.api.internal.classpath.DefaultModuleRegistry                         : loaded 2 times (x 86B)
Class com.google.common.util.concurrent.ListenableFuture                              : loaded 2 times (x 70B)
Class com.google.common.cache.ReferenceEntry                                          : loaded 2 times (x 70B)
Class com.google.common.collect.ImmutableSet$CachingAsList                            : loaded 2 times (x 147B)
Class com.google.common.base.Converter                                                : loaded 2 times (x 90B)
Class com.google.common.collect.Lists                                                 : loaded 2 times (x 71B)
Class com.google.common.base.CharMatcher$Any                                          : loaded 2 times (x 112B)
Class com.google.common.util.concurrent.AbstractFuture                                : loaded 2 times (x 106B)
Class com.google.common.base.FunctionalEquivalence                                    : loaded 2 times (x 83B)
Class com.google.common.collect.Iterators$9                                           : loaded 2 times (x 81B)
Class com.google.common.collect.AbstractMapBasedMultimap                              : loaded 2 times (x 139B)
Class com.google.common.collect.ImmutableAsList                                       : loaded 2 times (x 209B)
Class com.google.common.io.CharStreams                                                : loaded 2 times (x 71B)
Class com.google.common.collect.ImmutableMultiset                                     : loaded 2 times (x 163B)
Class org.objectweb.asm.RecordComponentVisitor                                        : loaded 2 times (x 77B)
Class com.google.common.cache.CacheLoader$SupplierToCacheLoader                       : loaded 2 times (x 75B)
Class ijKotlinCoroutineJvmDebugInit1_3p1rs4353hnyo5rk0eh2glui6                        : loaded 2 times (x 179B)
Class com.google.common.collect.Maps$EntryTransformer                                 : loaded 2 times (x 70B)
Class org.gradle.internal.service.ServiceLookupException                              : loaded 2 times (x 82B)
Class com.google.common.collect.ImmutableSortedSet                                    : loaded 2 times (x 299B)
Class [Lcom.google.common.cache.LocalCache$EntryFactory;                              : loaded 2 times (x 69B)
Class com.google.common.base.CharMatcher$JavaLetter                                   : loaded 2 times (x 111B)
Class org.gradle.internal.classloader.ClassLoaderFactory                              : loaded 2 times (x 70B)
Class com.google.common.cache.LocalCache$LocalManualCache                             : loaded 2 times (x 99B)
Class com.google.common.base.CharMatcher$IsNot                                        : loaded 2 times (x 111B)
Class com.google.common.base.CommonPattern                                            : loaded 2 times (x 74B)
Class org.gradle.internal.service.CachingServiceLocator                               : loaded 2 times (x 82B)
Class com.google.common.collect.RegularImmutableSortedSet                             : loaded 2 times (x 299B)
Class com.google.common.collect.AbstractMapBasedMultimap$KeySet                       : loaded 2 times (x 137B)
Class com.google.common.math.IntMath                                                  : loaded 2 times (x 71B)
Class com.google.common.collect.MapMakerInternalMap$InternalEntry                     : loaded 2 times (x 70B)
Class org.objectweb.asm.commons.InstructionAdapter                                    : loaded 2 times (x 188B)
Class com.google.common.collect.Iterators$10                                          : loaded 2 times (x 81B)
Class com.google.common.collect.ImmutableMapEntry                                     : loaded 2 times (x 85B)
Class com.google.common.base.CharMatcher$JavaDigit                                    : loaded 2 times (x 111B)
Class com.google.common.collect.ImmutableMultimap                                     : loaded 2 times (x 147B)
Class com.google.common.base.Equivalence                                              : loaded 2 times (x 82B)
Class com.google.common.collect.ImmutableMapEntry$NonTerminalImmutableMapEntry        : loaded 2 times (x 85B)
Class com.google.common.base.Function                                                 : loaded 2 times (x 70B)
Class org.apache.commons.io.output.AbstractByteArrayOutputStream                      : loaded 2 times (x 102B)
Class com.google.common.cache.CacheBuilder$OneWeigher                                 : loaded 2 times (x 82B)
Class com.google.common.collect.RegularImmutableList                                  : loaded 2 times (x 212B)
Class com.google.common.collect.ImmutableBiMapFauxverideShim                          : loaded 2 times (x 120B)
Class org.gradle.internal.classloader.ClasspathUtil                                   : loaded 2 times (x 71B)
Class com.google.common.base.Charsets                                                 : loaded 2 times (x 71B)
Class com.google.common.util.concurrent.Uninterruptibles                              : loaded 2 times (x 71B)
Class com.google.common.io.CharSource                                                 : loaded 2 times (x 85B)
Class com.google.common.collect.Maps                                                  : loaded 2 times (x 71B)
Class com.google.common.base.CharMatcher$JavaUpperCase                                : loaded 2 times (x 111B)
Class org.gradle.api.specs.Spec                                                       : loaded 2 times (x 70B)
Class com.google.common.collect.MapMaker                                              : loaded 2 times (x 72B)
Class org.apache.commons.io.file.PathFilter                                           : loaded 2 times (x 70B)
Class [Lcom.google.common.collect.ImmutableEntry;                                     : loaded 2 times (x 69B)
Class build_7kpn8c1kbft84l4uum8ipdam9$_run_closure1                                   : loaded 2 times (x 139B)
Class com.google.common.cache.LocalCache$LoadingValueReference                        : loaded 2 times (x 96B)
Class com.google.common.io.LineReader$1                                               : loaded 2 times (x 75B)
Class com.google.common.collect.CollectSpliterators                                   : loaded 2 times (x 71B)
Class com.google.common.collect.AbstractMapBasedMultimap$AsMap                        : loaded 2 times (x 128B)
Class com.google.common.collect.MapMakerInternalMap$StrongKeyDummyValueEntry          : loaded 2 times (x 82B)
Class com.google.common.base.Platform                                                 : loaded 2 times (x 71B)
Class com.google.common.collect.AbstractMapBasedMultimap$WrappedList                  : loaded 2 times (x 205B)
Class [Lorg.objectweb.asm.AnnotationWriter;                                           : loaded 2 times (x 69B)
Class com.google.common.primitives.Ints$IntConverter                                  : loaded 2 times (x 90B)
Class com.google.common.collect.Maps$8                                                : loaded 2 times (x 82B)
Class [Lcom.google.common.collect.Iterators$EmptyModifiableIterator;                  : loaded 2 times (x 69B)
Class com.google.common.collect.ImmutableRangeSet$Builder                             : loaded 2 times (x 77B)
Class com.google.common.collect.Sets$SetView                                          : loaded 2 times (x 138B)
Class com.google.common.cache.LocalCache$StrongValueReference                         : loaded 2 times (x 90B)
Class com.google.common.util.concurrent.AbstractFuture$SynchronizedHelper             : loaded 2 times (x 78B)
Class com.google.common.base.CharMatcher$Invisible                                    : loaded 2 times (x 112B)
Class com.google.common.graph.SuccessorsFunction                                      : loaded 2 times (x 70B)
Class [Lcom.google.gson.stream.JsonToken;                                             : loaded 2 times (x 69B)
Class org.objectweb.asm.Type                                                          : loaded 2 times (x 72B)
Class org.gradle.internal.classloader.VisitableURLClassLoader$InstrumentingVisitableURLClassLoader: loaded 2 times (x 123B)
Class com.google.common.collect.MapMakerInternalMap$StrongKeyDummyValueEntry$Helper   : loaded 2 times (x 79B)
Class org.apache.commons.io.FileUtils                                                 : loaded 2 times (x 71B)
Class com.google.common.io.Files$FileByteSink                                         : loaded 2 times (x 77B)
Class org.objectweb.asm.ByteVector                                                    : loaded 2 times (x 79B)
Class [Lcom.google.common.cache.CacheBuilder$NullListener;                            : loaded 2 times (x 69B)
Class com.google.common.math.IntMath$1                                                : loaded 2 times (x 71B)
Class org.gradle.internal.classloader.VisitableURLClassLoader$Spec                    : loaded 2 times (x 74B)
Class org.gradle.internal.classpath.DefaultClassPath                                  : loaded 2 times (x 90B)
Class org.objectweb.asm.Symbol                                                        : loaded 2 times (x 73B)
Class com.google.common.base.AbstractIterator                                         : loaded 2 times (x 80B)
Class com.google.common.io.Java8Compatibility                                         : loaded 2 times (x 71B)
Class com.google.common.io.Closer                                                     : loaded 2 times (x 78B)
Class com.google.common.collect.RegularImmutableMap$Values                            : loaded 2 times (x 207B)
Class com.google.common.collect.ImmutableSet                                          : loaded 2 times (x 145B)
Class com.google.common.base.CharMatcher$BitSetMatcher                                : loaded 2 times (x 112B)
Class com.google.common.base.CharMatcher$Ascii                                        : loaded 2 times (x 112B)
Class org.gradle.internal.classloader.ClassLoaderSpec                                 : loaded 2 times (x 71B)
Class com.google.common.io.ByteSource$EmptyByteSource                                 : loaded 2 times (x 85B)
Class org.objectweb.asm.AnnotationWriter                                              : loaded 2 times (x 79B)
Class com.google.common.cache.CacheStats                                              : loaded 2 times (x 71B)
Class com.google.common.collect.ImmutableMultisetGwtSerializationDependencies         : loaded 2 times (x 125B)
Class com.google.common.collect.Interners                                             : loaded 2 times (x 71B)
Class com.google.common.io.Closer$Suppressor                                          : loaded 2 times (x 70B)
Class com.google.common.io.LineProcessor                                              : loaded 2 times (x 70B)
Class org.objectweb.asm.RecordComponentWriter                                         : loaded 2 times (x 78B)
Class com.google.common.util.concurrent.AbstractFuture$Listener                       : loaded 2 times (x 72B)
Class com.google.common.base.CharMatcher$Or                                           : loaded 2 times (x 112B)
Class [Lorg.objectweb.asm.Label;                                                      : loaded 2 times (x 69B)
Class org.objectweb.asm.Attribute                                                     : loaded 2 times (x 77B)
Class com.google.common.base.Supplier                                                 : loaded 2 times (x 70B)
Class org.gradle.internal.classloader.VisitableURLClassLoader                         : loaded 2 times (x 117B)
Class com.google.common.util.concurrent.AbstractFuture$Waiter                         : loaded 2 times (x 72B)
Class org.gradle.internal.Cast                                                        : loaded 2 times (x 71B)
Class org.gradle.api.Action                                                           : loaded 2 times (x 70B)
Class com.google.common.collect.MapMakerInternalMap                                   : loaded 2 times (x 161B)
Class com.google.common.collect.Sets                                                  : loaded 2 times (x 71B)
Class org.objectweb.asm.Handler                                                       : loaded 2 times (x 72B)
Class com.google.common.base.Ticker                                                   : loaded 2 times (x 72B)
Class com.google.common.base.Strings                                                  : loaded 2 times (x 71B)
Class com.google.common.base.CharMatcher$FastMatcher                                  : loaded 2 times (x 111B)
Class org.gradle.internal.agents.InstrumentingClassLoader                             : loaded 2 times (x 70B)
Class [Lcom.google.common.cache.LocalCache$Segment;                                   : loaded 2 times (x 69B)
Class [Lcom.google.common.cache.LocalCache$Strength;                                  : loaded 2 times (x 69B)
Class com.google.common.cache.CacheBuilder$1                                          : loaded 2 times (x 85B)
Class com.google.common.collect.ImmutableMap                                          : loaded 2 times (x 120B)
Class com.google.common.base.Predicate                                                : loaded 2 times (x 70B)
Class org.gradle.internal.classpath.DefaultClassPath$ImmutableUniqueList$Builder      : loaded 2 times (x 75B)
Class com.google.common.collect.MapMakerInternalMap$WeakValueReference                : loaded 2 times (x 70B)
Class com.google.common.collect.AbstractRangeSet                                      : loaded 2 times (x 114B)
Class com.google.gson.stream.JsonToken                                                : loaded 2 times (x 79B)
Class com.google.common.cache.LocalCache                                              : loaded 2 times (x 187B)
Class com.google.common.cache.CacheBuilder$2                                          : loaded 2 times (x 72B)
Class com.google.common.base.CharMatcher$NegatedFastMatcher                           : loaded 2 times (x 113B)
Class [Lcom.google.common.collect.AbstractMapEntry;                                   : loaded 2 times (x 69B)
Class com.google.common.collect.ImmutableEntry                                        : loaded 2 times (x 82B)
Class com.google.common.collect.ArrayListMultimap                                     : loaded 2 times (x 172B)
Class com.google.common.base.AbstractIterator$1                                       : loaded 2 times (x 71B)
Class com.google.common.base.CharMatcher$Digit                                        : loaded 2 times (x 112B)
Class org.gradle.api.GradleException                                                  : loaded 2 times (x 82B)
Class com.google.common.base.Suppliers$MemoizingSupplier                              : loaded 2 times (x 79B)
Class org.apache.commons.io.StandardLineSeparator                                     : loaded 2 times (x 79B)
Class com.google.common.collect.CollectPreconditions                                  : loaded 2 times (x 71B)
Class com.google.common.base.CharMatcher$JavaIsoControl                               : loaded 2 times (x 112B)
Class ijJvmDebugger1_2mezv50hp7pm2cagazdip430c$_run_closure1                          : loaded 2 times (x 139B)
Class [Lcom.google.common.collect.MapMakerInternalMap$Strength;                       : loaded 2 times (x 69B)
Class [Lcom.google.common.io.FileWriteMode;                                           : loaded 2 times (x 69B)
Class com.google.common.collect.SortedMapDifference                                   : loaded 2 times (x 70B)
Class com.google.common.base.CharMatcher$JavaLowerCase                                : loaded 2 times (x 111B)
Class com.google.common.collect.MapMakerInternalMap$StrongKeyDummyValueSegment        : loaded 2 times (x 142B)
Class com.google.common.io.Files                                                      : loaded 2 times (x 71B)
Class com.google.common.cache.LocalCache$EntryFactory                                 : loaded 2 times (x 83B)
Class [Lcom.google.common.collect.MapMaker$Dummy;                                     : loaded 2 times (x 69B)
Class com.google.common.cache.LocalCache$AbstractReferenceEntry                       : loaded 2 times (x 107B)
Class com.google.common.base.Splitter$1$1                                             : loaded 2 times (x 86B)
Class com.google.common.base.CharMatcher$Whitespace                                   : loaded 2 times (x 112B)
Class org.gradle.internal.IoActions                                                   : loaded 2 times (x 71B)
Class com.google.common.collect.ImmutableMapKeySet                                    : loaded 2 times (x 150B)
Class com.google.common.collect.ImmutableRangeSet$ComplementRanges                    : loaded 2 times (x 207B)
Class org.objectweb.asm.SymbolTable                                                   : loaded 2 times (x 72B)
Class com.google.common.cache.CacheLoader$InvalidCacheLoadException                   : loaded 2 times (x 82B)
Class com.google.common.collect.ImmutableSet$RegularSetBuilderImpl                    : loaded 2 times (x 77B)
Class com.google.common.base.CharMatcher$SingleWidth                                  : loaded 2 times (x 112B)
Class org.gradle.internal.classloader.SystemClassLoaderSpec                           : loaded 2 times (x 71B)
Class com.google.common.cache.LocalCache$StrongEntry                                  : loaded 2 times (x 108B)
Class com.google.common.util.concurrent.AbstractFuture$TrustedFuture                  : loaded 2 times (x 114B)
Class com.google.common.cache.LoadingCache                                            : loaded 2 times (x 70B)
Class com.google.common.base.Suppliers$NonSerializableMemoizingSupplier               : loaded 2 times (x 79B)
Class com.google.common.io.ByteStreams$LimitedInputStream                             : loaded 2 times (x 92B)
Class org.objectweb.asm.MethodWriter                                                  : loaded 2 times (x 106B)
Class [Lcom.google.common.cache.Weigher;                                              : loaded 2 times (x 69B)
Class com.google.common.collect.RegularImmutableMap$BucketOverflowException           : loaded 2 times (x 82B)
Class build_bumm7xms9c1ba80569l1r8et4$_run_closure1                                   : loaded 2 times (x 139B)
Class com.google.common.collect.ImmutableMultimap$1                                   : loaded 2 times (x 82B)
Class com.google.common.collect.AbstractMapBasedMultimap$RandomAccessWrappedList      : loaded 2 times (x 205B)
Class com.google.common.collect.ImmutableMultimap$2                                   : loaded 2 times (x 81B)
Class com.google.common.collect.RegularImmutableBiMap                                 : loaded 2 times (x 148B)
Class com.google.common.cache.LocalCache$ValueReference                               : loaded 2 times (x 70B)
Class com.google.common.base.CharMatcher$Negated                                      : loaded 2 times (x 113B)
Class com.google.common.base.CharMatcher$Is                                           : loaded 2 times (x 111B)
Class com.google.common.hash.PrimitiveSink                                            : loaded 2 times (x 70B)
Class com.google.common.util.concurrent.AbstractFuture$Failure                        : loaded 2 times (x 72B)
Class com.google.common.base.Equivalence$Equals                                       : loaded 2 times (x 82B)
Class com.google.common.collect.Hashing                                               : loaded 2 times (x 71B)
Class com.google.common.base.PatternCompiler                                          : loaded 2 times (x 70B)
Class com.google.common.base.Preconditions                                            : loaded 2 times (x 71B)
Class build_bumm7xms9c1ba80569l1r8et4                                                 : loaded 2 times (x 180B)
Class com.google.common.collect.ImmutableSetMultimap                                  : loaded 2 times (x 180B)
Class com.google.common.io.CharSink                                                   : loaded 2 times (x 79B)
Class com.google.common.base.Joiner$1                                                 : loaded 2 times (x 80B)
Class org.objectweb.asm.Label                                                         : loaded 2 times (x 73B)
Class org.objectweb.asm.CurrentFrame                                                  : loaded 2 times (x 73B)
Class org.objectweb.asm.ClassTooLargeException                                        : loaded 2 times (x 83B)
Class com.google.gson.stream.JsonReader                                               : loaded 2 times (x 97B)
Class com.google.common.collect.PeekingIterator                                       : loaded 2 times (x 70B)
Class com.google.common.base.CharMatcher                                              : loaded 2 times (x 111B)
Class com.google.common.collect.MapMakerInternalMap$InternalEntryHelper               : loaded 2 times (x 70B)
Class com.google.common.io.ByteSource$AsCharSource                                    : loaded 2 times (x 86B)
Class com.google.common.collect.Maps$IteratorBasedAbstractMap                         : loaded 2 times (x 125B)
Class com.google.common.collect.RangeGwtSerializationDependencies                     : loaded 2 times (x 71B)
Class com.google.common.base.Joiner$2                                                 : loaded 2 times (x 79B)
Class org.objectweb.asm.Frame                                                         : loaded 2 times (x 73B)
Class org.objectweb.asm.MethodVisitor                                                 : loaded 2 times (x 105B)
Class com.google.common.cache.LocalCache$EntryFactory$1                               : loaded 2 times (x 83B)
Class [Lcom.google.common.cache.RemovalListener;                                      : loaded 2 times (x 69B)
Class com.google.common.base.CharMatcher$1                                            : loaded 2 times (x 113B)
Class com.google.common.base.CharMatcher$NamedFastMatcher                             : loaded 2 times (x 112B)
Class com.google.common.collect.RangeSet                                              : loaded 2 times (x 70B)
Class com.google.common.cache.LocalCache$EntryFactory$2                               : loaded 2 times (x 83B)
Class com.google.common.collect.CollectCollectors                                     : loaded 2 times (x 71B)
Class org.objectweb.asm.ModuleWriter                                                  : loaded 2 times (x 82B)
Class com.google.common.cache.LocalCache$EntryFactory$3                               : loaded 2 times (x 83B)
Class com.google.common.base.Ticker$1                                                 : loaded 2 times (x 72B)
Class com.google.common.collect.ImmutableMapEntrySet$RegularEntrySet                  : loaded 2 times (x 151B)
Class com.google.common.collect.Maps$BiMapConverter                                   : loaded 2 times (x 90B)
Class com.google.common.collect.SetMultimap                                           : loaded 2 times (x 70B)
Class com.google.common.cache.LocalCache$EntryFactory$4                               : loaded 2 times (x 83B)
Class com.google.common.collect.ImmutableSet$Builder                                  : loaded 2 times (x 85B)
Class com.google.common.base.CharMatcher$InRange                                      : loaded 2 times (x 111B)
Class com.google.common.io.ByteStreams$1                                              : loaded 2 times (x 85B)
Class com.google.common.cache.LocalCache$EntryFactory$5                               : loaded 2 times (x 83B)
Class org.apache.commons.io.output.AppendableWriter                                   : loaded 2 times (x 100B)
Class com.google.common.cache.LocalCache$EntryFactory$6                               : loaded 2 times (x 83B)
Class org.gradle.internal.installation.CurrentGradleInstallationLocator               : loaded 2 times (x 71B)
Class com.google.common.collect.ImmutableMultimap$Builder                             : loaded 2 times (x 83B)
Class com.google.common.io.ByteSource$SlicedByteSource                                : loaded 2 times (x 85B)
Class org.objectweb.asm.ClassReader                                                   : loaded 2 times (x 93B)
Class org.apache.commons.io.output.ThresholdingOutputStream                           : loaded 2 times (x 94B)
Class com.google.common.collect.Maps$KeySet                                           : loaded 2 times (x 137B)
Class com.google.common.cache.LocalCache$EntryFactory$7                               : loaded 2 times (x 83B)
Class com.google.common.collect.ImmutableSet$EmptySetBuilderImpl                      : loaded 2 times (x 76B)
Class com.google.common.collect.ImmutableList                                         : loaded 2 times (x 206B)
Class org.gradle.internal.service.DefaultServiceLocator                               : loaded 2 times (x 83B)
Class com.google.common.collect.ImmutableMultimap$EntryCollection                     : loaded 2 times (x 127B)
Class com.google.common.cache.LocalCache$SoftValueReference                           : loaded 2 times (x 97B)
Class com.google.common.collect.Maps$EntrySet                                         : loaded 2 times (x 136B)
Class com.google.common.cache.LocalCache$EntryFactory$8                               : loaded 2 times (x 83B)
Class com.google.common.collect.ImmutableSet$SetBuilderImpl                           : loaded 2 times (x 76B)
Class ijJvmDebugger1_2mezv50hp7pm2cagazdip430c$_run_closure1$_closure2                : loaded 2 times (x 140B)
Class org.gradle.internal.installation.CurrentGradleInstallation                      : loaded 2 times (x 73B)
Class org.objectweb.asm.Opcodes                                                       : loaded 2 times (x 70B)
Class com.google.common.cache.CacheLoader$1                                           : loaded 2 times (x 75B)
Class com.google.common.collect.ForwardingObject                                      : loaded 2 times (x 72B)
Class com.google.common.collect.ImmutableList$SubList                                 : loaded 2 times (x 208B)
Class org.gradle.util.internal.GUtil                                                  : loaded 2 times (x 71B)
Class com.google.common.io.ByteSource                                                 : loaded 2 times (x 84B)
Class com.google.common.util.concurrent.AbstractFuture$SetFuture                      : loaded 2 times (x 75B)
Class com.google.common.cache.AbstractCache$StatsCounter                              : loaded 2 times (x 70B)
Class com.google.common.io.LineBuffer                                                 : loaded 2 times (x 75B)
Class com.google.common.collect.MapMakerInternalMap$1                                 : loaded 2 times (x 83B)
Class org.objectweb.asm.Context                                                       : loaded 2 times (x 72B)
Class com.google.common.collect.Iterators$MergingIterator                             : loaded 2 times (x 81B)
Class com.google.common.collect.RegularImmutableSet                                   : loaded 2 times (x 148B)
Class org.gradle.internal.installation.GradleInstallation                             : loaded 2 times (x 75B)
Class com.google.common.collect.Iterables                                             : loaded 2 times (x 71B)
Class com.google.common.base.Splitter$Strategy                                        : loaded 2 times (x 70B)

---------------  S Y S T E M  ---------------

OS:
 Windows 11 , 64 bit Build 26100 (10.0.26100.8246)
OS uptime: 0 days 2:39 hours
Hyper-V role detected

CPU: total 12 (initial active 12) (6 cores per cpu, 2 threads per core) family 6 model 154 stepping 4 microcode 0x42c, cx8, cmov, fxsr, ht, mmx, 3dnowpref, sse, sse2, sse3, ssse3, sse4.1, sse4.2, popcnt, lzcnt, tsc, tscinvbit, avx, avx2, aes, erms, clmul, bmi1, bmi2, adx, sha, fma, vzeroupper, clflush, clflushopt, clwb, hv, serialize, rdtscp, rdpid, fsrm, f16c, cet_ibt, cet_ss
Processor Information for processor 0
  Max Mhz: 1300, Current Mhz: 1300, Mhz Limit: 1300
Processor Information for processor 1
  Max Mhz: 1300, Current Mhz: 1300, Mhz Limit: 1300
Processor Information for processor 2
  Max Mhz: 1300, Current Mhz: 1300, Mhz Limit: 1300
Processor Information for processor 3
  Max Mhz: 1300, Current Mhz: 1300, Mhz Limit: 1300
Processor Information for processor 4
  Max Mhz: 1300, Current Mhz: 900, Mhz Limit: 897
Processor Information for processor 5
  Max Mhz: 1300, Current Mhz: 900, Mhz Limit: 897
Processor Information for processor 6
  Max Mhz: 1300, Current Mhz: 900, Mhz Limit: 897
Processor Information for processor 7
  Max Mhz: 1300, Current Mhz: 900, Mhz Limit: 897
Processor Information for processor 8
  Max Mhz: 1300, Current Mhz: 900, Mhz Limit: 897
Processor Information for processor 9
  Max Mhz: 1300, Current Mhz: 900, Mhz Limit: 897
Processor Information for processor 10
  Max Mhz: 1300, Current Mhz: 900, Mhz Limit: 897
Processor Information for processor 11
  Max Mhz: 1300, Current Mhz: 900, Mhz Limit: 897

Memory: 4k page, system-wide physical 7863M (289M free)
TotalPageFile size 19111M (AvailPageFile size 154M)
current process WorkingSet (physical memory assigned to process): 939M, peak: 939M
current process commit charge ("private bytes"): 1166M, peak: 1328M

vm_info: OpenJDK 64-Bit Server VM (21.0.8+-14196175-b1038.72) for windows-amd64 JRE (21.0.8+-14196175-b1038.72), built on 2025-10-01T10:24:33Z by "builder" with MS VC++ 16.10 / 16.11 (VS2019)

END.
